연번,아파트명,소재지지번주소,소재지도로명주소,층수,동수,세대수,사용검사,데이터기준일자,address,latitude,longitude
1,동아1단지,인천광역시 부평구 부평1동 70-5,인천광역시 부평구 부평문화로 37,15,16,2475,1989-06-03,2019-09-06,인천광역시 부평구 부평1동 70-5,37.4944003,126.7182541
2,동아2단지,인천광역시 부평구 부평1동 70-125,인천광역시 부평구 부흥로 248,20,21,2130,1995-05-09,2019-09-06,인천광역시 부평구 부평1동 70-125,37.4974016,126.7182138
3,대림,인천광역시 부평구 부평1동 64-20,인천광역시 부평구 부영로 196,15,10,1470,1989-12-07,2019-09-06,인천광역시 부평구 부평1동 64-20,37.5021413,126.7176586
4,욱일,인천광역시 부평구 부평1동 65-7,인천광역시 부평구 부흥로243번길 39,15,4,780,1990-10-19,2019-09-06,인천광역시 부평구 부평1동 65-7,37.5005758,126.7169644
5,가나안미도(4차),인천광역시 부평구 부평1동 799-5,인천광역시 부평구 부평대로165번길 40,5,2,140,1986-02-28,2019-09-06,인천광역시 부평구 부평1동 799-5,37.5048679,126.7186056
6,부평일동대우,인천광역시 부평구 부평1동 65-115,인천광역시 부평구 부흥로243번길 7,22,4,308,1998-08-28,2019-09-06,인천광역시 부평구 부평1동 65-115,37.4995268,126.7182638
7,한국,인천광역시 부평구 부평1동 65-124,인천광역시 부평구 부영로166번길 12,19,2,180,1998-12-30,2019-09-06,인천광역시 부평구 부평1동 65-124,37.4995815,126.7166272
8,건우,인천광역시 부평구 부평1동 799-3,인천광역시 부평구 부평대로165번길 62,5,4,150,1985-07-08,2019-09-06,인천광역시 부평구 부평1동 799-3,37.5044006,126.7180220
9,창보,인천광역시 부평구 부평1동 70-78외3,인천광역시 부평구 부영로166번길 16,20,1,202,1999-10-30,2019-09-06,인천광역시 부평구 부평1동 70-78외3,37.4995584,126.7172239
10,두산위브,인천광역시 부평구 부평1동 534-96,인천광역시 부평구 경원대로 1346,15,4,280,2005-02-25,2019-09-06,인천광역시 부평구 부평1동 534-96,37.4906882,126.7174449
11,안암,인천광역시 부평구 부평2동 758-31,인천광역시 부평구 안남로15번길 24-10,5,3,110,1979-12-26,2019-09-06,인천광역시 부평구 부평2동 758-31,37.4856305,126.7150407
12,신성미소지움,인천광역시 부평구 부평2동 756-421,인천광역시 부평구 경인로 858,16,6,298,2005-06-16,2019-09-06,인천광역시 부평구 부평2동 756-421,37.4838635,126.7162818
13,신태양(6차),인천광역시 부평구 십정동 577-3,인천광역시 부평구 경인로759번길 5,5,2,100,1988-01-08,2019-09-06,인천광역시 부평구 십정동 577-3,37.4773364,126.7092419
14,백조,인천광역시 부평구 부평4동 438-1,인천광역시 부평구 부평대로98번길 35,11,1,50,1997-06-12,2019-09-06,인천광역시 부평구 부평4동 438-1,37.5003541,126.7244505
15,건영캐스빌(주상),인천광역시 부평구 부평4동 252-29,인천광역시 부평구 부흥로304번길 17,15,1,142,2002-06-15,2019-09-06,인천광역시 부평구 부평4동 252-29,37.4975346,126.7262559
16,신영,인천광역시 부평구 부평5동140-6,인천광역시 부평구 길주남로90번길 45,5,2,95,1983-08-12,2019-09-06,인천광역시 부평구 부평5동140-6,37.5019639,126.7316166
17,부평,인천광역시 부평구 부평5동 98-64,인천광역시 부평구 부흥북로 89,5,8,260,1981-09-10,2019-09-06,인천광역시 부평구 부평5동 98-64,37.5014692,126.7320419
18,백조,인천광역시 부평구 부평5동 466-1,인천광역시 부평구 충선로34번길 4,5,1,30,1985-06-13,2019-09-06,인천광역시 부평구 부평5동 466-1,37.4926308,126.7335552
19,삼진,인천광역시 부평구 부평5동 497-2,인천광역시 부평구 부일로 24,5,3,90,1983-09-22,2019-09-06,인천광역시 부평구 부평5동 497-2,37.4897601,126.7326951
20,부흥,인천광역시 부평구 부평5동 127-9,인천광역시 부평구 부흥로 362,5,1,32,1978-12-23,2019-09-06,인천광역시 부평구 부평5동 127-9,37.4978216,126.7321135
21,유일세라믹,인천광역시 부평구 부평6동 609-7,인천광역시 부평구 장제로27번길 18,11,1,88,1992-12-15,2019-09-06,인천광역시 부평구 부평6동 609-7,37.4882321,126.7284923
22,애지앙,인천광역시 부평구 부평6동 612-7외1,인천광역시 부평구 장제로28번길 15,15,1,75,2006-06-19,2019-09-06,인천광역시 부평구 부평6동 612-7외1,37.4881286,126.7303193
23,라일실크빌,인천광역시 부평구 부평동 632-3,인천광역시 부평구 경인로980번길 34,18,1,98,2007-12-07,2019-09-06,인천광역시 부평구 부평동 632-3,37.4865279,126.7279178
24,부평LH1단지(임대),인천광역시 부평구 부평동 937,인천광역시 부평구 동수로120번길 57,15,4,297,2012-07-13,2019-09-06,인천광역시 부평구 부평동 937,37.4847145,126.7297671
25,부평LH2단지,인천광역시 부평구 부평동 938,인천광역시 부평구 동수로120번길 43,15,12,704,2012-07-13,2019-09-06,인천광역시 부평구 부평동 938,37.4827992,126.7304886
26,진흥,인천광역시 부평구 산곡1동 38-26,인천광역시 부평구 산청로 40,6,4,234,1988-05-14,2019-09-06,인천광역시 부평구 산곡1동 38-26,37.5124838,126.7020771
27,인우,인천광역시 부평구 산곡1동 63-58,인천광역시 부평구 세월천로81번길 20,5,2,95,1984-12-26,2019-09-06,인천광역시 부평구 산곡1동 63-58,37.5137825,126.6987683
28,동남,인천광역시 부평구 산곡1동 38-36,인천광역시 부평구 산청로 32,6,2,126,1988-05-19,2019-09-06,인천광역시 부평구 산곡1동 38-36,37.5117346,126.7019269
29,삼도,인천광역시 부평구 산곡1동 30-10,인천광역시 부평구 산청로 31,5,2,85,1988-11-17,2019-09-06,인천광역시 부평구 산곡1동 30-10,37.5118015,126.7010359
30,수암,인천광역시 부평구 산곡1동 43-1,인천광역시 부평구 마장로361번길 15,5,4,170,1988-10-18,2019-09-06,인천광역시 부평구 산곡1동 43-1,37.5107555,126.7030194
31,인천(근로복지공단),인천광역시 부평구 산곡1동 70-8,인천광역시 부평구 산청로17번길 57,5,6,200,1989-07-29,2019-09-06,인천광역시 부평구 산곡1동 70-8,37.5105933,126.6976306
32,금산,인천광역시 부평구 산곡1동 82-89,인천광역시 부평구 산곡로13번길 38-9,5,3,90,1984-12-29,2019-09-06,인천광역시 부평구 산곡1동 82-89,37.5060668,126.6969124
33,동원8차(저),인천광역시 부평구 산곡1동 82-118,인천광역시 부평구 원적로287번길 38,5,3,150,1990-02-10,2019-09-06,인천광역시 부평구 산곡1동 82-118,37.5064654,126.6983376
34,동원6차 (고),인천광역시 부평구 산곡1동 82-36,인천광역시 부평구 길주로326번길 45,10,2,348,1989-05-16,2019-09-06,인천광역시 부평구 산곡1동 82-36,37.5076676,126.6983049
35,재원,인천광역시 부평구 산곡1동 180-329,인천광역시 부평구 원적로 276,5,7,210,1984-12-24,2019-09-06,인천광역시 부평구 산곡1동 180-329,37.5033042,126.6968066
36,삼보,인천광역시 부평구 산곡1동 180-116,인천광역시 부평구 원적로 288,5,4,295,1985-11-06,2019-09-06,인천광역시 부평구 산곡1동 180-116,37.5040058,126.6975469
37,거산,인천광역시 부평구 산곡1동 63-70,인천광역시 부평구 세월천로115번길 21,7,2,72,1997-08-13,2019-09-06,인천광역시 부평구 산곡1동 63-70,37.5138056,126.6977418
38,산곡현대1차,인천광역시 부평구 산곡1동 179-92,인천광역시 부평구 원적로269번길 15,25,5,384,1999-11-13,2019-09-06,인천광역시 부평구 산곡1동 179-92,37.5055025,126.6945346
39,산곡현대2차,인천광역시 부평구 산곡1동 179-69,인천광역시 부평구 원적로269번길 55-5,25,1,199,2001-11-13,2019-09-06,인천광역시 부평구 산곡1동 179-69,37.5065067,126.6927063
40,세창,인천광역시 부평구 산곡1동 65-1,인천광역시 부평구 마곡로 17,14,1,99,2005-08-10,2019-09-06,인천광역시 부평구 산곡1동 65-1,37.5119637,126.6995070
41,신명스카이뷰,인천광역시 부평구 산곡1동 506,인천광역시 부평구 원적로 270,15,4,191,2007-05-10,2019-09-06,인천광역시 부평구 산곡1동 506,37.5043420,126.6961262
42,경남3차,인천광역시 부평구 산곡2동 145,인천광역시 부평구 마장로272번길 76,15,14,916,1992-11-21,2019-09-06,인천광역시 부평구 산곡2동 145,37.5031011,126.7079310
43,뉴서울2차,인천광역시 부평구 산곡2동 264-1,인천광역시 부평구 부흥로123번길 36,17,4,498,1991-07-27,2019-09-06,인천광역시 부평구 산곡2동 264-1,37.4994610,126.7063381
44,뉴서울1차,인천광역시 부평구 산곡2동 255-1,인천광역시 부평구 마장로264번길 33,18,6,565,1991-01-29,2019-09-06,인천광역시 부평구 산곡2동 255-1,37.5018264,126.7051732
45,무지개,인천광역시 부평구 산곡2동 191-3,인천광역시 부평구 마장로264번길 14,15,2,330,1991-01-19,2019-09-06,인천광역시 부평구 산곡2동 191-3,37.5010504,126.7035869
46,한양2단지,인천광역시 부평구 산곡2동 182,인천광역시 부평구 마장로 287,5,21,720,1985-05-09,2019-09-06,인천광역시 부평구 산곡2동 182,37.5036155,126.7012534
47,대운,인천광역시 부평구 산곡2동 120-8,인천광역시 부평구 마장로324번길 27-8,5,4,90,1985-05-31,2019-09-06,인천광역시 부평구 산곡2동 120-8,37.5073159,126.7054567
48,한양7차,인천광역시 부평구 산곡2동 155-1,인천광역시 부평구 안남로 231,20,2,320,1992-08-28,2019-09-06,인천광역시 부평구 산곡2동 155-1,37.5037855,126.7073584
49,경남5차,인천광역시 부평구 산곡2동 261-8,인천광역시 부평구 마장로264번길 66,20,3,308,1992-09-28,2019-09-06,인천광역시 부평구 산곡2동 261-8,37.5007488,126.7060961
50,산곡한양8차,인천광역시 부평구 산곡2동 185-17,인천광역시 부평구 마장로272번길 20,17,2,208,1993-09-25,2019-09-06,인천광역시 부평구 산곡2동 185-17,37.5019297,126.7036590
51,한화1차,인천광역시 부평구 산곡2동 124-23,인천광역시 부평구 원적로 361,20,10,744,1997-03-11,2019-09-06,인천광역시 부평구 산곡2동 124-23,37.5053038,126.7063724
51,한화1차,인천광역시 부평구 산곡2동 124-23,인천광역시 부평구 원적로 361,20,10,744,1997-03-11,2019-09-06,인천광역시 부평구 산곡2동 124-23,37.5053038,126.7063724
52,한화2차,인천광역시 부평구 산곡2동 124-23,인천광역시 부평구 원적로 361,20,19,1280,1999-12-02,2019-09-06,인천광역시 부평구 산곡2동 124-23,37.5053038,126.7063724
52,한화2차,인천광역시 부평구 산곡2동 124-23,인천광역시 부평구 원적로 361,20,19,1280,1999-12-02,2019-09-06,인천광역시 부평구 산곡2동 124-23,37.5053038,126.7063724
53,우성5차,인천광역시 부평구 산곡2동 251-2,인천광역시 부평구 부흥로111번길 36,22,3,299,1996-12-19,2019-09-06,인천광역시 부평구 산곡2동 251-2,37.4999746,126.7047418
54,한신휴,인천광역시 부평구 산곡2동 222,인천광역시 부평구 마장로220번길 13,25,5,703,2003-01-25,2019-09-06,인천광역시 부평구 산곡2동 222,37.4986965,126.7033051
55,프리상뜨,인천광역시 부평구 산곡2동 233-26,인천광역시 부평구 마장로220번길 65,23,3,335,2004-09-30,2019-09-06,인천광역시 부평구 산곡2동 233-26,37.4981025,126.7066186
56,금호이수마운트밸리,인천광역시 부평구 산곡2동 507,인천광역시 부평구 원적로 344,21,22,1365,2007-11-23,2019-09-06,인천광역시 부평구 산곡2동 507,37.5032755,126.7046959
57,산곡푸르지오,인천광역시 부평구 산곡2동 510,인천광역시 부평구 안남로 269,20,8,765,2011-10-25,2019-09-06,인천광역시 부평구 산곡2동 510,37.5072658,126.7071264
58,산곡현대1단지,인천광역시 부평구 산곡3동 307,인천광역시 부평구 경원대로 1269,15,23,2204,1985-09-30,2019-09-06,인천광역시 부평구 산곡3동 307,37.4899939,126.7067841
59,산곡현대2단지,인천광역시 부평구 산곡3동 311-126,인천광역시 부평구 안남로 91,15,13,1496,1987-05-20,2019-09-06,인천광역시 부평구 산곡3동 311-126,37.4927467,126.7083174
60,산곡현대3단지,인천광역시 부평구 산곡3동 37-4,인천광역시 부평구 마장로 121,15,14,1200,1989-09-25,2019-09-06,인천광역시 부평구 산곡3동 37-4,37.4898476,126.7043253
61,우성4차,인천광역시 부평구 산곡3동 306-3,인천광역시 부평구 안남로123번길 46,15,5,494,1991-01-19,2019-09-06,인천광역시 부평구 산곡3동 306-3,37.4952501,126.7079919
62,현대14차,인천광역시 부평구 산곡3동 311-76,인천광역시 부평구 마장로143번길 17-1,15,1,95,1991-08-31,2019-09-06,인천광역시 부평구 산곡3동 311-76,37.4944502,126.7064732
63,청하,인천광역시 부평구 산곡3동 370-129,인천광역시 부평구 화랑로47번길 60-5,6,1,84,1990-03-24,2019-09-06,인천광역시 부평구 산곡3동 370-129,37.4895086,126.7020903
64,선포,인천광역시 부평구 산곡3동 369-192,인천광역시 부평구 화랑로105번길 22,13,1,49,2002-01-09,2019-09-06,인천광역시 부평구 산곡3동 369-192,37.4917852,126.7021081
65,경남2차,인천광역시 부평구 산곡4동 274,인천광역시 부평구 안남로222번길 30,15,8,690,1991-07-12,2019-09-06,인천광역시 부평구 산곡4동 274,37.5018869,126.7098006
66,"우성1,2,3차",인천광역시 부평구 산곡4동 294-35(293),인천광역시 부평구 부영로 165,15,16,1980,1989-08-28,2019-09-06,인천광역시 부평구 산곡4동 294-35(293),37.5026829,126.7156826
67,부성,인천광역시 부평구 산곡4동 135-4,인천광역시 부평구 원적로 442,5,2,120,1985-03-18,2019-09-06,인천광역시 부평구 산곡4동 135-4,37.5029470,126.7148984
68,한신,인천광역시 부평구 산곡4동 137-3,인천광역시 부평구 원적로416번길 20,14,4,542,1986-10-30,2019-09-06,인천광역시 부평구 산곡4동 137-3,37.5029874,126.7120611
69,경남1차,인천광역시 부평구 산곡4동 142-3,인천광역시 부평구 안남로222번길 27,15,7,810,1990-12-19,2019-09-06,인천광역시 부평구 산곡4동 142-3,37.5031802,126.7102347
70,현대5차,인천광역시 부평구 산곡4동 124-1,인천광역시 부평구 안남로 260,19,9,1161,1993-11-20,2019-09-06,인천광역시 부평구 산곡4동 124-1,37.5056202,126.7105329
71,경남4차,인천광역시 부평구 산곡4동 274-5,인천광역시 부평구 안남로206번길 18,20,11,776,1994-05-25,2019-09-06,인천광역시 부평구 산곡4동 274-5,37.5006239,126.7094539
72,영남,인천광역시 부평구 청천1동 48-347,인천광역시 부평구 청중로 16,5,2,70,1986-05-17,2019-09-06,인천광역시 부평구 청천1동 48-347,37.5163972,126.6992341
73,인성,인천광역시 부평구 청천1동 산15-1,인천광역시 부평구 청중로 15-6,5,2,80,1985-01-29,2019-09-06,인천광역시 부평구 청천1동 산15-1,37.5171353,126.6986622
74,청천,인천광역시 부평구 청천1동 16-8외4,인천광역시 부평구 청중로51번길 3,5,5,130,1978-11-24,2019-09-06,인천광역시 부평구 청천1동 16-8외4,37.5179689,126.7033450
75,인향,인천광역시 부평구 청천1동 377-9,인천광역시 부평구 청안로 8,19,2,266,1994-01-10,2019-09-06,인천광역시 부평구 청천1동 377-9,37.5215048,126.6954981
76,우림필유,인천광역시 부평구 청천1동 192외 4,인천광역시 부평구 세월천로25번길 43,24,2,209,2005-09-27,2019-09-06,인천광역시 부평구 청천1동 192외 4,37.5138474,126.7037168
77,미도6차,인천광역시 부평구 청천2동 236-5,인천광역시 부평구 길주로494번길 50,6,3,222,1985-02-02,2019-09-06,인천광역시 부평구 청천2동 236-5,37.5053315,126.7162860
78,대진,인천광역시 부평구 청천2동 236,인천광역시 부평구 원길로 12,5,6,340,1985-05-25,2019-09-06,인천광역시 부평구 청천2동 236,37.5050728,126.7152429
79,삼익,인천광역시 부평구 청천2동 300,인천광역시 부평구 부평대로167번길 43,15,2,375,1986-11-20,2019-09-06,인천광역시 부평구 청천2동 300,37.5057552,126.7175951
80,쌍용,인천광역시 부평구 청천2동 259,인천광역시 부평구 길주로494번길 12,15,4,510,1990-09-22,2019-09-06,인천광역시 부평구 청천2동 259,37.5072092,126.7159263
81,미도7차,인천광역시 부평구 청천2동 259-5,인천광역시 부평구 원길로24번길 5,6,4,384,1989-02-27,2019-09-06,인천광역시 부평구 청천2동 259-5,37.5062480,126.7157187
82,현광,인천광역시 부평구 청천2동 300-1,인천광역시 부평구 부평대로167번길 41,6,1,48,1994-05-26,2019-09-06,인천광역시 부평구 청천2동 300-1,37.5059245,126.7184042
83,무지개,인천광역시 부평구 청천2동 390-5,인천광역시 부평구 부평북로 123,20,2,220,1993-03-26,2019-09-06,인천광역시 부평구 청천2동 390-5,37.5230477,126.7064132
84,동양,인천광역시 부평구 청천2동 397,인천광역시 부평구 안남로417번길 35,5,6,200,1982-12-16,2019-09-06,인천광역시 부평구 청천2동 397,37.5199922,126.7081616
85,영진,인천광역시 부평구 청천2동 5-5,인천광역시 부평구 청중로 81,16,1,196,1995-07-07,2019-09-06,인천광역시 부평구 청천2동 5-5,37.5176767,126.7067407
86,광명,인천광역시 부평구 청천2동 399-6,인천광역시 부평구 평천로153번길 13,19,4,418,1995-10-24,2019-09-06,인천광역시 부평구 청천2동 399-6,37.5192444,126.7091706
87,금호타운,인천광역시 부평구 청천2동 200,인천광역시 부평구 안남로 272,25,24,2539,1998-02-26,2019-09-06,인천광역시 부평구 청천2동 200,37.5068761,126.7130642
88,청천푸르지오,인천광역시 부평구 청천2동 176,인천광역시 부평구 세월천로 16,25,23,2257,1998-06-20,2019-09-06,인천광역시 부평구 청천2동 176,37.5142829,126.7080492
89,미가로,인천광역시 부평구 청천2동 199-24,인천광역시 부평구 길주로 491,15,2,170,2006-11-15,2019-09-06,인천광역시 부평구 청천2동 199-24,37.5083224,126.7172652
90,정광,인천광역시 부평구 갈산1동 171-5,인천광역시 부평구 평천로306번길 27,6,5,311,1990-04-07,2019-09-06,인천광역시 부평구 갈산1동 171-5,37.5157106,126.7250773
91,태화,인천광역시 부평구 갈산1동 416,인천광역시 부평구 부평북로 313,19,5,410,1994-09-08,2019-09-06,인천광역시 부평구 갈산1동 416,37.5232364,126.7285646
92,백조,인천광역시 부평구 갈산1동 181-11,인천광역시 부평구 부평대로 268,5,3,85,1986-11-25,2019-09-06,인천광역시 부평구 갈산1동 181-11,37.5154312,126.7219453
93,갈산,인천광역시 부평구 갈산1동 183-1,인천광역시 부평구 굴포로5번길 28,5,4,90,1986-12-24,2019-09-06,인천광역시 부평구 갈산1동 183-1,37.5132881,126.7224135
94,한국,인천광역시 부평구 갈산1동 179-1,인천광역시 부평구 부평대로278번길 42,21,5,520,1998-11-18,2019-09-06,인천광역시 부평구 갈산1동 179-1,37.5147458,126.7240278
95,이안(대우),인천광역시 부평구 갈산1동 159,인천광역시 부평구 평천로305번길 15,21,5,414,2001-11-23,2019-09-06,인천광역시 부평구 갈산1동 159,37.5175801,126.7231494
96,대성유니드,인천광역시 부평구 갈산1동 454,인천광역시 부평구 새갈로 57,24,5,247,2007-04-10,2019-09-06,인천광역시 부평구 갈산1동 454,37.5221563,126.7306574
97,태화,인천광역시 부평구 갈산2동 363,인천광역시 부평구 갈월서로 46,13,6,390,1992-06-20,2019-09-06,인천광역시 부평구 갈산2동 363,37.5111150,126.7245718
98,아주,인천광역시 부평구 갈산2동 374,인천광역시 부평구 갈월서로 26,17,4,340,1992-09-24,2019-09-06,인천광역시 부평구 갈산2동 374,37.5098875,126.7237550
99,하나,인천광역시 부평구 갈산2동 362,인천광역시 부평구 갈월서로 45,18,5,526,1992-11-05,2019-09-06,인천광역시 부평구 갈산2동 362,37.5106744,126.7225127
99,하나,인천광역시 부평구 갈산2동 362,인천광역시 부평구 갈월서로 45,18,5,526,1992-11-05,2019-09-06,인천광역시 부평구 갈산2동 362,37.5106744,126.7225127
100,동남,인천광역시 부평구 갈산2동 362,인천광역시 부평구 갈월서로 27,13,2,278,1992-09-16,2019-09-06,인천광역시 부평구 갈산2동 362,37.5106744,126.7225127
100,동남,인천광역시 부평구 갈산2동 362,인천광역시 부평구 갈월서로 27,13,2,278,1992-09-16,2019-09-06,인천광역시 부평구 갈산2동 362,37.5106744,126.7225127
101,두산,인천광역시 부평구 갈산2동 368,인천광역시 부평구 갈월동로 45,15,7,574,1992-11-29,2019-09-06,인천광역시 부평구 갈산2동 368,37.5109852,126.7277602
102,한국,인천광역시 부평구 갈산2동 369,인천광역시 부평구 갈월동로 40,18,2,280,1993-05-22,2019-09-06,인천광역시 부평구 갈산2동 369,37.5108469,126.7302089
102,한국,인천광역시 부평구 갈산2동 369,인천광역시 부평구 갈월동로 40,18,2,280,1993-05-22,2019-09-06,인천광역시 부평구 갈산2동 369,37.5108469,126.7302089
102,한국,인천광역시 부평구 갈산2동 369,인천광역시 부평구 갈월동로 40,18,2,280,1993-05-22,2019-09-06,인천광역시 부평구 갈산2동 369,37.5108469,126.7302089
103,동아,인천광역시 부평구 갈산2동 369,인천광역시 부평구 갈월동로 42,18,2,280,1993-06-02,2019-09-06,인천광역시 부평구 갈산2동 369,37.5108469,126.7302089
103,동아,인천광역시 부평구 갈산2동 369,인천광역시 부평구 갈월동로 42,18,2,280,1993-06-02,2019-09-06,인천광역시 부평구 갈산2동 369,37.5108469,126.7302089
103,동아,인천광역시 부평구 갈산2동 369,인천광역시 부평구 갈월동로 42,18,2,280,1993-06-02,2019-09-06,인천광역시 부평구 갈산2동 369,37.5108469,126.7302089
104,팬더,인천광역시 부평구 갈산2동 369,인천광역시 부평구 갈월동로 34,18,2,280,1993-05-12,2019-09-06,인천광역시 부평구 갈산2동 369,37.5108469,126.7302089
104,팬더,인천광역시 부평구 갈산2동 369,인천광역시 부평구 갈월동로 34,18,2,280,1993-05-12,2019-09-06,인천광역시 부평구 갈산2동 369,37.5108469,126.7302089
104,팬더,인천광역시 부평구 갈산2동 369,인천광역시 부평구 갈월동로 34,18,2,280,1993-05-12,2019-09-06,인천광역시 부평구 갈산2동 369,37.5108469,126.7302089
105,갈산주공1단지(근로복지),인천광역시 부평구 갈산2동 359,인천광역시 부평구 굴포로 81,15,9,1650,1992-06-29,2019-09-06,인천광역시 부평구 갈산2동 359,37.5129519,126.7305748
106,갈산주공2단지(임대),인천광역시 부평구 갈산2동 360,인천광역시 부평구 주부토로 206,15,5,1170,1992-05-30,2019-09-06,인천광역시 부평구 갈산2동 360,37.5133740,126.7273838
107,대동1차,인천광역시 부평구 갈산2동 361-4,인천광역시 부평구 주부토로 193,15,5,420,1992-11-27,2019-09-06,인천광역시 부평구 갈산2동 361-4,37.5123558,126.7245250
108,대동2차,인천광역시 부평구 갈산2동 361-3,인천광역시 부평구 주부토로 201,18,4,623,1993-05-07,2019-09-06,인천광역시 부평구 갈산2동 361-3,37.5131399,126.7247207
109,삼성홈타운(호림재건축),인천광역시 부평구 갈산동 182-1,인천광역시 부평구 부평대로246번길 7,19,1,125,2011-07-01,2019-09-06,인천광역시 부평구 갈산동 182-1,37.5137170,126.7216835
110,동남,인천광역시 부평구 삼산1동 206-2,인천광역시 부평구 후정동로25번길 3-10,6,2,138,1989-12-07,2019-09-06,인천광역시 부평구 삼산1동 206-2,37.5196526,126.7365959
111,정광,인천광역시 부평구 삼산1동 205,인천광역시 부평구 후정동로 17,6,3,240,1989-05-16,2019-09-06,인천광역시 부평구 삼산1동 205,37.5191216,126.7373128
112,한국,인천광역시 부평구 삼산1동 254,인천광역시 부평구 평천로 395,6,3,174,1990-08-07,2019-09-06,인천광역시 부평구 삼산1동 254,37.5180540,126.7345004
113,주공(임대),인천광역시 부평구 삼산1동 157,인천광역시 부평구 평천로 447,15,6,1764,1991-08-26,2019-09-06,인천광역시 부평구 삼산1동 157,37.5178560,126.7401198
114,삼보,인천광역시 부평구 삼산1동 57,인천광역시 부평구 후정동로 43,15,3,630,1990-11-23,2019-09-06,인천광역시 부평구 삼산1동 57,37.5213519,126.7373690
115,부영,인천광역시 부평구 삼산1동 74-2,인천광역시 부평구 후정로 35,5,6,280,1984-08-30,2019-09-06,인천광역시 부평구 삼산1동 74-2,37.5205483,126.7368162
116,대보,인천광역시 부평구 삼산1동 191,인천광역시 부평구 후정동로 5,5,9,340,1985-05-03,2019-09-06,인천광역시 부평구 삼산1동 191,37.5180915,126.7368310
117,광명12차,인천광역시 부평구 삼산1동 359,인천광역시 부평구 후정동로 63,6,6,456,1990-07-02,2019-09-06,인천광역시 부평구 삼산1동 359,37.5232880,126.7372057
118,광명13차,인천광역시 부평구 삼산1동 359-2,인천광역시 부평구 후정동로 68,6,3,168,1990-10-30,2019-09-06,인천광역시 부평구 삼산1동 359-2,37.5233291,126.7388061
119,현대,인천광역시 부평구 삼산1동 40-1,인천광역시 부평구 부평북로 407,25,2,330,1995-05-17,2019-09-06,인천광역시 부평구 삼산1동 40-1,37.5229266,126.7394340
120,삼산주공미래타운5,인천광역시 부평구 삼산1동 393-4,인천광역시 부평구 영성중로 16,20,9,620,2000-05-06,2019-09-06,인천광역시 부평구 삼산1동 393-4,37.5176116,126.7453668
121,삼산주공미래타운1,인천광역시 부평구 삼산1동 387-2,인천광역시 부평구 부평북로 431,20,7,608,2000-06-07,2019-09-06,인천광역시 부평구 삼산1동 387-2,37.5228167,126.7418804
122,삼산주공미래타운3,인천광역시 부평구 삼산1동 390-6,인천광역시 부평구 부평북로 463,22,12,946,2000-07-06,2019-09-06,인천광역시 부평구 삼산1동 390-6,37.5227464,126.7453224
123,삼산주공미래타운2,인천광역시 부평구 삼산1동 388-7,인천광역시 부평구 부평북로 432,20,6,684,2000-08-12,2019-09-06,인천광역시 부평구 삼산1동 388-7,37.5209730,126.7416438
124,삼산주공미래타운4,인천광역시 부평구 삼산1동 389-8,인천광역시 부평구 영성중로 57,22,10,968,2000-09-30,2019-09-06,인천광역시 부평구 삼산1동 389-8,37.5208277,126.7440780
125,벽산블루밍,인천광역시 부평구 삼산1동 170-1외2,인천광역시 부평구 후정동로 12,15,6,412,2005-12-22,2019-09-06,인천광역시 부평구 삼산1동 170-1외2,37.5184960,126.7384670
126,삼산엠코타운,인천광역시 부평구 삼산1동 494,인천광역시 부평구 후정로 7,21,9,708,2007-08-14,2019-09-06,인천광역시 부평구 삼산1동 494,37.5212248,126.7341486
127,임광그대가,인천광역시 부평구 삼산1동 500,인천광역시 부평구 영성서로 10,15,9,393,2008-11-28,2019-09-06,인천광역시 부평구 삼산1동 500,37.5189592,126.7438480
128,삼산3휴먼시아,인천광역시 부평구 삼산1동 512,인천광역시 부평구 영성동로18번길 19,15,12,870,2010-06-22,2019-09-06,인천광역시 부평구 삼산1동 512,37.5191963,126.7480895
129,서해그랑블,인천광역시 부평구 삼산1동 513,인천광역시 부평구 영성동로18번길 20,31,4,454,2011-07-21,2019-09-06,인천광역시 부평구 삼산1동 513,37.5175812,126.7479429
130,삼산타운1(임대),인천광역시 부평구 삼산2동 440-1,인천광역시 부평구 굴포로 105,22,20,1873,2005-06-08,2019-09-06,인천광역시 부평구 삼산2동 440-1,37.5129885,126.7336283
131,삼산타운2,인천광역시 부평구 삼산2동 445-5,인천광역시 부평구 수변로 333,22,22,1622,2005-10-21,2019-09-06,인천광역시 부평구 삼산2동 445-5,37.5152959,126.7373189
132,삼산신성미소지움,인천광역시 부평구 삼산2동 448-1,인천광역시 부평구 수변로 334,25,14,1030,2005-05-03,2019-09-06,인천광역시 부평구 삼산2동 448-1,37.5156903,126.7411061
133,삼산타운4(임대),인천광역시 부평구 삼산2동 456-8,인천광역시 부평구 체육관로 111,15,15,1696,2004-07-14,2019-09-06,인천광역시 부평구 삼산2동 456-8,37.5112521,126.7425217
134,서해그랑블,인천광역시 부평구 삼산2동 454-4,인천광역시 부평구 굴포로 158,22,12,822,2004-08-02,2019-09-06,인천광역시 부평구 삼산2동 454-4,37.5109857,126.7393084
135,삼산타운6,인천광역시 부평구 삼산2동 454-13,인천광역시 부평구 체육관로 57,20,10,784,2004-08-04,2019-09-06,인천광역시 부평구 삼산2동 454-13,37.5093071,126.7380249
136,삼산타운7,인천광역시 부평구 삼산2동 453-1,인천광역시 부평구 체육관로 27,22,15,1314,2004-08-17,2019-09-06,인천광역시 부평구 삼산2동 453-1,37.5096898,126.7344299
137,동원,인천광역시 부평구 부개1동 446,인천광역시 부평구 동수로128번길 26,6,4,192,1991-02-28,2019-09-06,인천광역시 부평구 부개1동 446,37.4839484,126.7336520
138,성업,인천광역시 부평구 부개1동 260-10,인천광역시 부평구 경인로1046번길 12,5,2,80,1985-05-09,2019-09-06,인천광역시 부평구 부개1동 260-10,37.4859371,126.7359473
139,광일,인천광역시 부평구 부개1동 402,인천광역시 부평구 마분로 39,5,1,55,1985-01-15,2019-09-06,인천광역시 부평구 부개1동 402,37.4824650,126.7382352
140,한국,인천광역시 부평구 부개1동 442-3,인천광역시 부평구 동수로120번길 11,18,5,580,1992-07-13,2019-09-06,인천광역시 부평구 부개1동 442-3,37.4839798,126.7319352
141,현대직장조합,인천광역시 부평구 부개1동 308-5,인천광역시 부평구 경인로1083번길 32,15,2,184,1993-05-20,2019-09-06,인천광역시 부평구 부개1동 308-5,37.4875882,126.7413245
142,한일,인천광역시 부평구 부개1동 380,인천광역시 부평구 항동로45번길 53-17,5,4,110,1984-03-13,2019-09-06,인천광역시 부평구 부개1동 380,37.4841580,126.7403325
143,그린힐(주상복합),인천광역시 부평구 부개1동 270,인천광역시 부평구 경인로 1038,19,1,64,2002-08-01,2019-09-06,인천광역시 부평구 부개1동 270,37.4865822,126.7352333
144,백영,인천광역시 부평구 부개2동 120-46,인천광역시 부평구 수변로 115,22,1,128,1999-02-26,2019-09-06,인천광역시 부평구 부개2동 120-46,37.4965314,126.7415423
145,태산,인천광역시 부평구 부개2동 120-387,인천광역시 부평구 부평문화로 212-1,5,3,110,1986-12-06,2019-09-06,인천광역시 부평구 부개2동 120-387,37.4926951,126.7392641
146,한양,인천광역시 부평구 부개2동 131-3,인천광역시 부평구 충선로 57,5,2,44,1982-12-27,2019-09-06,인천광역시 부평구 부개2동 131-3,37.4943284,126.7351838
147,신삼호,인천광역시 부평구 부개2동 105-5,인천광역시 부평구 부평문화로153번길 6,5,2,40,1981-07-02,2019-09-06,인천광역시 부평구 부개2동 105-5,37.4942124,126.7340327
148,삼이,인천광역시 부평구 부개2동 90-1,인천광역시 부평구 충선로 85,5,2,50,1983-05-03,2019-09-06,인천광역시 부평구 부개2동 90-1,37.4968331,126.7352979
149,영림,인천광역시 부평구 부개2동 16-61,인천광역시 부평구 장제로160번길 69,5,1,30,1982-12-29,2019-09-06,인천광역시 부평구 부개2동 16-61,,
150,대림,인천광역시 부평구 부개2동 87-1,인천광역시 부평구 동수천로 133-1,5,1,30,1979-04-19,2019-09-06,인천광역시 부평구 부개2동 87-1,37.4975245,126.7365924
151,성일,인천광역시 부평구 부개2동 494,인천광역시 부평구 수변로52번길 6,13,3,415,1990-11-23,2019-09-06,인천광역시 부평구 부개2동 494,37.4906592,126.7413931
152,대동,인천광역시 부평구 부개2동 494-1,인천광역시 부평구 부일로113번길 11,15,6,688,1991-06-08,2019-09-06,인천광역시 부평구 부개2동 494-1,37.4895048,126.7413184
153,동산,인천광역시 부평구 부개2동 120-347,인천광역시 부평구 수변로107번길 39,5,2,35,1984-07-23,2019-09-06,인천광역시 부평구 부개2동 120-347,37.4944136,126.7411851
154,부개주공7단지,인천광역시 부평구 부개2동 502-8,인천광역시 부평구 동수천로 118,25,13,957,1998-06-01,2019-09-06,인천광역시 부평구 부개2동 502-8,37.4959557,126.7385227
155,리노빌,인천광역시 부평구 부개2동 296-2,인천광역시 부평구 수변로9번길 10,13,1,103,2003-09-01,2019-09-06,인천광역시 부평구 부개2동 296-2,,
156,부개푸르지오,인천광역시 부평구 부개2동 120-342,인천광역시 부평구 부일로 69,26,12,1054,2010-01-28,2019-09-06,인천광역시 부평구 부개2동 120-342,37.4908082,126.7360255
157,비둘기,인천광역시 부평구 부개3동 65-1,인천광역시 부평구 부흥로385번길 30,5,2,70,1982-12-28,2019-09-06,인천광역시 부평구 부개3동 65-1,37.4994537,126.7354959
158,진양,인천광역시 부평구 부개3동 14-2,인천광역시 부평구 부흥북로107번길 30,6,2,96,1989-11-21,2019-09-06,인천광역시 부평구 부개3동 14-2,37.5023637,126.7345522
159,동아,인천광역시 부평구 부개3동 477-5,인천광역시 부평구 길주남로113번길 12,6,5,384,1988-10-15,2019-09-06,인천광역시 부평구 부개3동 477-5,37.5051963,126.7347756
160,오성,인천광역시 부평구 부개3동 13-3,인천광역시 부평구 충선로 160,5,5,165,1984-08-21,2019-09-06,인천광역시 부평구 부개3동 13-3,37.5036204,126.7367106
161,대동,인천광역시 부평구 부개2동 477-1,인천광역시 부평구 길주로 640,6,3,252,1988-10-29,2019-09-06,인천광역시 부평구 부개2동 477-1,,
162,대동,인천광역시 부평구 부개3동 477-6,인천광역시 부평구 길주로 640,6,5,456,1989-04-27,2019-09-06,인천광역시 부평구 부개3동 477-6,37.5052722,126.7337358
163,뉴서울,인천광역시 부평구 부개3동 477-3,인천광역시 부평구 충선로 191,15,4,1140,1989-12-27,2019-09-06,인천광역시 부평구 부개3동 477-3,37.5061116,126.7359523
164,대진,인천광역시 부평구 부개3동 477-2,인천광역시 부평구 길주로 654,6,3,258,1988-11-29,2019-09-06,인천광역시 부평구 부개3동 477-2,37.5061728,126.7348725
165,욱일,인천광역시 부평구 부개3동 477,인천광역시 부평구 장제로 234,6,6,468,1988-11-29,2019-09-06,인천광역시 부평구 부개3동 477,37.5063123,126.7323414
166,부개주공1단지,인천광역시 부평구 부개3동 496-2,인천광역시 부평구 길주남로 143,20,11,1044,1996-11-05,2019-09-06,인천광역시 부평구 부개3동 496-2,37.5053165,126.7380783
166,부개주공1단지,인천광역시 부평구 부개3동 496-2,인천광역시 부평구 길주남로 143,20,11,1044,1996-11-05,2019-09-06,인천광역시 부평구 부개3동 496-2,37.5053165,126.7380783
167,부개주공2단지(임대),인천광역시 부평구 부개3동 496-2,인천광역시 부평구 길주남로 143,15,4,446,1996-09-11,2019-09-06,인천광역시 부평구 부개3동 496-2,37.5053165,126.7380783
167,부개주공2단지(임대),인천광역시 부평구 부개3동 496-2,인천광역시 부평구 길주남로 143,15,4,446,1996-09-11,2019-09-06,인천광역시 부평구 부개3동 496-2,37.5053165,126.7380783
168,부개주공5단지,인천광역시 부평구 부개3동 500-1,인천광역시 부평구 부개로 11,25,10,960,1998-06-16,2019-09-06,인천광역시 부평구 부개3동 500-1,37.4993558,126.7383334
168,부개주공5단지,인천광역시 부평구 부개3동 500-1,인천광역시 부평구 부개로 11,25,10,960,1998-06-16,2019-09-06,인천광역시 부평구 부개3동 500-1,37.4993558,126.7383334
169,부개주공5단지(임대),인천광역시 부평구 부개3동 500-1,인천광역시 부평구 부개로 11,20,3,357,1998-06-16,2019-09-06,인천광역시 부평구 부개3동 500-1,37.4993558,126.7383334
169,부개주공5단지(임대),인천광역시 부평구 부개3동 500-1,인천광역시 부평구 부개로 11,20,3,357,1998-06-16,2019-09-06,인천광역시 부평구 부개3동 500-1,37.4993558,126.7383334
170,부개주공3단지,인천광역시 부평구 부개3동 498-5,인천광역시 부평구 길주남로 144,20,19,1724,1996-08-04,2019-09-06,인천광역시 부평구 부개3동 498-5,37.5021492,126.7384237
171,부개주공6단지,인천광역시 부평구 부개3동 501-1,인천광역시 부평구 부개로 12,25,14,1240,1997-10-12,2019-09-06,인천광역시 부평구 부개3동 501-1,37.4994070,126.7413056
172,보람,인천광역시 부평구 부개3동 497-1,인천광역시 부평구 길주남로 175,20,8,576,1998-07-31,2019-09-06,인천광역시 부평구 부개3동 497-1,37.5048678,126.7410379
173,삼부한신,인천광역시 부평구 부개3동 499-2,인천광역시 부평구 부개로 58,22,12,1020,1999-06-29,2019-09-06,인천광역시 부평구 부개3동 499-2,37.5022065,126.7410581
174,풍림,인천광역시 부평구 일신동 409,인천광역시 부평구 일신로14번길 23,24,10,750,1995-11-03,2019-09-06,인천광역시 부평구 일신동 409,37.4829218,126.7440926
175,일신주공,인천광역시 부평구 일신동 410,인천광역시 부평구 항동로75번길 11,20,12,967,1995-12-09,2019-09-06,인천광역시 부평구 일신동 410,37.4821684,126.7427264
176,자이,인천광역시 부평구 구산동 360,인천광역시 부평구 일신로 120,17,9,719,2006-09-27,2019-09-06,인천광역시 부평구 구산동 360,37.4769887,126.7494272
177,백영,인천광역시 부평구 십정1동 216,인천광역시 부평구 경원대로1090번길 10,22,1,206,1997-05-06,2019-09-06,인천광역시 부평구 십정1동 216,37.4783935,126.6956171
178,정원,인천광역시 부평구 십정1동 188-2,인천광역시 부평구 상정로 19,5,3,138,1987-10-26,2019-09-06,인천광역시 부평구 십정1동 188-2,37.4804055,126.7013277
179,한국,인천광역시 부평구 십정1동 186-7,인천광역시 부평구 이규보로95번길 24,18,3,194,1998-01-06,2019-09-06,인천광역시 부평구 십정1동 186-7,37.4809977,126.7028679
180,동보,인천광역시 부평구 십정1동 187-22,인천광역시 부평구 상정로 11,22,1,207,1998-07-22,2019-09-06,인천광역시 부평구 십정1동 187-22,37.4812110,126.7019567
181,십정주공(임대),인천광역시 부평구 십정1동 608-4,인천광역시 부평구 이규보로 79,24,12,920,2005-07-20,2019-09-06,인천광역시 부평구 십정1동 608-4,37.4797604,126.7025711
182,십정금호어울림,인천광역시 부평구 십정1동 609,인천광역시 부평구 경원대로1110번길 20,21,6,290,2008-06-19,2019-09-06,인천광역시 부평구 십정1동 609,37.4789226,126.6971087
183,시민,인천광역시 부평구 십정2동 306-1,인천광역시 부평구 배곶로 42,5,2,40,1984-11-09,2019-09-06,인천광역시 부평구 십정2동 306-1,37.4719492,126.6973400
184,수정,인천광역시 부평구 십정2동 390-16,인천광역시 부평구 하정로 21,5,1,30,1985-08-26,2019-09-06,인천광역시 부평구 십정2동 390-16,37.4744106,126.7026227
185,약산,인천광역시 부평구 십정2동 582,인천광역시 부평구 동암산로 33,5,1,60,1986-01-22,2019-09-06,인천광역시 부평구 십정2동 582,37.4740873,126.7081586
186,삼용,인천광역시 부평구 십정2동 424,인천광역시 부평구 배곶로20번길 13,5,1,45,1986-11-05,2019-09-06,인천광역시 부평구 십정2동 424,37.4711169,126.6988763
187,광명,인천광역시 부평구 십정2동 432,인천광역시 부평구 하정로15번길 50,5,2,100,1987-12-24,2019-09-06,인천광역시 부평구 십정2동 432,37.4768045,126.7020191
188,삼미,인천광역시 부평구 십정2동 587-6,인천광역시 부평구 동암산로37번길 13,5,1,40,1988-02-20,2019-09-06,인천광역시 부평구 십정2동 587-6,37.4735807,126.7072526
189,동암신동아,인천광역시 부평구 십정2동 607,인천광역시 부평구 아트센터로 118,24,17,1690,2000-09-09,2019-09-06,인천광역시 부평구 십정2동 607,37.4772879,126.7044380
190,대주파크빌,인천광역시 부평구 십정2동 182-95,인천광역시 부평구 마장로 49,21,2,312,2001-11-24,2019-09-06,인천광역시 부평구 십정2동 182-95,,
191,천일,인천광역시 부평구 십정2동 326-13,인천광역시 부평구 백범로540번길 41,9,1,46,2005-03-18,2019-09-06,인천광역시 부평구 십정2동 326-13,,
192,목동휘버스,인천광역시 부평구 십정2동 487-2,인천광역시 부평구 경인로701번길 49,12,1,64,2005-11-21,2019-09-06,인천광역시 부평구 십정2동 487-2,37.4721139,126.7056973
193,동암(정든마을),인천광역시 부평구 십정2동 427-3,인천광역시 부평구 이규보로 42,15,1,68,2007-10-16,2019-09-06,인천광역시 부평구 십정2동 427-3,37.4766686,126.7013631
194,백운 브라운스톤,인천광역시 부평구 십정동 182-166,인천광역시 부평구 길주남로10번길 21,26,5,261,2014-06-25,2019-09-06,인천광역시 부평구 십정동 182-166,37.4824021,126.7075150
195,부평 래미안,인천광역시 부평구 부평동 947,인천광역시 부평구 마장로 43-20,26,18,1381,2014-09-29,2019-09-06,인천광역시 부평구 부평동 947,37.5035205,126.7241320
196,동도 센트리움,인천광역시 부평구 부개동 308-3,인천광역시 부평구 경인로1099번길 39,15,2,217,2014-10-22,2019-09-06,인천광역시 부평구 부개동 308-3,37.4875413,126.7420558
