intercept,외식업매출월평균변화량,서비스업매출월평균변화량,아파트시세변화_차분평균,소매업매출월평균변화량,점포밀도,주거인구/직장인구,단독주택 연면적 비율,아파트 가구수,BAS_AR,서비스업매출비율,상가밀도,외식업매출비율,개별공시지가 변화 차분평균,근린생활시설 연면적 비율,평균최근접역거리,(주거인구+직장인구)/유동인구,도로길이고려_국부통합도_R3,평균 도로 길이,평균최근접정류장거리,외식업종다양성,공동주택 연면적 비율,x,y,BAS_ID
63.104300556289594,3.5145708132199417e-07,-1.3965652681058026e-06,-0.008341177407643072,-8.564402513626995e-08,-0.0011227595885357393,-0.08671899962967944,0.85717121034433,-0.004802106403335825,7.183775249521783,27.890203098205703,0.006646929538131446,8.267904344491965,3.0790531058899616e-05,0.9908568904435139,9.645149682765819,17.572817164307533,0.0030300090161299825,0.07271679617162773,-237.10959273396278,-41.16320092690065,0.7004265378012322,126.68913490770505,37.51870773736182,21300
52.265250499236345,4.4630756028407036e-07,-1.2161735595071817e-06,-0.008588064296283454,-5.1106180188993114e-08,-0.001042694762933161,-0.08983322875785442,0.8116697512894476,-0.005182401271616995,6.1274952193036,27.143090207834508,0.002116255781186867,10.341314934379232,4.6856752227571736e-05,1.0045355948685684,11.970546370832485,18.277414454628936,0.0033679488736466164,0.06300073706823964,-238.55172078826166,-29.398280594724124,0.7377305786352985,126.69545880461988,37.52241686372307,21301
47.681480843773336,4.706817372820899e-07,-1.1955336223787277e-06,-0.009141570434318659,-4.482006446025633e-08,-0.0009590474539397985,-0.08828118985719349,0.7750569742793638,-0.005727737387236924,7.851125967190132,30.613018540640102,0.0006229216080071452,10.684457049345971,5.177986339070902e-05,0.9820538456759463,13.552277181812077,18.51161432464026,0.003270695065006771,0.05484719481856986,-234.31834407068135,-23.406567828937813,0.7582320708649817,126.70134171772969,37.52233877708572,21302
51.80711365563732,2.8975095115743237e-07,-1.2055120218177718e-06,-0.008622097908646879,-3.7637010116504384e-08,-0.0010744854448784234,-0.09216500864751194,0.8181451110570741,-0.004905026044303341,6.904573059773501,27.838344173018335,0.0020042145765365267,7.606517547406435,4.8983880922751935e-05,1.044718403310812,12.073089367561153,18.251860334897,0.0031778742343927593,0.06614824581110426,-237.27262747806782,-30.538895901278188,0.7463996829835003,126.69872979436714,37.51898140944887,21303
45.83338308593006,3.4369598038295505e-07,-1.2305410697654862e-06,-0.009459097231553044,-3.073064947709262e-08,-0.0010132820417886872,-0.09125343842835847,0.7893034500379394,-0.005380693169962629,7.984073592229752,30.40525694227122,0.0008841704793054105,8.2036476158809,5.385212623097524e-05,1.0365252910831873,13.624988357276687,18.51470814081606,0.003133457341759636,0.061079259291777245,-231.59988096780793,-24.61952622951563,0.7746672227614605,126.70341884326405,37.519318995056054,21304
50.65745721614691,7.154274167308616e-08,-1.1428232225384045e-06,-0.008711479356978554,-1.7372115844972575e-08,-0.0010989425335561334,-0.09585017939127737,0.8220636833010018,-0.004635852864300813,8.763274442077766,29.8489565476794,0.0013597442341571342,3.0232250291547147,5.456774540755413e-05,1.0954668845143085,12.486548278920203,18.07075731898296,0.00284816746631241,0.06871369187893409,-233.80298234360467,-31.2354000611004,0.7639232007675933,126.70300423971963,37.515329100586754,21305
58.29641285190375,1.2896556026222926e-07,-1.19695090014052e-06,-0.008079587795427048,-4.6560644268443735e-08,-0.0011353652049472228,-0.09518826721415481,0.8424952039985333,-0.004491288498798875,7.355421726247232,28.449633843043458,0.0033250113691250796,5.199735627990231,4.326832344355445e-05,1.065392694842489,10.70324965093574,17.92436295894326,0.0029131095501587307,0.07139122998900772,-238.2568212232868,-37.52000891767772,0.7274535639662674,126.69720548857926,37.51567898613793,21306
69.10135852182137,1.839567754427474e-07,-1.4190810213391954e-06,-0.007443450853970502,-1.2177894525033414e-07,-0.0011166949013033665,-0.0739101521962605,0.8715614424498308,-0.0047125242497446235,10.86202118948546,36.60780556373819,0.007222224574626015,5.657575279326856,2.6284239400768772e-05,0.9444139527618368,9.036548578219625,16.887151423379493,0.0025925978910925677,0.0752765016811692,-236.55525760210682,-47.64986647539295,0.6776327400431669,126.69309964043227,37.512529261238306,21307
72.16099359567875,1.9655567129981644e-07,-1.4960596292602216e-06,-0.007024335417175733,-1.7459663068946747e-07,-0.0010970516034333074,-0.04188432656657268,0.8859722942911368,-0.004955273144528698,13.571993499463415,44.11539461110811,0.007865372513195423,5.330771340043971,2.2619435712314754e-05,0.8739885630147206,8.649985229264887,15.816257039736472,0.002457400325322236,0.07749007266565217,-233.77346184978694,-51.28657894578845,0.656632469010184,126.69463592515947,37.50972402615308,21308
57.76695836409681,-1.3578354140893967e-07,-1.0931728593471148e-06,-0.007745897203811553,-3.676732837169112e-08,-0.0012131518069048786,-0.10340256060982031,0.8558058635986548,-0.004164765084332615,8.144711344708202,32.11141951409995,0.002620302417440996,-1.2144599429476357,5.038803185261922e-05,1.159672626644477,10.250428754644453,17.531129599690466,0.0025072840891117894,0.07868542785016638,-230.51093129756734,-41.221654200478596,0.7570210744260324,126.70257157044347,37.51088024429188,21309
45.70371888864394,4.964001289194264e-07,-1.191572679350413e-06,-0.010486585328566056,-5.0132835004856106e-08,-0.0008269421700291972,-0.09025714432224699,0.7192737799265113,-0.006863559272075992,12.46128628308279,37.90738961274205,-0.0006343951568215691,11.094340841064286,4.993150489910375e-05,0.9203643500356794,15.633982832324003,18.724677712337144,0.002724734575924442,0.04076914939108145,-224.47788344516425,-17.01522228290384,0.7863256042258233,126.70802741158735,37.5214043470635,21310
43.266265079855806,3.458133174667865e-07,-1.2447714893280994e-06,-0.010203451901128053,-2.8887966632035947e-08,-0.0009674157972166188,-0.09260859414371996,0.770566474449884,-0.0057621100322535765,9.80382680154206,33.45311917011723,0.00030101855156021646,8.079886937343549,5.499357794550102e-05,1.0251120265285196,14.706589618340086,18.634718514811173,0.0029088601101474073,0.057160499642423646,-226.4453523446902,-21.5725126039065,0.7948747512152872,126.70645139187884,37.51875080500249,21311
44.913945148905256,7.277726148886918e-08,-1.1810736348783614e-06,-0.009752043806210652,-5.275544181859872e-09,-0.0010512199811783009,-0.09652924751785708,0.8051216133833626,-0.004988363239083025,11.16668502408098,32.676043486701765,0.000632813956308702,1.6584420132933353,6.025063530074518e-05,1.1018836405145758,14.091161294098528,18.093222264577577,0.0026346973873774453,0.06572064890006696,-226.28022494399434,-26.528425734617798,0.7998039974208931,126.70691946411556,37.51509833713639,21312
50.20579801393849,-2.164143466217445e-07,-1.0582865636747208e-06,-0.008578812104079583,-2.5861570118114732e-09,-0.0012254391155029616,-0.10751101817827073,0.8510584576731351,-0.004103568436619392,9.41454571366049,31.737612477920116,0.0010970518085009246,-5.512545089231931,6.460255699548976e-05,1.2326798944536341,11.6955836539475,17.21908970384222,0.002342136040446508,0.07992785847243478,-221.86933114767456,-36.74902832996255,0.8048362153267302,126.70652058482338,37.51059783447811,21313
48.913380395116015,4.6601890606434654e-07,-1.1844162756524613e-06,-0.012097394622363736,-5.3734835589110364e-08,-0.0006625799833007541,-0.09435292410097126,0.6627639164385642,-0.00847275529612124,22.780192077737475,47.701222791311004,-0.0009365128484810387,8.489760556414806,4.051710663521742e-05,0.8255514758364498,17.86343118683898,18.677958909538145,0.001710870881528572,0.01959986151833257,-215.7915914004054,-12.25230196300117,0.8151538059478272,126.71319259164342,37.52037539808062,21314
59.81952899216611,3.739598768269011e-07,-1.229012333772246e-06,-0.014176901158165577,-5.3273424781184976e-08,-0.00044183799413694577,-0.09657536791935403,0.5519559941617657,-0.011386509318387621,43.478164692151914,59.674725733535496,-0.00019417857381072708,3.1499261424371356,2.0350638106331256e-05,0.6791635682758508,19.348084793431198,18.234002921007434,0.00023473567752477353,-0.023409112496399816,-201.69030077852247,-7.131317125138666,0.8426891525319427,126.71891876142693,37.52020716759903,21315
75.61723315154411,2.680510863379677e-07,-1.290244722809867e-06,-0.014649435525238619,-2.9383654573126615e-08,-0.0003235221421270737,-0.08947063903763298,0.43338416491547227,-0.012827468855426719,68.02658271429291,63.89435016591637,0.0010034670853725804,-3.4612750795837295,4.854220323242856e-06,0.5880049413390485,14.648215927856167,16.53786347909414,-0.0008702670889389016,-0.06833037856745267,-172.94240049335113,-6.530945157827105,0.8138697393048007,126.72512332161521,37.52075627781089,21316
86.47173624514404,2.3734167646386272e-07,-1.2885980078335873e-06,-0.014695846453020718,8.132537190168916e-09,-0.0003124569926252828,-0.08214849616057043,0.3982291645682603,-0.012374490235201598,88.68512737156694,64.100447917621,0.00180896723926091,-10.783061856609113,-1.9319343242574426e-06,0.5652587438180392,7.0581006612037385,14.681001181370513,-0.0017334754234433405,-0.08591774906666365,-158.5115061269182,-7.759740546499342,0.7871656744447847,126.73053373535897,37.52055707999099,21317
93.94010811830181,2.3671607308895536e-07,-1.2524227762868734e-06,-0.014743469164458572,4.3259063240840955e-08,-0.00031988503938857384,-0.07688639326208599,0.40036679278344484,-0.011561540243992922,108.6182097621867,63.599532956360974,0.0024044445210707555,-17.52450520913199,-3.620952262351755e-06,0.5555203233413233,-0.18610623028871243,13.189261792086509,-0.002529406251004669,-0.09411775098231087,-147.9964819916544,-9.268013032864804,0.7687424176426709,126.7361576234256,37.52074545539758,21318
98.70219120073793,3.0639070304067356e-07,-1.207025393723017e-06,-0.0146539341284627,8.797825889123522e-08,-0.0003204275944009525,-0.07523964092037357,0.41180335354483744,-0.010889701032019809,128.95979773925188,61.509672077922936,0.0028914607674935945,-22.651371850586273,-3.1875536687719107e-06,0.5389576542129624,-6.287247545171512,12.798245115091195,-0.0032403847756707935,-0.09970626847520367,-130.04882642570206,-10.269757386181425,0.7459191650386766,126.74321514378205,37.5219067233361,21319
102.12488226323367,3.3184930242462265e-07,-1.1204399558956974e-06,-0.014595088344094332,1.656691555470282e-07,-0.0003062719671372154,-0.07564045391849986,0.41873054733587733,-0.009935149928790857,145.26799724084833,56.4640571861241,0.0033491326306227666,-25.563525014382016,-3.4283716483988963e-06,0.49675866469001423,-11.65293391265968,11.972078763631668,-0.0036713992283924626,-0.09816132472418314,-105.10584221573403,-11.324141033529095,0.7136971037619229,126.7488155826459,37.520512435412016,21320
100.41833059331874,2.448728106398794e-07,-1.1360119615227757e-06,-0.015107892234204882,1.4450783784580923e-07,-0.00031405303370170924,-0.0773235402926984,0.418596201685185,-0.010017269344902689,134.30781835265404,57.83802050093958,0.0031421171600593,-24.900862742283106,-2.2711230877300845e-06,0.511215507312719,-11.061481224434978,11.655694139035353,-0.0032752471515645125,-0.09229579901793264,-112.21845042328002,-11.98031473933861,0.7393707118916151,126.74324183744143,37.51850596365194,21321
104.77164716396597,4.2952457870405737e-07,-1.043089468460191e-06,-0.014002169445755558,1.8170830893284515e-07,-0.00029253232055579265,-0.0735456116632413,0.41084381490674793,-0.009616088009113725,158.5502541115475,52.67699789492369,0.0032565425427523585,-24.90877543756013,-6.250065420386707e-06,0.4570015950906533,-13.625925322776839,12.063108873042117,-0.004086165196524694,-0.10197937090768058,-87.69521452599156,-9.933797900730056,0.665081532677141,126.75566589791076,37.52007688820165,21322
94.68731526786654,7.040650285838614e-08,-1.1458108842543265e-06,-0.015727511446657346,6.972379216074508e-08,-0.0003176770759500093,-0.07940144891501673,0.4038873396837211,-0.010225955039045866,99.70807782020294,59.91557926252949,0.002296631360128465,-18.573115373704542,-1.2509736626438104e-06,0.5158814046391286,-4.692368050352686,11.02563467074196,-0.002148004880566522,-0.0742832379513553,-143.75966258892896,-11.168611106754998,0.7765665440893673,126.73380894864344,37.51608671250486,21323
97.37649977192092,8.956830347473384e-08,-1.1121114832004505e-06,-0.01567080087435804,1.3028509928155433e-07,-0.00031832366004429414,-0.07971747312788327,0.41210470462229887,-0.009470894004477485,114.86748124798793,57.85337736105824,0.0028079042952157936,-22.71554492623629,1.3204253128377404e-06,0.5111105179881923,-10.054276577021236,10.710122222834924,-0.00260225876298925,-0.07812114331513925,-115.03427860604701,-12.800768476814024,0.7538406072705162,126.73735307054208,37.51538694098997,21324
100.22048107216105,1.5344887585518774e-07,-1.0765905438353838e-06,-0.015361862932171922,2.0467628421915754e-07,-0.00030336157942286194,-0.07836005044546186,0.4212787383461301,-0.0093136117209709,133.95608544431326,54.065074499745656,0.0033628584490136416,-25.24850119656793,8.994015237350111e-07,0.49000957421698393,-13.628723379266287,10.717596131615755,-0.003142743890355788,-0.0831357559592493,-97.94716808744735,-13.16856192786963,0.7298476972402117,126.74211095416764,37.515279842530006,21325
102.5226440509903,2.3784166890497144e-07,-1.0243373584018412e-06,-0.014601003335936023,2.407972259089419e-07,-0.00028957700257866537,-0.07588489680217843,0.4163328008452347,-0.00925587877597575,150.2812332385257,51.175462852171364,0.0035746718820007534,-25.03271885541732,-1.5595359322174026e-06,0.4604128476344736,-14.3443898786532,11.1450951457107,-0.0036861908799570133,-0.09033577596987737,-82.81196091220677,-11.901383947399548,0.6820565849379411,126.7485031464966,37.51560938874926,21326
97.1935811004977,2.792295773626866e-08,-1.045620947764023e-06,-0.01595962023986449,2.0018241351987084e-07,-0.00030382398367262154,-0.08121644552878289,0.4182732298080081,-0.008599622080467535,113.79697596317394,53.527410535248556,0.003040617399983534,-23.4538391807218,5.222841236840765e-06,0.4849466032996568,-14.252829805764744,9.889922643317103,-0.002414757064458688,-0.06607719535444184,-98.00276406197898,-14.263035650724804,0.7437866191222212,126.73710299172977,37.512701817751,21327
94.51082155683551,-1.3512730924444589e-08,-1.0627813805003477e-06,-0.01605143343674786,1.2492403186714796e-07,-0.00031108071603485455,-0.08209374091383335,0.40585812316563213,-0.008603634837651537,95.9350219380103,56.25506894439707,0.0024946401747495037,-19.97096338828965,4.822530713418438e-06,0.48758632588123474,-9.64896035080278,9.617338807996928,-0.001935508445532336,-0.06039631149883351,-116.39142954263063,-13.375522629608863,0.7569660242652295,126.73357519465186,37.5129551650066,21328
76.9499475815058,3.89850030891696e-08,-1.192159559662595e-06,-0.01639842951364426,-5.128004701840159e-09,-0.00031732340551398014,-0.0946801581076511,0.42581193506697906,-0.01181125195154006,62.07248651159624,61.0216354227888,0.001133011753345475,-5.15497856633813,2.571871917013841e-06,0.5299902591814146,13.156958848286202,13.647367652651427,-0.0008539083518738226,-0.04848798578925445,-171.82241338971144,-7.859117191212175,0.8341154579475387,126.7248954590203,37.516428945139154,21329
87.76494628724443,2.053869457373449e-08,-1.1658747179007564e-06,-0.015833682002030395,1.879549520534074e-08,-0.0003071437029800048,-0.0832572899505906,0.39393881349652293,-0.010917399394014501,77.37505016577855,60.50378814931631,0.001658930749828103,-10.800621326412903,-1.4163381307066344e-06,0.5065582675097852,4.400235155596306,11.233602525060011,-0.001355288749689743,-0.06333533477504237,-161.97081379366674,-9.573772194269631,0.7955495166947464,126.72914095377996,37.51599952583299,21330
89.68925094026908,-8.27793624095285e-08,-1.0595064810211414e-06,-0.016707313542625116,5.129944746830764e-08,-0.00030433815513944727,-0.08465024750984748,0.40094177197352054,-0.00944173639887114,72.25466053227795,57.31192021182305,0.0016739515016037112,-13.238758056914286,2.4836864830652955e-06,0.4626809044409369,-2.4044153178981924,9.306996029387614,-0.001164138830244197,-0.04221490686251607,-162.80676267547156,-11.593980905463807,0.8021851000432881,126.72896966340448,37.513023161354845,21331
76.40952895514741,-1.0850508288656228e-07,-1.122747176555983e-06,-0.016904827722604363,4.302932422806657e-09,-0.00031974371637005084,-0.0970254138611522,0.4649492834354162,-0.009853145200535787,62.002016586465885,58.92702946580595,0.00179148004257161,-9.921984200954437,1.6322516640893736e-05,0.5183152098659616,12.51502379471788,9.285749909485284,-0.0010069010968854239,-0.03145622162309301,-163.12868756830952,-13.06517119518042,0.8578013340977158,126.72456153357894,37.51284888767801,21332
68.71776290774181,-4.500335583509526e-08,-1.1860939301169958e-06,-0.017149757336488672,-3.965174300970411e-09,-0.00034367729572791874,-0.10572553678997454,0.5093015100169356,-0.010748789818487791,59.8696862410611,60.59590387111586,0.0016936940504506178,-8.551522864750565,1.9338163373921207e-05,0.5754555387812096,17.919700817756507,12.151855288759387,-0.0010239289861738391,-0.030011468368460158,-161.32706821191132,-11.885841289698897,0.888876666178722,126.72272411487454,37.514294919956676,21333
41.284505232355876,-9.811349551273158e-08,-1.198315055932105e-06,-0.014708439584356914,1.1502572180529052e-08,-0.0007690317777481541,-0.116765273764667,0.7854648655137042,-0.007137150407597553,34.89163282119381,51.59294972553503,0.0008052046928560599,-11.39808639858508,6.706118099476076e-05,0.991776183518365,20.65296246862181,15.407142247239818,0.00013352506086057532,0.04370750120789499,-182.09939164983103,-21.143158290614874,0.9508935774070192,126.71522085131534,37.512349271270885,21334
69.98537777966578,-1.9861272438376727e-07,-1.0417282125222536e-06,-0.01737980735186648,1.8786994618195836e-08,-0.00035319542742418545,-0.10619259223690936,0.5685838648244216,-0.008319034651428013,60.30422095374252,57.68870720867804,0.0022999709412279594,-16.37399502795407,3.841526295930523e-05,0.5538838144722571,14.595081615923387,7.040896324105142,-0.0012747562502966687,-0.0007297646585959657,-170.69703162388655,-18.668672320087477,0.917481318142788,126.72312378787706,37.51022634485727,21335
87.92111496108103,-1.3675631900591936e-07,-1.0141330483010482e-06,-0.016724908509619548,1.0128789185089285e-07,-0.00030612194521400485,-0.08826910203444144,0.4139780173206452,-0.00757945294198722,70.60062889048876,55.7924813596389,0.0021567013878444103,-15.59018593189004,1.2311197803424376e-05,0.4604141471402995,-5.865885214154135,7.784677631977563,-0.0010971491480653536,-0.03007032825807461,-132.47759655154334,-14.883690749230214,0.7880518117785231,126.72851926211857,37.51048241928701,21336
85.91766861694228,-1.968595244893469e-07,-9.752401653381213e-07,-0.016748286003229657,2.271800235452189e-07,-0.000325653343982829,-0.09021165785501029,0.4181400551119437,-0.005870911129455801,72.49524790140232,54.579882017016864,0.002511016405148873,-18.334490604283165,1.9250995454339686e-05,0.49235092758767607,-15.471800469227222,8.977186990898607,-0.0010329459702282046,-0.014865612007782488,-97.7611305328575,-16.68824324215572,0.7536679357836508,126.72887410436182,37.50824363218556,21337
71.52017368652997,-2.3477752691973195e-07,-9.734538409174183e-07,-0.016612834810845474,5.454815203588362e-08,-0.00035423540145726457,-0.10564505947824945,0.5732625191230363,-0.006385093774023674,60.61066149022127,55.88673810214956,0.0026561929040878397,-20.10069376276025,4.6949024028732855e-05,0.5475340577425271,9.592708526411347,4.985602921205548,-0.0012657839542237275,0.006795063961539125,-137.67209566219876,-22.48513797297092,0.8849285706643012,126.72367451730786,37.508087894345195,21338
93.39670890666714,-7.591654717003551e-08,-9.98059230081867e-07,-0.016421882159676784,1.8438846146733164e-07,-0.00029599144722059357,-0.08449303787142089,0.4099038815889621,-0.0076061234759233175,87.96039688367206,52.645365574683545,0.0025506279335123913,-19.898401567998473,8.917587053490192e-06,0.45877653091730175,-14.56308185010509,9.154675594996217,-0.0015412906203379616,-0.04306705674864136,-103.09554740491524,-14.596629112722294,0.750472690946019,126.73281609389528,37.51084224358553,21339
93.14519759740283,-7.197458620528329e-08,-9.656720729118806e-07,-0.0160296411494878,2.4493465108902607e-07,-0.0002894346551577162,-0.08301170566775189,0.415295074410336,-0.007049737150550153,93.30279082899003,50.286757937160004,0.0028725623781760655,-20.810643714858678,1.2358827500191575e-05,0.4584205262986987,-16.252352137327744,9.200543377076636,-0.0016731950251258215,-0.041438864374797324,-87.0946903695177,-15.122324329520108,0.7222568835511617,126.73433203369085,37.50968150840593,21340
96.46965572272231,3.534444282540523e-09,-9.7853287108896e-07,-0.01561545562825121,2.855128901496355e-07,-0.00028390455017802637,-0.07998786026145321,0.42091229774522826,-0.00808695280551972,119.48875408082361,48.779116807793955,0.0033907131551438275,-22.915164426012595,8.721376649900906e-06,0.4629179560960425,-16.303868298689533,9.798801537257235,-0.002480628679540069,-0.05904509315214759,-79.24021904658942,-14.619625726460193,0.708436293447849,126.73883225082633,37.51030879926104,21341
99.32051355841287,8.2286042744905e-08,-9.929109174815162e-07,-0.01518662733382798,2.866515265056223e-07,-0.00028407381318708476,-0.07823008844284256,0.4199369303066067,-0.008680069378725888,136.2567207382681,49.21012598420187,0.0036410430741013514,-24.04474818105811,4.384906860683011e-06,0.4599908890305994,-15.489747655009186,10.284378625712801,-0.0030803703575885744,-0.07328604300188198,-78.5896220424917,-13.735370305204693,0.6956855051923447,126.74248463225899,37.51182400323176,21342
94.30584690958521,-2.8466857576270885e-08,-8.952483183827664e-07,-0.015150497880259477,3.45839695978866e-07,-0.00026464930071636933,-0.08013837273953128,0.4134560172483826,-0.007648359079879252,118.59793041131668,45.78068299982782,0.003417678547967721,-20.28500677159409,1.029945861408976e-05,0.4344946476340278,-17.653869075291414,10.23425901811886,-0.002291482808565226,-0.04630237383091781,-60.975453542466006,-14.577696350417423,0.6620236321903092,126.73938905241498,37.50756648853063,21343
89.68008753491254,-1.1639243758483061e-07,-9.153932697429758e-07,-0.015894415855369083,3.028630026803906e-07,-0.00027221644603698435,-0.08351008026894738,0.4132782493824499,-0.006283186633749766,83.39932113226095,47.353103944084886,0.0028187092270928406,-18.80464777675922,1.6578248314768144e-05,0.4452353380400264,-19.11020675358659,9.729053232748715,-0.001234285733736225,-0.023935164411047385,-73.89390272125218,-15.166559427177791,0.6976586329303718,126.7338759401278,37.50772954620715,21344
89.6149828319405,-8.329061703955888e-08,-8.279153280187678e-07,-0.014780267162604954,4.029605568322296e-07,-0.00024745071705971296,-0.08132742998528762,0.40532327833252824,-0.006879382995953161,104.85521949540023,44.0743936295568,0.0032302273991449393,-16.693017117758444,1.2572058807948844e-05,0.4148160261566307,-19.898322655408997,10.971341468710886,-0.0016803855219341415,-0.023025373860884893,-44.88620818668007,-14.463081673594315,0.621268738800456,126.73829942679801,37.50524247607829,21345
92.39338857695984,-9.054778416847508e-09,-7.989812084062173e-07,-0.014592280109041789,3.5608420958224226e-07,-0.00025121565273642004,-0.07960468457553926,0.3913911661336449,-0.008194835116553846,133.4358103029,43.80099950117664,0.0029938908497037413,-15.42778059481693,6.799231213247839e-06,0.3980021046469602,-19.853372480339875,11.547161985869428,-0.002385120931559302,-0.03621965483308996,-35.861157771624775,-12.924874114981188,0.5945192560465629,126.74136015694967,37.50501277134439,21346
91.39007304538924,2.5185844146192422e-08,-6.976815232133503e-07,-0.013921784621368673,2.9283813627809413e-07,-0.00028607094816195913,-0.07587065565000321,0.3627234229320508,-0.008316551613228633,119.29953603513712,44.40834338981381,0.0020112882238407562,-11.542159844378448,-1.539071738051094e-06,0.41042024539719746,-20.134687555141173,12.339941910410136,-0.002057928617147232,-0.03126780947814705,-7.614560027459444,-10.182692836097555,0.5290111410615373,126.74164138803316,37.50199786241285,21347
85.26021554029631,-1.383651323207152e-07,-7.437295594009867e-07,-0.013877270550222916,5.014247663037096e-07,-0.0002641680301628911,-0.07990702571618404,0.3882108964387782,-0.006790224427494041,95.10467688750906,43.701119106568605,0.0030812699125595372,-12.106572038315631,8.422697177136743e-06,0.42918967254055645,-23.924866587665793,13.194750647480165,-0.0013130096277154959,-0.0018512002122798657,-20.711367111926098,-12.992388236630397,0.5557807113281003,126.73801933246972,37.502251746191796,21348
90.48388813383919,-5.3948262757639094e-08,-5.672229459033798e-07,-0.012199462793114405,3.2666499100994124e-07,-0.00035292482834440203,-0.06522126645278585,0.3751238644211851,-0.005121230054178756,29.648200773146858,39.163772756454414,0.0011547743672608024,-12.240945917818213,-4.089629428256244e-06,0.5360764927215407,-18.139456786365614,11.305850517011717,-0.0002425468755901503,-0.016286567164651697,-6.388414389124822,-9.369661460051512,0.4883950333073485,126.73773032874193,37.49913638917341,21349
89.25080703272008,8.917250969244257e-08,-5.937887766464767e-07,-0.011875961061146008,1.455410657743132e-07,-0.00032626132469173194,-0.064836357065336,0.3530809186438082,-0.0056674900148211815,-7.20711522269951,40.9902751461046,0.0003847429003177465,-10.213943651381213,-1.4498674248011704e-05,0.49141275234482246,-11.709845001612763,10.175040074456719,0.0002951241973836887,-0.02644773144057202,32.582065341600554,-5.812753594429777,0.47672452808830135,126.74125844589769,37.49897505789148,21350
84.61226595892423,-1.6987079894254055e-07,-8.639079089652905e-07,-0.015303652707583831,4.0171851025616475e-07,-0.0002689045688957632,-0.08302446925717569,0.4001695910475894,-0.005383758302642046,77.29009498232683,46.487832907615314,0.0027828834679801246,-16.123946248980022,1.9992893875147005e-05,0.45238171404090954,-22.60648736403777,11.329918616933162,-0.000827057833650014,-0.0025354877441894834,-55.68624162518558,-15.023164325788134,0.6433113196020845,126.73384158447207,37.50545989278808,21351
80.9243124427666,-2.492898160324534e-07,-8.06549547597366e-07,-0.014058778309860109,5.718828248118232e-07,-0.0003186621568914919,-0.0787616185972198,0.36844766032319065,-0.004577285909707368,77.4465812827717,48.69341600524369,0.002756860764594721,-13.60917061288064,1.6242247035025263e-05,0.5165669288355246,-28.67195699183408,14.371589107642173,-0.0005780956604758263,0.017206062174849802,-38.63048439610344,-14.157966594893681,0.5538264972267151,126.73355031757578,37.50247742264862,21352
85.45719240399102,-3.0610903813772886e-07,-6.59663456601519e-07,-0.012249476551839054,6.831019135508542e-07,-0.00040594729183484506,-0.06679167157600717,0.35711925717155135,-0.00405501668169364,66.23857442073383,43.14301836406962,0.0023228145931672383,-12.437257246310217,7.019019994120476e-06,0.6175909730170221,-30.125061409392973,14.97969882085497,-0.00042444076353205523,0.015600892947719554,-43.45795866023719,-12.82361066361501,0.47549375971572416,126.7332555918207,37.49941078769118,21353
66.95946189344163,-3.086624907281412e-07,-8.779357183398879e-07,-0.01569968098752363,1.3239209696316626e-07,-0.0004051045048335489,-0.11144595564215846,0.6230755758627746,-0.004214513246700016,56.485613938698805,54.77193211514606,0.002773146668244386,-25.750721326942756,6.373091517452762e-05,0.6115589147719349,4.660927539397419,5.114384116448323,-0.0013430464744536726,0.03389763611142711,-105.22129224301257,-26.883938818335604,0.8630806736762724,126.72335723816101,37.506101199065874,21354
80.35266436757603,-2.399031256914699e-07,-9.1679957405767e-07,-0.015707634613241143,3.0798388263583813e-07,-0.00034248576133453666,-0.0889446588029504,0.4257666467861867,-0.0039010327886349794,68.42054322727944,53.9381656468633,0.002557697875717454,-18.599320455703037,3.095678434050087e-05,0.5286414409529607,-17.12021263788703,9.607641319916171,-0.000826309797221789,0.004352239632537019,-75.87663429244068,-18.119789101890174,0.6938727163959018,126.72839182561799,37.505781506408944,21355
72.57566689226981,-3.3399133592144343e-07,-8.526984106471717e-07,-0.014045412580824658,4.6564423694531015e-07,-0.0003793828914845039,-0.08278996993685331,0.41421126872518343,-0.0016720834030175382,61.12337312653213,54.10752330006528,0.0021325324533601297,-17.67825427308101,4.006356708538284e-05,0.6046062806810307,-21.863076011876814,11.849485130310992,-0.00020218747588837902,0.03886392807005961,-54.87891115478343,-18.764534207878718,0.5878174674728259,126.72816675135655,37.50283688323916,21356
64.87801195608269,-3.5705923402347337e-07,-8.057733112253279e-07,-0.013928692473758532,2.4918129085467465e-07,-0.000435518825314697,-0.09979502456174708,0.5772626504324034,-0.0015695896457731226,48.484308652048114,52.50894002483909,0.002103897300381093,-25.159607491324195,6.714313428121578e-05,0.678429942403121,-1.8252859993440427,6.628493509730441,-0.0008384593931325638,0.050914934946320455,-68.52497505395999,-26.06031882674494,0.7285814133928205,126.72400061951048,37.5035218880192,21357
60.45616605587124,-4.237630492407936e-07,-7.77195928273463e-07,-0.013183302771594605,2.5059305517568e-07,-0.0005277885773687272,-0.09716215169687845,0.5984493180427116,-0.0008378006146854949,38.298494993232765,50.80003761171418,0.0011664165232913885,-26.9865012669045,7.25083218693886e-05,0.8168411781253219,0.849456458292706,7.0604476522174995,-0.0006882644590658762,0.06623661930287848,-66.2381862732888,-26.163368482623586,0.7109924362381108,126.72294689379429,37.50268173515215,21358
69.49416681686274,-5.335646439844882e-07,-6.839889488170904e-07,-0.01151038546801484,3.5658414538519917e-07,-0.0007186474400027068,-0.04792300920584732,0.49550913263437374,0.001964501189458116,20.337050464323042,41.99870407194309,-0.0013801170728463736,-26.815746207829065,5.763051126874753e-05,1.0464622209820014,-5.1011255540664795,7.729207018021645,0.0003411538243334758,0.05989453632171347,-91.30066727860664,-19.56151642715986,0.5168146513255143,126.72364014682157,37.50006989086598,21359
77.73631336749418,-4.294795330949337e-07,-7.247591282697609e-07,-0.012101711116552501,5.871773200621017e-07,-0.0005135304278581456,-0.05783871929274018,0.3931623653747237,0.0003096798413951094,47.83332039043446,46.15902178806872,0.0008433532938601873,-18.437840310264185,3.534980351372381e-05,0.7630053435707427,-21.52967347317948,11.009439206425865,0.00034451079348410906,0.04139950191471736,-73.22676781466494,-17.36223781770765,0.46477158485291303,126.72789212345697,37.49975562666252,21360
55.61856250871526,-3.0462224371682203e-07,-9.53708314134429e-07,-0.00714955041132092,-4.605889158274994e-08,-0.0012865540414307335,-0.12271022204230993,0.8790710669800217,-0.004082362963020741,8.141391961203663,38.215426355276286,0.0016094139299686107,-9.188399841065005,6.370718900191157e-05,1.2384726756393705,9.49253469027964,16.596530826241498,0.0021066768689307408,0.0898077954447717,-212.56285375815986,-45.765583157880414,0.8105448242371673,126.70625897179377,37.50751514282017,21361
59.644987897636035,-2.6807684189751244e-07,-9.174037985135862e-07,-0.005456805850878941,-1.1229204590186806e-07,-0.0012753249617697532,-0.15027310810584338,0.9051470521674071,-0.004455418785984369,8.45673342204797,47.64833066747473,0.002195114651846937,-11.09050315911865,6.409314309780278e-05,1.146293504187006,7.599834871730433,16.592855578162663,0.0021314084465199647,0.0976379493733495,-207.06513173055157,-53.33792622840419,0.8135687501693581,126.70603903400313,37.505428800513634,21362
42.432182879805,-4.6416993606761566e-07,-8.864853165443624e-07,-0.008860607834522626,3.4712724699423995e-09,-0.001406222203931262,-0.14790331143776245,0.8928212139112909,-0.0038288380557062202,5.271247239549461,41.25814523432041,-0.0004819072067294752,-24.81488731901744,9.500807471173644e-05,1.4170868393528555,11.151395169046271,13.169450161880723,0.0011423475842635513,0.11228109860505878,-150.30851579785744,-43.60251687496518,0.9423580649705446,126.71172592855608,37.505935087045756,21363
44.29824524803368,-4.6555504598132e-07,-9.067120636491939e-07,-0.01433786875751018,4.641683884711729e-08,-0.0009869885326484894,-0.13643074459489093,0.7984865976712976,-0.004887708520817978,27.20701136205933,52.970330658529505,7.809219275538363e-05,-31.833752633036514,8.739203171628194e-05,1.1596850557359033,16.259795731427666,8.796007622627412,-0.0010786141854126927,0.08551094584105084,-102.97318959197735,-31.515537343313476,0.9833376689242834,126.7172762651082,37.505896698687394,21364
45.663329973051965,-5.271258887267333e-07,-7.982204625109393e-07,-0.012881045622941683,1.0622872030746623e-07,-0.0010048485360256458,-0.12458715893322798,0.7546499540796544,-0.0031487618117071103,18.228526515682557,51.30822087346734,-0.0006803622209512757,-35.30452226108947,8.656022161809348e-05,1.208386397928754,11.716244605687852,8.421112790924541,-0.0008605054401869407,0.10731389560740152,-99.92978226162691,-29.70447724868132,0.901274128045597,126.71852583137303,37.50397113772221,21365
56.18832951082637,-3.92924996905462e-07,-8.281521368808316e-07,-0.014250773099015396,1.1528003764178706e-07,-0.0005906733905745183,-0.11755885003625714,0.7005137337213584,-0.003575124527268697,39.88925098770835,53.93492160412558,0.0016761470738141137,-30.347798749108645,7.898261146054855e-05,0.8228695073300341,10.619921598096216,5.55636982039331,-0.001203389162420956,0.06609480273420293,-92.66725705378497,-29.406613928969584,0.8809407138419936,126.72078037435098,37.50460855291769,21366
75.87424977689527,1.1569739989587277e-07,-1.3494420111689562e-06,-0.005951907186411308,-1.9734650335651159e-07,-0.0010681001865525182,-0.05335322594161646,0.8805945347940065,-0.004946487777315895,14.103750819765636,49.62007526604636,0.006465322689402776,4.561567975634539,2.425540543031398e-05,0.8146601246017401,8.21354898786792,15.754407078983599,0.0024008337728532655,0.07662021757885495,-233.8566520946319,-53.72013427081005,0.6362608335885247,126.69610854079217,37.50761086235353,21367
81.76716789032817,4.798048787315386e-07,-1.5672452353778926e-06,-0.004541841821122776,-2.9253943949878766e-07,-0.0009370775916258838,-0.050966501984616934,0.9149561315442674,-0.005295101922220056,20.587812993297415,60.30464467279693,0.006895446349552993,10.219758225773493,2.447850178100686e-05,0.5990353340746358,8.207485254621595,15.288485113556849,0.0025018963959800673,0.06848809966796662,-247.85225016302564,-57.190705040757535,0.5698373570144606,126.6927399380419,37.505830653325894,21368
67.46823251295213,-6.392047137908205e-08,-1.1881794831970579e-06,-0.005844609256428258,-1.672850546207653e-07,-0.0011755566368134814,-0.08279362758609893,0.9010914177305147,-0.00482722945540528,12.484960554211535,48.953468426805784,0.004820859487297689,-1.4522168137675617,3.911218453030274e-05,0.9823662645730327,7.761526943770942,16.261257117661593,0.0023750353721168974,0.08532523343910221,-227.19339666749627,-53.09457989022412,0.7202253830746924,126.70152751391542,37.50659199812723,21369
78.61018433031474,-2.643435610498967e-08,-9.354120692896289e-07,-0.0026840880824001542,-2.5528784494422105e-07,-0.0010862175769113449,-0.13445296106483462,0.8905536144408206,-0.004978948297728926,11.566182712727684,62.67062432370085,0.003185795329927292,-0.4955036673001323,4.411869431636234e-05,0.7105500509379648,6.130094628516121,16.670449096476474,0.0024641679486516023,0.08753102179834046,-219.53237270174498,-62.042870027141454,0.644581999070382,126.70162443649025,37.502897928765144,21370
85.89793408292438,4.716697072998257e-07,-1.3110798655961015e-06,-0.002381242894675796,-3.5648259367838864e-07,-0.000916518936525658,-0.07030962941316968,0.921709707303626,-0.0053615363382008355,21.049720622512623,68.32417095750596,0.004436726902668996,11.948220477688926,3.280755090580716e-05,0.4572263376058719,7.693898391836259,15.301342477453833,0.0026444767708874496,0.06702676482108365,-248.8140947465808,-60.5674683059981,0.5270705687642537,126.69520502609744,37.50286720183397,21371
96.13950922114155,4.4288129691796867e-07,1.7628446034074885e-07,0.009467165449622178,-2.4456175137392445e-07,0.0007367690597819932,0.010733708162534234,0.9057960095112169,-0.002730671567227301,-25.606971846083447,44.09677195839203,0.0012761728192948636,24.795240491209693,5.5121761180204875e-05,-0.07859786424208108,10.948996644155878,14.862197166833623,0.003379172859989531,0.04390399994468486,-77.66479054998776,-64.00203433885392,0.20979098043394354,126.7020675056008,37.49139964949855,21373
96.6015724288057,5.357940536584337e-07,1.31374103701851e-08,0.009873575770851701,-1.5715746802579105e-07,-3.45917320717656e-05,0.1654069637492273,0.9500410304274706,-0.0021092942946944184,-24.226140599961777,43.97528476645891,0.0030222282268171034,31.26053537769113,2.5540950480850753e-05,-0.07584145158808682,15.039547225358175,5.328239900693356,0.0032657621832104006,0.02058687152610934,-48.15630230089393,-57.95898302289766,0.17153352089119947,126.70027029496818,37.488367611917496,21374
76.22269667349512,-1.2489993004135334e-07,-7.341844896106235e-07,-0.0010643529631805635,-2.622771702758576e-07,-0.001773723599056598,-0.19136618620075374,0.8816224353213289,-0.004982861830439804,6.2416073214857315,68.30481084640131,0.00257980240526816,-7.662685577906311,5.743755830022649e-05,0.7195353781475311,4.388263986458418,17.79095489662725,0.0024994751829066136,0.10828457986451351,-187.6378754452417,-68.08701344758884,0.6792398022274,126.7055160291966,37.50116515207217,21376
66.48033626648218,-4.1370514945903203e-07,-6.990355678960783e-07,-0.004381635758491425,-6.648266204627909e-08,-0.002475556428396979,-0.15857372976592185,0.7405587158775343,-0.004086040944577398,-3.0749235356573887,63.52896468378426,0.002056615144116664,-27.778774774720397,5.7656948827172815e-05,1.0146823013526174,5.219553256674683,14.802412342925969,0.0014685178494596753,0.1404215777849151,-119.0423648542738,-58.73753024518775,0.74684744009261,126.71217894136385,37.50126040269885,21377
53.182990683404164,-6.125031137543975e-07,-6.76978150500681e-07,-0.009623745427429277,1.2018096237904352e-07,-0.0014307055734044628,-0.06506790916376406,0.6667943328606352,-0.0012359439727002047,-4.780472343113329,46.32599407452484,-0.0024807397199097313,-37.53070209527344,7.011107871401661e-05,1.3912840042254877,5.405473637985014,8.938229582800584,0.0003009323788549268,0.12876963924865453,-125.16566841243747,-27.096502761855536,0.7431015696586175,126.71819686460479,37.50113120429761,21378
57.16338429611773,-6.177021529175158e-07,-6.781915307534592e-07,-0.011283151041826969,2.3679669248362653e-07,-0.0009138637364266646,-0.059079640553304745,0.5831685712075263,0.0007556301184432864,6.187456632615897,41.22878825041208,-0.0027220864239182407,-32.16357669989118,6.874469919643952e-05,1.3008618950083946,2.164101192064334,8.565798243978042,5.858317924919836e-05,0.09475194688098941,-97.74848121446975,-20.213084142111388,0.6335588334657095,126.72111409037743,37.50083427122422,21379
102.79917756914917,-8.924616494793799e-08,-3.4957622060841343e-07,0.0031796257059654677,-2.823537870279073e-07,-0.00769249101386991,-0.108403405429155,0.7385979014723251,-0.003587025952475611,5.7390435200949685,57.82979574567055,0.0039574678317397605,6.434758213170922,3.62327993545095e-05,0.47530004402101955,6.111199812221124,19.107849576489976,0.0029796671608984895,0.08413616050658347,-170.04604087773077,-73.12322581005698,0.302805089344302,126.70516062378178,37.49703809190434,21380
108.80028632838088,-1.5218956276390777e-07,7.066071617207926e-08,0.005585975517800717,-2.0986866258810382e-07,-0.008360435367701199,-0.09209972570783757,0.7229051228228234,-0.00208235424920939,-10.327712541642493,37.160844572605086,0.00428466745642078,8.735878421432433,4.187283488672214e-05,0.43991594852740246,5.441374903568775,22.482696944195226,0.0031421940776206934,0.07655929551011692,-130.4647474897549,-74.0273538905254,0.18070295743019105,126.70834902087414,37.49416096052327,21381
102.0500102917544,4.0310010547101385e-08,1.3613099318313987e-07,0.006784151244228534,-2.614122611620658e-07,-0.0036420019569526033,-0.08137540320586734,0.8007310263729336,-0.00280178369623447,-15.307672356483451,44.940836018029955,0.002567914961628645,14.829187970999323,5.280594778540647e-05,0.16345659016303543,7.534415979192692,20.88170942201283,0.003324229744501348,0.07105542940446659,-125.46551003476803,-70.78426474818272,0.20862112257423557,126.70532290652942,37.49391420914386,21382
96.05149633913997,3.0856630985163384e-07,2.550974838512375e-07,0.009441170408150557,-2.1814669067285977e-07,0.0004652635749391449,-0.01635391004028074,0.8865820069833712,-0.0025054665788970983,-28.26414558805119,41.26330537302776,0.0012818426862576504,22.28212564486731,6.027686198620217e-05,-0.03698634409331682,10.325618839684115,17.003423077913247,0.003415430816776059,0.049442805630113065,-74.20708823090364,-65.35212183820337,0.20678035221586474,126.70343711948699,37.491455364876344,21383
94.98914471346548,9.542195118825719e-09,3.399266631120716e-07,0.009021579511205788,-7.18113015308567e-08,0.0002914687756241309,-0.016479918235960112,0.9148578175736412,-0.0007104746023258305,-37.77170273276853,27.170317540521534,0.0015093782509537845,17.808058153138834,6.983850531717934e-05,0.08800952088605625,8.402440597461933,18.484626988144928,0.0034573401826355006,0.05623665997955905,-51.15806590294741,-64.90758834798262,0.18356767865159743,126.70804895244628,37.48990519005655,21384
94.0321948518055,2.608054854107395e-07,2.608371615670282e-07,0.010987106353419951,-6.368877629205774e-08,-6.202182966906943e-05,0.04566525103192108,0.8899245167119373,-0.0017367836568773964,-30.540722173667664,32.24982614120472,0.0022605326269989844,24.807863824015218,5.369083412676435e-05,0.018117784565288446,11.436662062909745,14.33073223754381,0.003500536268965822,0.039150548520844604,-35.553308067621,-62.228090854729075,0.1793474605838051,126.70529541862562,37.48856165373939,21385
121.36902504821919,-3.7724723134930774e-07,-1.9118405295724406e-07,0.0015368465196198976,-9.862893777956766e-08,-0.01670869441231116,-0.04343495598672373,0.6200714491483221,-0.0007816325561072443,8.652230813853397,28.022245564507664,0.006950109291181295,-0.947349473304997,1.5787518741009688e-05,0.9298064415804245,2.3382417870115337,18.140647160851525,0.001958875987441329,0.07014404313617675,-129.79042084231037,-73.55918789669012,0.1712811914646254,126.71288726133925,37.495109283923775,21386
126.15328386778428,-4.378601121776341e-07,-3.3035246989299777e-07,-0.004451632011614341,1.4750398548831764e-07,-0.018087797024798968,0.12551631667677612,0.6074899222747592,0.0015193244774409135,13.003235122532535,17.9823393385182,0.005390732223418651,-18.817224336350826,6.236257310251118e-06,1.2473327337678808,-0.21487764663171932,8.720973515660244,0.0005227094017063482,0.02442549512421663,-134.79172508877073,-49.55928858600012,0.18256061089599585,126.71815353389549,37.495301000194544,21387
107.94609929458018,-5.154328432549881e-07,-4.3390675868837197e-07,-0.009398614890961563,2.2592848192959365e-07,-0.002162978782504555,0.2790530419601525,0.44334429318006496,0.0053489871600583315,-49.79026777000883,24.37965437671938,-0.002052439451343711,-38.50559301485428,2.041497544585428e-05,1.1593954935404194,-5.772512866898874,2.990005423645606,0.002298956027630582,0.00805438661527932,-144.87360999095048,-22.051996408578233,0.24930883109454904,126.72141188147769,37.49621834155759,21388
118.1600995020856,-3.38438512881308e-07,-2.2143189502369112e-07,-0.0045699514693552665,2.9455994699865383e-07,0.0006428555323910252,0.2694294714607848,0.6369164369896964,0.005842439807823134,-70.42227084143597,16.41868697396088,-0.00047804986859592357,-33.413565430845324,3.168429293507297e-05,0.7398000386968893,0.0970677784344062,7.141835917237148,0.001977949975958106,-0.0064411506971982025,-88.17258796548822,-33.17625257485476,0.12061934140220094,126.72114311621687,37.492424428814545,21389
92.49983542478303,-5.748345117277529e-07,-5.444131973526589e-07,-0.01061224359123586,3.313785576963769e-07,-0.0008787097930666628,0.14877320725941887,0.4106140655293582,0.005270182888093839,-27.32850116719947,29.686472090232314,-0.003351199766921791,-33.25416637166732,3.331512994646699e-05,1.1995704783506698,-6.630793690976531,3.439648910513223,0.002022608665152322,0.017884410903531857,-145.22495818890891,-14.440008397771296,0.31284167607722524,126.72357971401394,37.49748128892882,21390
98.40170708005029,-4.535331644111959e-07,-4.3352940529942467e-07,-0.009461093992332794,4.253433685384202e-07,-0.0007478443199201223,0.005863942883886306,0.41894744938332085,0.00411785146353318,-28.764428434566472,24.623234277028455,-0.0027145204064455237,-27.329693585353446,2.866542541794383e-05,1.048172023142719,-6.450564548555783,4.261729796185095,0.0013752881114106124,0.0025100180640605135,-107.38557232467294,-15.372282574658835,0.3257905326206634,126.72692259680042,37.496846043488155,21391
103.05390009045243,-3.900604049442315e-07,-3.244110100338279e-07,-0.008221224796112833,4.0657693868324805e-07,-0.0007318356991635088,0.0006351350621386426,0.4289251636902041,0.0036709473319303126,-45.20160056650911,20.53807646371887,-0.002867253709687684,-23.60249713159602,1.7146312126172745e-05,1.0098089681216253,-3.1031032656021904,3.7039476842780448,0.001269215466102485,-0.010329119148268449,-86.48782022428222,-13.254948211890952,0.2829531663194812,126.72898380458236,37.49556769359233,21392
112.59252386910451,-4.529274716751727e-07,-4.1788809616112596e-07,-0.00928811506265235,2.855291702670713e-07,-0.0008220893911031552,0.29032522806618594,0.42450804986757823,0.006545183923323328,-68.45940888447484,22.686274037034373,-0.0030005713443380117,-39.20635422109828,1.8980376440299496e-05,1.1011346725111943,-3.442882919786605,1.5739472786011242,0.002516171369655946,-0.020728299698403514,-133.99198191073256,-17.250524823905863,0.1870505714350526,126.72421092572307,37.49512308307309,21393
115.41876961332272,-3.8072591844153515e-07,-3.2322886543059235e-07,-0.007335701934003146,3.064510311922047e-07,-0.0005699132525984327,0.3303340828249758,0.5111187009905309,0.005970784534977948,-63.72986547326115,19.119661763550575,-0.002109088527712262,-37.76739082629458,1.930505238645941e-05,0.9834066330808113,-0.3863814455667182,3.5924840814717687,0.001984921711759344,-0.02937974344704734,-102.61551283656229,-19.600117031981043,0.12502652781197826,126.72424638400412,37.4931416557936,21394
111.21956697975486,-3.83366906372187e-07,-2.2293844164306955e-07,-0.006796631807246827,3.242768994606543e-07,-0.0007149685167617817,0.34823451309192394,0.527763075344943,0.005277651644389508,-59.17376998584677,16.732595332809385,-0.0026337075556405127,-30.916771951173416,1.1715655150478162e-05,1.0126784481907591,2.0514684138433195,2.2400332274412205,0.0016052885734207688,-0.027791390134478823,-91.9762677585748,-13.647473856409919,0.10964665714644202,126.72662171464519,37.49224769081569,21395
107.74720088160886,-4.064469511123868e-07,-2.0899052345627586e-07,-0.007173865489213078,3.2561402523239387e-07,-0.00080586072960826,0.24834479613824534,0.46920571977898784,0.0045363698976627394,-61.577543906618295,17.11897559653292,-0.0035304804543893737,-25.335198288174187,5.973670428172208e-06,1.0771386190681813,2.20462351260418,1.5394841098607397,0.0015261251367092831,-0.02095785071624864,-92.63966230964833,-9.939183178061686,0.14906383000691503,126.72875070019806,37.49315576902194,21396
95.79092723222075,-2.497158152360066e-07,-3.271108522782442e-07,-0.008994242649547566,3.514889089668189e-07,-0.0005875171576327133,-0.037617740052798394,0.4064510065610813,-8.720658885494871e-05,-26.082740413915097,25.39679136794264,-0.001430889468049393,-12.091503428190954,-2.711548148429107e-06,0.8248096823220491,-5.497037723766023,6.057670068552884,0.0006993967784038357,-0.013277667730132678,-41.86999328283616,-7.972420945918943,0.3398093652454018,126.7335285600955,37.4958943330368,21397
92.78466272549488,-7.393033104824533e-08,-3.1197642991253383e-07,-0.009299547764183954,1.7111002636387664e-07,-0.0005202213903699551,-0.038245312993794744,0.3886003387711535,-0.0034274629129676555,-3.754630342312752,29.23022806114454,-0.0009738890785839487,-3.432713703910274,-2.4764174490332514e-05,0.7058588207766838,0.16304470228402787,6.364823499329685,-0.0002423726852411207,-0.03281077089336383,2.28718419108015,-2.071207192106318,0.34034064395921865,126.73938802007658,37.495544531644576,21398
104.61975350998878,-3.8157783739787826e-07,-1.4310008301958773e-07,-0.006247762303175936,3.013717046346909e-07,-0.0008222988751903293,0.06120469021684417,0.4426471952210147,0.003339312699957454,-66.54432747716498,15.418230254913462,-0.004223861395396283,-14.185672555350484,-5.665623370643179e-06,1.0718816490580239,4.783390132493399,1.541559046779331,0.0012225161802021677,-0.015719537380285004,-74.21379519639893,-5.503898357516662,0.17022610476321468,126.73172652454332,37.492965960231075,21399
107.59956927951507,-2.6939670610710565e-07,8.535465100854312e-08,-0.006161431235281237,2.514141351018523e-07,-0.0007156499829050188,0.06445482891465212,0.6097135325028407,0.000704405694582233,-5.427630426050072,13.942765724709172,-0.002508629334239667,-9.153657558709353,-1.2938207553176767e-05,0.8932759086180908,2.056537556908908,2.1614225483971232,-0.00028105697538838596,-0.03719548693702711,-136.68544337161595,-0.8666035301209511,0.19910838440574707,126.73385536785966,37.4916385116362,21400
107.35941071276936,-2.0421768543059812e-07,1.7587754120656186e-07,-0.005564714987433419,2.0161568134903978e-07,-0.0006663799207986535,0.03402847051933892,0.6339511237978848,-0.0008773350152766838,5.126429670239597,13.407200165428808,-0.00193377357378112,0.2838467413310148,-3.182629690354305e-05,0.7773061959211324,6.195113832963871,0.6147474456815173,-0.0008464695703843003,-0.028348402209303195,-144.30587673901437,2.786556391457163,0.1773690935447301,126.73805315071594,37.491102177440354,21401
107.41479571837345,-1.2871071018276255e-07,2.0058645096318285e-07,-0.005332157409609294,1.592908034212339e-07,-0.0006114097674318914,0.0322383543848097,0.6421360806542532,-0.0015809859139789674,7.859508164930753,14.154097115683337,-0.001433613964846248,3.979421167990058,-4.220437398665286e-05,0.6831445769722772,8.347059775063421,-0.11097308848611212,-0.001076724960132086,-0.026076011885927262,-142.1150717132398,4.5704651982280975,0.16823603068504636,126.74135212742111,37.490648494906665,21402
107.7021795686241,-2.6362177267774817e-07,2.3354450748266773e-07,-0.005982276650947816,2.334840300144675e-07,-0.0007186266250467552,0.30968491130325276,0.8061854207093235,0.0018702946527319152,1.9453742678759975,10.962423054165377,-0.0015929470229637062,-13.90715939615824,-9.54865419403187e-06,0.8308997916179833,2.683304938563175,-0.22970569421186496,-0.0003482547041381509,-0.035037204460123504,-170.16938039168616,1.2287520794060176,0.13465990909623532,126.73270623097748,37.48953454642509,21403
114.7295192158984,-3.1107303102031506e-07,-1.7325363445658972e-07,-0.0038971292784958367,3.9108279843274285e-07,0.0010855693140189517,0.35171960052257045,0.7652367121600416,0.0066114043622277335,-69.77500552152715,12.121064549434887,-0.0009839646324897734,-32.944089628354135,3.2851752853665295e-05,0.7029380245765982,2.8443968641158675,3.7642032454214,0.0017261638056159682,-0.014089818574665834,-87.2645716813453,-23.42787038199883,0.06915857900878886,126.72350279514926,37.49037966390614,21404
94.71855715191421,-1.5346696752715537e-07,3.072456848409966e-07,0.008330778461795859,1.7247000896790414e-07,0.0002059115471490543,0.008566486548675407,1.0361928418250352,0.0016194592183115509,-40.400305766505596,14.323946858000795,0.0014294009921356613,13.915108515351465,8.145426625557921e-05,0.17743307939464176,4.932039311776508,16.166280919905372,0.003110690928932265,0.0577531523292515,-39.43449447617862,-60.95798479487939,0.17841596523173384,126.71190655939117,37.48827801913773,21405
105.97817379673086,-2.8360553931197785e-07,7.201438292696937e-08,-0.004474410504451194,3.4633634728502426e-07,-0.001959513467259299,0.4214752768738945,0.9777984931176112,0.004524522899203509,-6.144770183261861,5.797900394491671,-0.0005486406755270589,-21.87115119670089,1.889996592888542e-05,0.7953694714137346,6.316313078879521,0.6634295277668493,-8.18736676734883e-05,-0.036807946081886006,-114.56156311426872,-5.43320222644833,0.05235260924912723,126.72737099803639,37.48833961691259,21406
110.3172583685534,-2.999210472153745e-07,-8.04668711331661e-08,-0.0020878273646751325,4.849994395732822e-07,0.0008233980793470723,0.3538167268565074,0.9834172512783453,0.006858695850588579,-58.8172390636636,5.939427538715553,-0.00026304587997525944,-25.642227401789043,4.3659594346131443e-05,0.5840197545830396,4.2168872921979945,2.605209506529735,0.0012895900248141652,-0.002816193108364856,-83.39127046403003,-23.000356920642947,0.05804040863636266,126.72347860560502,37.48862329371838,21407
101.52936722604208,-3.187326318535584e-07,8.988203460329993e-08,0.002606183340672675,6.243303418868986e-07,0.000520458433613002,0.17364305459089738,1.3591882122865084,0.006348599104959986,-41.10590776299628,-2.3111079042601355,0.0009618957304798632,-9.216170703852594,8.544638775443275e-05,0.35473237903052945,1.3519574868272086,10.255159014587436,0.0009452669309073479,0.03671017683838301,-73.6227626001546,-37.55385451486955,0.09956922210582513,126.71952945056313,37.48791378424038,21408
97.1309519771615,-3.000343292545075e-07,1.601163633434847e-07,0.00606557512164687,5.475932576375679e-07,9.233494452303859e-05,0.05523177700482575,1.215567195991901,0.004460257471978696,-39.27873943441648,1.7919791822827575,0.0013663545046204736,3.2390221212721584,9.239341991380873e-05,0.2784150484741122,3.520310164904073,12.92045820041877,0.0021016352658138953,0.0484779146444931,-46.749313426281866,-51.26400006774559,0.158655297410119,126.71629369822541,37.48732526129932,21409
93.98158731857482,-2.691715246256655e-07,1.5766524098081967e-08,0.008750978342464195,6.795165591127167e-07,-0.0009517684411290166,0.03518098979628442,1.0091196714964048,0.0032255803037003522,-33.14378557158687,3.1494493451928314,0.0021666970901438342,9.452768545280616,8.623722250622713e-05,0.2865355317045088,9.753638861216087,9.876557894303318,0.0031728325679975526,0.031685291977221496,-14.171488073654558,-54.69682008865448,0.19812393897094982,126.7150936484797,37.48495080379566,21410
93.81726077650161,-1.8182330817193872e-07,-5.400595589788663e-09,0.009597435564851405,5.763904601802763e-07,-0.0009971551321312927,0.05148119981725609,0.9512206078319405,0.0021452793753393277,-32.23281145307377,8.729087278889228,0.0029674162976070623,15.066802966283847,7.13181787665196e-05,0.2415137988706391,10.92778885794415,8.505008360068715,0.00343894563747532,0.027624190919951233,-8.392786444333087,-56.474227120234666,0.2070519298567542,126.71307511862561,37.48456806462932,21411
92.77253693895419,-6.585988949005863e-08,-8.172821494543741e-08,0.01039924331728826,5.137793837372324e-07,-0.0012207378912726886,0.1107337644545141,0.9407949483872946,0.0014734728520863591,-30.936303843715066,15.362565444887709,0.003952601514216044,21.882941803605547,5.2075435660013346e-05,0.18947222661629604,15.043872823724213,3.991620378925056,0.003495979945354208,0.0164280840972393,1.4885773567381764,-55.282034526612634,0.20624062503026452,126.71107141143118,37.48336660569243,21412
91.80060065870832,1.962196323348926e-08,-9.139586315772039e-08,0.011026853855711482,4.4194458552291765e-07,-0.0012925517700740174,0.14468353348409324,0.9330542268956064,0.0008928877061862949,-30.777698232675565,19.853834633115504,0.004277015546075521,25.377453405403784,4.202550798048915e-05,0.15775651199458413,17.012253743924685,2.4534220901046657,0.003517348875355176,0.013013317272395554,7.162766557216378,-54.84188558706342,0.1994547007593543,126.70971286325026,37.48297866441356,21413
106.21663915341645,-2.5359814113431997e-07,3.165004695725255e-07,-0.0055609319939789225,2.2786373740756749e-07,-0.0007671933747149091,0.39965280838683576,1.000164342831103,0.003181642277736931,3.474154327308162,6.928280753753709,-0.001029825246320617,-14.552571595711767,-5.722435788238495e-06,0.7611718328840689,4.326997591845643,-1.9221954737450586,-0.00047555628429429126,-0.03167560060238676,-180.83265418013605,4.054907305399712,0.08729659374521197,126.73181557540234,37.48800429388356,21414
107.37850972342964,-2.5185751438917825e-07,4.200054593087739e-07,-0.0050095685274574265,2.0467920125916894e-07,-0.0007074221953192239,0.3165721608359419,0.9149066222024133,0.0012698972672393581,8.126571382687956,6.725063411061749,-0.0013183273435711307,-3.393959637053328,-2.9717913031043345e-05,0.7446513279461517,7.507549925653181,-3.7508040367810547,-0.0008683729720588671,-0.012749949973744302,-199.60172377036605,6.736927178795294,0.0797011475501061,126.73690993644202,37.48783076844946,21415
108.31084518935367,-1.3854523935310987e-07,4.845024570642078e-07,-0.004066714801181089,1.528000503822135e-07,-0.0006207927671073212,0.13628872408246615,0.9120161804663565,-0.00017912628563525814,10.719519779638919,6.151450845173995,-0.0010723534611979037,8.458952026761114,-5.240105355233586e-05,0.6216739131050967,11.149916678072675,-4.4147423936213634,-0.0013757142833543913,-0.007297566104822724,-207.44209352475536,11.087133581646539,0.08600129686812046,126.74507215985545,37.485964873332115,21416
100.36970516102863,-1.4693152681953832e-07,6.749205076709098e-07,-0.0038568985928675867,1.5388044123225904e-07,-0.0006346154531168202,0.34666700526298827,1.1475050653322267,0.0007266888034872387,12.827780053428068,2.856574583325521,-0.0005481515369201054,11.267833184348277,-6.272329879554908e-05,0.6225704744558866,12.295555489536586,-8.249417535925145,-0.0013200738840476222,0.016795545389682434,-240.70665817781142,18.059574830930742,0.04219182849130738,126.75471685962937,37.47834825661552,21417
107.62219490352555,-9.72158394010324e-08,5.514598930643412e-07,-0.0038496485537787193,1.3488085471851163e-07,-0.0005947722233651837,0.1595410458383006,0.9824326430595021,0.00012267170989763336,11.810372619171229,4.819477461147367,-0.0006750168052144338,9.41227554287847,-5.836309136865673e-05,0.57268689705516,11.6604205540341,-5.438244093709478,-0.0014170853021718793,-0.003597823322294504,-216.03641565242654,13.511200671390506,0.07196623941923251,126.74898561442397,37.48287241987407,21418
107.71590118112016,-1.6842102405316583e-07,5.302755380867531e-07,-0.004213151996668123,1.641643749187222e-07,-0.0006424535099197445,0.24561052464727606,0.9837900653435361,0.0008423389891394233,10.338616183717681,4.459587767953279,-0.0009270256787956009,3.9478186947377836,-4.5629559151552804e-05,0.6329234435916371,10.524210286932192,-5.5036711134912,-0.0012166876685805433,-0.0036307163534945426,-212.59595806182665,10.864573935292368,0.06220992662635611,126.74284871939717,37.4848722982534,21419
104.24995388056875,-2.2601635322426557e-07,5.838284657467228e-07,-0.0044690838682117625,1.841338112486417e-07,-0.0006912041394896522,0.4329808308104314,1.1112152491147869,0.0022373509653405947,9.451136810216916,2.141720306167317,-0.0006936638265778659,-0.8952545944333516,-3.6276147833252716e-05,0.6640144049437435,9.73035660767202,-7.070982079884817,-0.0010026250387854064,0.005604828579766898,-216.69037930129653,11.32237176563343,0.027165644812693342,126.7394528724412,37.4844016726677,21420
103.68439161634332,-2.17173797287502e-07,5.713092912593811e-07,-0.0045358181629785626,1.824147240773317e-07,-0.000714668104591886,0.47744503965071705,1.1701796055890041,0.0031466664262211346,8.120618169048027,1.1573109902667447,-0.00039295620779909333,-4.958449842859625,-2.816560178315759e-05,0.6422972134464959,9.450050155844838,-7.215409285728828,-0.0009039259371118298,0.0025597431664056126,-206.74556822624248,10.55783709327954,0.018834329677599897,126.73705790909489,37.484080234448285,21421
102.97910093451532,-2.1371278195273882e-07,6.347910131487696e-07,-0.004246603287469147,1.7868932976979426e-07,-0.0006800851309540029,0.443843578417317,1.1387802901297435,0.0019657345085920337,10.460629868344013,1.5776915917287049,-0.0006949942471970329,2.232565894439484,-4.3102055430021435e-05,0.6553107679671674,10.428456510783688,-7.95626027059383,-0.0010927236417567771,0.01314778609243671,-225.50200980163518,13.310690754153836,0.020267230519255816,126.74284618265462,37.48274526216631,21422
101.95831894518086,-2.021913531975805e-07,6.578195316404285e-07,-0.004285031356405129,1.7274070985577367e-07,-0.0006821875429440673,0.49406312699184224,1.2059790282668066,0.0027584238148535387,9.767992491724474,0.3004116404197422,-0.0003554581455735592,-0.29436610890392395,-3.9487546420051496e-05,0.6291741419318548,10.34335207946315,-8.63333507231286,-0.0010325738778226377,0.014543750596327194,-220.05763335383662,13.596017146520648,0.007878993839787261,126.74165449694242,37.48161073619528,21423
101.81208697906534,-3.0987405647717813e-07,6.735359261443589e-09,0.001474101135039756,6.896049182052131e-07,-0.00045087325106689136,0.2997527248992122,1.3308824636511092,0.006971769896839196,-27.342494947439157,-4.468943161389259,0.0010272544954873038,-12.20387060140392,7.244800542987632e-05,0.42110262217297756,5.656211842430362,2.1823157965947897,0.00064737478060051,0.012044486469845949,-74.57899853941485,-26.272534112619763,0.0669095612204645,126.72237107261779,37.486114291215785,21424
103.14464982622059,-2.4500748772601003e-07,1.5026555006825808e-07,-0.0031024594857821486,3.554315706778426e-07,-0.0018732146559999998,0.443798462609344,1.1958101305038358,0.005183611570697551,-1.6671202485071488,0.1053508600512185,-0.00020848251308510133,-18.86496668586124,2.898199974952031e-05,0.6853975473254296,8.442145330771728,-1.195923182351566,-0.0003312047785452134,-0.02893555560864666,-117.71433310601026,-4.138123247491249,0.030803720157635793,126.7269117548157,37.48644460274113,21425
104.45128673180237,-2.2822888351007223e-07,4.0954231021646527e-07,-0.0048874462860833716,2.1143538517213317e-07,-0.0008882536348360192,0.46371075454050414,1.1444770635976693,0.003941195642968368,5.05285251331413,2.8240617961038734,-0.0005164897728547446,-13.00378747846068,-6.882932034348283e-06,0.6842890724051242,7.166637124242426,-4.387833364280495,-0.0006406033414947042,-0.019028336979746267,-181.90632312913328,6.079355474754973,0.044175453364788564,126.73217724483142,37.48605426770212,21426
106.36642632476183,-2.2683473403754968e-07,4.829611940069771e-07,-0.004821575879782823,1.903917741836356e-07,-0.0006941587203250205,0.39006836306016396,1.0222395728850853,0.0021677150779791173,8.102596216325084,4.495088905338223,-0.0008060673326789507,-5.383208641568258,-2.7219472013304004e-05,0.6869474414624582,8.390264883469843,-5.178746071805219,-0.0008558748510424216,-0.008555041861531826,-201.58321559972202,7.730994449067796,0.05512791402574089,126.7365898540276,37.48621821910901,21427
95.99100701475759,-3.1762814074191917e-07,-1.3374329042225297e-07,0.0076273022441621895,7.972754300289862e-07,-0.0013226267059968713,0.08777184609486846,1.0164265244095971,0.004664600357930043,-31.537079804065847,0.5392967787667758,0.0025291554768995888,6.5360670151906985,8.1765212845713e-05,0.32660171575381075,12.832925331871188,4.978242191345752,0.0029417906811417672,0.018077917610303678,-10.52336896233574,-50.5610473762375,0.1802500634089026,126.717177750415,37.48376835344411,21428
97.25653912709032,-3.5088772822808787e-07,-1.6605339613236734e-07,0.005700200371686138,8.532352557528937e-07,-0.0021876642086097165,0.19206163770462295,1.1116540187578645,0.006012840149485608,-14.85429256883988,-3.0725304271743723,0.0027987327621335793,2.7308666153419963,7.624680075359051e-05,0.3760140078055396,13.996259639038172,-1.0826493112713138,0.002107676970246733,0.0048029118852045555,-18.269654588937716,-41.771438024188036,0.13945375120357492,126.72024756764228,37.48294006904674,21429
98.89983779267547,-2.9668163549856024e-07,-2.7414623159070094e-08,0.0033764223787213924,6.530793508267776e-07,-0.0022803779980432714,0.3129265230167902,1.2024346408992226,0.0056867118502568325,-9.891513309977169,-5.1743029769666,0.0017002324432539174,-5.815230605879643,6.446205773625082e-05,0.4723635319374996,14.007117203880242,-2.6424355756104547,0.0009801330150493851,-0.0016494427625650628,-43.83995579853705,-28.415948103208585,0.07985861306360885,126.72278842554158,37.48324345251364,21430
100.19677256625852,-2.0498728070009903e-07,1.8623872823830247e-07,-0.00012410325272135632,3.3193086797540413e-07,-0.0025964062941559326,0.4731224475346357,1.2126704696797392,0.004569486240044949,0.0855799739268729,-3.6284634155590556,0.0003934074272726651,-13.134587254529466,3.0362278734804492e-05,0.6425958773656011,14.21536538945179,-4.195367302621294,-0.0002046064700416366,-0.019242669564135916,-85.59549043681555,-8.240313042555952,0.014131748768363981,126.72638403027585,37.48279103909148,21431
92.3655866315087,-2.0866841414201174e-07,-3.259448990622771e-07,0.00953022188526487,8.246934360079116e-07,-0.0022267839009244613,0.13011737552524277,0.9138036956174161,0.0034759131164994834,-24.46467904087494,8.467184251770684,0.00470590690548806,17.955773126788863,5.168134875438216e-05,0.2847730211088971,20.534785193948135,-0.6500103197037534,0.0034588641125710418,-0.0008064511547430153,15.932214479255355,-50.87748932098143,0.20339359677625285,126.7148430739005,37.48080919841136,21432
92.48731837321216,1.1424555408141998e-07,-1.5091994712506764e-07,0.011024483345634403,3.75503603610931e-07,-0.0013615022730466598,0.21590217869904124,0.9456972604195228,0.0005615608424450524,-31.477494298847045,26.01307380652486,0.004892036383667166,29.72681358207891,2.408808275759754e-05,0.1133886170597434,20.833176539075783,-2.7259248899507793,0.0033380478935133976,0.0029445545653863877,12.073208000136352,-52.8681272114887,0.19081765664732026,126.70758047376522,37.48169871570618,21433
90.97367552366893,2.252035537662069e-07,-2.5820864561339187e-07,0.011851430949056994,3.7395342335505055e-07,-0.0017305741291428393,0.3215764972846371,0.9133504906529463,-0.00018049338560141722,-34.6295848594602,33.76723061252759,0.005773194874669173,34.470900699682154,-4.60348713795679e-06,0.09104978624826861,28.39825717241906,-9.269887331704991,0.003234548250282208,-0.008692912936303743,34.1870828876822,-49.482765506797065,0.1750837191009868,126.70501865787928,37.478362591715,21434
90.23897667182855,8.168485190324909e-08,-3.428825260306692e-07,0.011316816399916323,5.549495265347601e-07,-0.001997540075932731,0.2724135288374278,0.9126732327144392,0.000999230009129033,-33.6315926241207,26.102761021255823,0.005839423457972676,31.388755503040123,9.600255972168662e-06,0.15405774110975506,28.382317415270354,-8.327821006808428,0.0033189334233320804,-0.010128390750799581,35.06760837494569,-49.257998657590505,0.19258687096147925,126.7085079976983,37.47817386366074,21435
90.9184763108068,9.046450615367596e-08,-4.1425459339753324e-07,0.01101246554287022,6.096304360477116e-07,-0.002639195766635718,0.3353136532368266,0.9128070719896236,0.0009465934893520006,-24.376270004132312,28.29473859604481,0.006595391145667791,34.033612256745926,-4.748243697021242e-06,0.15419898980700528,32.21583075463229,-13.382420512033287,0.0029810131543196055,-0.021728622764728256,38.507161346285066,-46.50955349316498,0.18305144183462177,126.70721419994298,37.47468659381059,21436
90.85588393407313,1.7928510241185657e-07,-3.8788440493119646e-07,0.011564697018575982,5.166771314065631e-07,-0.0024729668858469943,0.38139495816300617,0.8980880716428544,7.927680011036288e-06,-28.000735701244835,34.005877645971665,0.006642546372510551,36.2722765872816,-1.9117963940686898e-05,0.11802688821027148,34.05898419010878,-14.986436114691594,0.002945217678050018,-0.021895521207631843,43.25828422498971,-45.891683135898894,0.17321338902302727,126.70397172235378,37.47318102192242,21437
90.86575491750742,9.252354607853525e-08,-4.5552468155747524e-07,0.010943597848663892,6.44263117271999e-07,-0.002980898672877044,0.370192929028546,0.9029178716147401,0.0008924010391437534,-20.773916536106306,29.62879028093208,0.006996649172141952,35.44379356024532,-1.377082377559169e-05,0.1575372994449303,34.88171006614504,-16.001438132483507,0.0028417696833340274,-0.027253281964847807,42.6617741843002,-44.9789002015036,0.17692366821285882,126.70643758842904,37.47198263683672,21438
90.7518788689859,1.1905230894054665e-07,-4.675790987499196e-07,0.011140243995668354,6.354568008913761e-07,-0.003095727650658245,0.40003678156305295,0.8904400837488468,0.0005337205529337172,-20.259822844066377,32.02091528119557,0.007200839557513766,36.756745169649676,-2.2862244032093353e-05,0.14920478985449445,36.831567865684434,-17.618038319454016,0.002766720084831762,-0.029711139104096774,46.33739054347365,-44.071751772916784,0.17112709201379692,126.70483955450528,37.469765617336265,21439
93.47740916560454,2.1724629628712524e-07,-4.621346367887158e-08,0.011024232850897263,1.7901102925797083e-07,-0.0009577286303442314,0.2026789328615328,0.946811494335488,-0.00026168788483845736,-30.04508120039717,30.490047331561158,0.0043897304621160855,30.616811874791143,2.511224943469351e-05,0.05576507498135753,18.140304826610343,0.5415920989453801,0.003353387116242458,0.010220503546772433,-1.341827337297881,-55.075631228020484,0.1761292218285652,126.70578803824107,37.48380875851737,21440
93.81325425067514,3.073777888728833e-07,-1.47109536684605e-07,0.011269960830781363,1.8670670799219264e-07,-0.001225148587794894,0.3077490069842923,0.9449990859826679,-0.0005978930758857773,-31.328905845200154,37.04003835778037,0.005119374638727155,34.65766106535941,-2.140264401656883e-07,0.030533480160997974,23.741257718219615,-6.906462534872397,0.0031844317142586042,-0.0025477782926514162,11.428711387869999,-51.37715662711327,0.16331709082506146,126.70250507865805,37.48083151256389,21441
94.67533176596903,4.769175189335502e-07,-1.5800342570562717e-07,0.011920362231590747,9.595341432741714e-08,-0.001228901647587866,0.3863730030502975,0.9199989277945589,-0.0016613073002076054,-30.98827678285733,45.52006730320565,0.005248579934440248,37.17291838495809,-2.4078616513646275e-05,-0.01988976366244965,26.33645393211267,-9.852274466350057,0.0031174048438082423,-0.0045299209787478725,16.442319718902272,-49.97700794343454,0.13395632692623116,126.6982352937803,37.479768325338654,21442
93.47091147545366,3.9228031969744164e-07,-2.0223002271225307e-07,0.011989505803447568,1.9556065066098247e-07,-0.001462249882843643,0.40663600946088485,0.9149155611214441,-0.0013586192557957918,-33.77241212832688,43.44822127137395,0.005633118145026099,37.59268990717538,-2.762012585441871e-05,0.01087483099279122,29.073057982821254,-12.54456792747586,0.003094943703034088,-0.009029947534541824,27.972065992449565,-48.36143679790025,0.1445697232007185,126.69854068956828,37.47697521518513,21443
91.40420752106024,2.8999495673954896e-07,-2.701235439704836e-07,0.01204554972427361,3.3240262862632934e-07,-0.0017534299021530531,0.38217325870914604,0.9038857539085986,-0.0007722799028646417,-36.02459983424858,38.69918995224681,0.005994788911310015,36.67403278412494,-2.0971264774972854e-05,0.06294760082406013,31.15815891507743,-12.651592277425305,0.0031269073589922755,-0.012367715118006198,39.52794562528146,-47.864300350041866,0.16350217265850667,126.70202619501492,37.47620631922906,21444
90.9565772852034,2.501493567743107e-07,-3.44087637115678e-07,0.011984754805764443,4.250712464705808e-07,-0.0021600635008623315,0.4086941944613899,0.8911968037564872,-0.0006792551874202962,-33.16357821175955,38.17430448589631,0.006463083017399519,37.38437924484654,-2.7907061097241655e-05,0.08439439823099876,34.3538132633781,-15.412599281766253,0.0029945539725886785,-0.018911298914772848,45.81950925001576,-45.96859976425558,0.16545820229466734,126.70153094779319,37.47301138641921,21445
90.65455540640691,2.028466382891345e-07,-4.245508761468601e-07,0.011839183680080204,5.376953932418378e-07,-0.002811803384480379,0.42862645142625955,0.8753111597015102,-0.0004450205880401678,-24.74318589636301,37.02189670200364,0.007082103179256342,38.01686430955923,-3.397279633690452e-05,0.11418085285354183,37.52379312261679,-17.732973582610626,0.0027972238102901216,-0.027142750121492414,49.55588806157639,-44.15065494740912,0.16267736317416012,126.70174218856947,37.469454654473004,21446
97.63547025463453,5.497776673158038e-07,-1.27806018661947e-07,0.010329897430420246,-5.4221536567478887e-08,-0.0006490291152186702,0.3590797119925494,0.9500323276434144,-0.0018950720669843515,-27.098718168525043,48.383512363357596,0.004317788990884948,36.948769693404394,-1.582821692095048e-05,-0.07764467885023948,22.198221112977574,-7.3099830303839335,0.0031383590023211275,0.0012552081424553646,-18.769476125774414,-51.045562343089586,0.13068749372035443,126.69483404621613,37.48204593719541,21447
96.92859379529999,5.701622100803373e-07,-1.6758523130549097e-07,0.01183484303164999,4.0814954898066276e-08,-0.0011039410303872769,0.469915516401107,0.9070329747240571,-0.00244192775471635,-30.54081922946665,52.192700679143734,0.005048396070122539,39.029808367267805,-4.808035175843774e-05,-0.07022517269698973,28.15210207156928,-13.793699395261312,0.003083623348069424,-0.004963927421674772,11.06179009412866,-47.71095836853498,0.1057741471752461,126.69062932404566,37.47635873189149,21448
96.71070756371007,5.384959515238515e-07,-1.795018015703603e-07,0.011986602826722963,7.219821211444683e-08,-0.0011812299147761457,0.4977193285775954,0.9009137401800671,-0.0025116524451189496,-32.05531646161503,52.33659573696053,0.005206876620271017,39.67080969114968,-5.529661483426381e-05,-0.06632453404786125,29.742351763144214,-15.822051915876079,0.003075489684932964,-0.0064468744222454105,16.458711859749663,-46.60379821898505,0.10491161523758281,126.68816734269693,37.47328903992396,21449
94.23076727813343,4.4201581732353954e-07,-2.070351182921928e-07,0.012212420882813064,1.722316214825496e-07,-0.0014570390840311345,0.4632029801359815,0.9028352321897017,-0.001916538239304827,-34.34185927423978,47.530272777159865,0.005669983907452047,38.932729284615206,-4.402282071548791e-05,-0.014290156759159395,30.927507695344193,-15.360391427189416,0.0030575776950005347,-0.009860934659458696,30.41519519989377,-46.856518304318605,0.12929064263730508,126.6940311275361,37.474062581305255,21450
93.59922488045414,3.818835156998082e-07,-2.1825477218699196e-07,0.01196385741864538,2.1790579313122024e-07,-0.0015101465243929084,0.4309836684182087,0.9128782670879926,-0.0014154161824637217,-34.683855982264916,44.09970493561011,0.005718102346726236,38.16376447790981,-3.332527336574445e-05,0.01070980040680159,30.373829635096516,-14.459856106293543,0.00306179756234104,-0.010865007437429212,30.342665030092608,-47.27694158707484,0.14411477855539975,126.69664142405678,37.4747875190257,21451
91.21774240929959,3.0190508428031887e-07,-3.215445066462667e-07,0.01228951801821671,3.7279305588445286e-07,-0.0020454688083652354,0.4414616318947004,0.8830209300175011,-0.0012318690139843636,-35.083840235675424,41.61554321509504,0.00642847687566,38.4172455437245,-3.804263473992863e-05,0.06016401517187721,35.157065280655694,-16.523132779811373,0.0029879961083780627,-0.017921454963999238,48.224487142155105,-45.52772859358515,0.15592943134404694,126.69904100534173,37.471885756985365,21452
91.57336139235841,3.1202225454653523e-07,-3.224470715460917e-07,0.0123340180737075,3.71637150701363e-07,-0.0021159278362802287,0.45851832932269904,0.8797030189431196,-0.0014120243045562468,-33.452707477635926,42.660075819790826,0.006496146211322768,38.873943706887346,-4.29945778869752e-05,0.0551393701626055,35.6924985905005,-17.446283173961916,0.0029353491221228495,-0.018993809616500195,47.851267998382546,-44.994059572218724,0.15150970457926802,126.69750605651875,37.47039123769449,21453
92.12163266525558,3.251110589979844e-07,-3.1013952463815226e-07,0.012310250883402556,3.550217356452542e-07,-0.00208830562004866,0.4690293206508485,0.8821168235889235,-0.0015308590217747958,-32.57294947535055,43.4985452758686,0.006442090981777756,39.118379945308305,-4.558838427145567e-05,0.04661471027659993,35.41428055441592,-17.911386524782515,0.002913745095091769,-0.01872890983649563,45.417687440003306,-44.816786590484064,0.14783064093294976,126.69593885139915,37.46944290368492,21454
93.77316966146033,4.192126356411367e-07,-2.286671931037617e-07,0.012368695540172862,2.1374020317292398e-07,-0.00156249250157304,0.4859907379715361,0.8941865712811853,-0.002009450112687605,-35.91595755267441,47.65833680250282,0.005840141521591275,39.43433519698344,-5.0391361769449195e-05,-0.006482221377478545,32.759090917569424,-17.181567403901383,0.0030347009843304713,-0.011632618464335508,36.81735986680687,-45.76364682876834,0.13114302765874328,126.69237158317031,37.471207649397485,21455
99.28281401721839,-1.2996251024099973e-07,-1.500164775251254e-07,0.004903666430813664,3.0745956312788983e-07,-0.00401299081509163,0.3678744898605126,0.8387710402413007,0.0016065207458109876,0.9634153552097402,5.101481098001201,0.004573504530624721,5.165928722547045,-6.442799301079074e-06,0.5240019465729815,24.441950285159106,-10.378952964300625,0.0020805615358306297,-0.02849835652542523,3.550122090868667,-30.65681985592579,0.10934046886798074,126.72368665566553,37.47607395902775,21456
99.65548227549688,-1.8759023352055153e-07,7.09387998075885e-07,-0.004057958906479943,1.6965686094895522e-07,-0.0006644859992043674,0.48964826446831344,1.2157122834094936,0.001948362837036126,11.514133759160826,0.7766729826944789,-0.000525518322747573,5.298199164128645,-5.1000981565114615e-05,0.6409435283301439,11.213417982903023,-9.47439283413263,-0.0011507921937810718,0.023230911192828243,-235.8531661303302,16.58754828303395,0.012901998265142647,126.74937733841922,37.47854565188116,21457
99.41932623135254,-2.385463313285707e-07,3.5919022525367313e-07,-0.0030959105572276593,2.5102188106163046e-07,-0.002869702749137836,0.5519012385692884,1.1639638052471062,0.004194954318809918,10.175856082533738,-0.7895870272004841,-0.00010898345104519315,-11.878096805744734,-4.003111646770773e-06,0.7814755979296102,11.27290181795903,-4.605841806685175,-0.0007637016657537087,-0.018348271164233015,-125.04531494680022,5.522522734774777,-0.01632822260041402,126.73115394555708,37.483104761541625,21458
98.82324830990974,-1.707948521079609e-07,7.235253903527793e-07,-0.003610747982247695,1.652567096136026e-07,-0.0010495396296807923,0.6621138388245663,1.3045009012140933,0.004759801050955381,10.082811502812769,-0.584726179035548,0.0006472257186054443,-5.284878269147248,-3.947953834373459e-05,0.6172822792919964,11.129430570427395,-11.0467469050891,-0.0008843536070815674,0.01981144429156061,-199.6704453297211,13.825347284773999,-0.04225767983142389,126.74291421944027,37.474121003386045,21459
