BAS_ID,BAS_AR,도로길이고려_전체통합도,도로길이고려_국부통합도_R3,기초구역평균_전체통합도,기초구역평균_국부통합도_R3,도로율,평균 도로 길이,아파트시세변화_차분평균,평균영업기간,평균폐업기간,평균최근접역거리,평균최근접정류장거리,건물노후도,공동주택 비율,근린생활시설 비율,단독주택 비율,아파트 가구수,외식업매출월평균변화량,서비스업매출월평균변화량,소매업매출월평균변화량,외식업매출비율,서비스업매출비율,소매업매출비율,외식업종다양성,서비스업종다양성,소매업종다양성,상가밀도,주중 / 주말,06 to 18 / 18 to 06,개별공시지가 변화 차분평균,(주거인구+직장인구) / 유동인구,주거인구/직장인구,10_30 / 40_60,점포밀도
21300,0.74333,617.1300761,7987.604945,0.060036731,0.907932185,7.332335863,119.2534627,0.0,163.10648228067743,199.05679103666668,1.1727160427825307,0.1298071543382783,267.1132075,52.9,42.0,5.1,0,-2068241.586,181461.1466,-17897949.2,0.076382203,0.036520837,0.887096959,0.806504609875222,1.6094379124341005,2.3909798705466114,86.09904080287355,2.342449225,2.695669458,31337.73585,0.268397665,0.149563378,0.406895625,7.046875
21301,0.121045,221.3970462,2876.534944,0.069661055,0.938454306,30.94811891,211.3408333,305.909,156.24961498125,52.89636337333334,1.6966828337561612,0.0918409533338731,308.7,79.4,20.2,0.4,266,53973.24138,336790.7904,-1135449.044,0.116603202,0.070772853,0.812623944,1.3862943611198906,1.1275347898191252,1.9850800347841984,346.9783964641249,2.315147333,2.280276769,344640.0,0.254880813,0.667946364,0.439756949,11.523809523809524
21302,0.175777,341.2528777,4162.583064,0.087372368,1.08461935,25.54690536,214.1441875,0.0,111.95073015532911,93.78700452266666,1.6978108945722712,0.0404178904641389,209.0344828,32.7,2.2,0.2,0,2928178.509,-2774247.799,32740564.5,0.165726138,0.085405395,0.748868468,2.063956247552524,2.0291545628109144,1.3147991572059192,876.1100712835013,2.064956712,2.339853193,174949.4624,0.220316631,0.899424865,0.508371047,143.58441558441558
21303,0.270679,475.0380102,6080.093135,0.08471194,1.079401398,15.51712099,105.01132,912.5,153.72800261,161.2932719863158,1.802432025375056,0.1834611537465319,473.0,31.3,55.9,12.8,80,-324029.6552,-51083.79793,299038.6207,0.466233799,0.175485123,0.358281079,1.3862943611198906,2.3640449155663164,2.0640170503920974,232.74801517664835,2.273528237,2.246296708,97041.79104,0.108296273,6.308614127,0.441901741,36.11111111111112
21304,0.073319,273.241567,3575.514233,0.092931019,1.107097966,32.7139266,134.3617647,369.231,177.3294508969921,100.92290281897222,1.6043008376997077,0.084995118608345,385.1688889,14.7,37.5,41.2,130,-453554.3034,1030462.396,-98316.81379,0.628149772,0.171518807,0.200331421,2.0962027709337034,2.2899201319853306,2.37911185279709,2495.9423887396174,2.016228095,2.004098756,166589.3365,0.212988988,1.95939045,0.479892855,113.8360655737705
21305,0.098059,523.7108482,6145.133162,0.095791748,1.10061403,38.0699162,106.0771277,0.0,177.9364428262561,156.26319276812245,1.6191317309506588,0.09433678785627,425.75,0.0,79.0,21.0,209,-144303.251,370604.1379,-7110223.954,0.302816792,0.215008312,0.482174896,1.7735578964839496,1.982772029440003,2.589744944502398,2335.3287306621523,2.048315822,1.997068855,69414.5288,0.2246665,2.090174055,0.412278526,101.35807860262008
21306,0.284578,649.3819627,7939.781286,0.087014968,1.078934844,12.80279237,117.9553818,1753.75,150.92760692058823,147.10475668,1.7993133546912712,0.2634359560185369,380.1428571,0.0,25.8,74.2,70,-602021.5172,39236.14138,-433631.1172,0.342739812,0.15000167,0.507258518,1.5808185358593017,2.226997804998561,1.765190524135016,207.32452965443568,1.953813226,2.429455806,76053.06346,1.304734286,24.64039801,0.36857908,52.23728813559322
21307,0.616604,589.2732841,7121.372418,0.089114744,1.069964206,6.382154131,119.3240189,458.70125,124.11845098361906,145.57489320081035,1.7813332376127609,0.3319476707322225,369.6898148,41.3,26.9,31.9,351,-686269.7931,-307753.3448,13383206.19,0.268692281,0.130431065,0.600876654,1.8546230807743016,2.4186387996455783,2.2716811804031583,252.99868310941864,1.944366258,2.252227257,56452.17391,0.911136003,8.710714485,0.400088212,49.26282051282051
21308,0.2299,421.903482,5071.581658,0.093441008,1.153545086,9.134493482,156.4074545,0.0,196.32435984664286,220.02915869999998,1.8148861526051887,0.14791290883642,446.4454545,33.3,18.9,47.8,200,-125522.8621,14728.62069,-590056.569,0.187183888,0.048566819,0.764249293,0.9556998911125344,1.9730014063936128,2.0982737395252498,121.79208351457156,2.262531808,1.770196473,67064.35185,0.970011263,9.507922137,0.511661008,21.785714285714285
21309,0.102131,342.1287409,4248.872704,0.098517971,1.144898918,33.74892118,149.3655238,1716.714,136.4427817205946,113.36451387703846,1.590004007814955,0.0699603901773708,418.0157068,20.9,41.1,30.0,530,-2245573.31,-173450.8586,-17258575.21,0.158538123,0.154229265,0.687232612,2.0229756853401164,2.4168532381706287,2.6306062260558685,1968.0606280169584,2.146131428,1.985019412,77593.49776,0.242857787,4.188744074,0.474761187,111.66666666666669
21310,0.237822,377.2476671,5058.295737,0.086039624,1.053636766,21.65033679,227.7860556,342.4085,151.05241192792957,131.27792046120692,1.2385739000110394,0.087701269029669,318.8446602,41.4,45.2,3.2,838,-1141270.586,-980084.4276,-58854977.41,0.036058804,0.038085394,0.925855803,1.6565641231062682,2.3324138833704824,2.304349123918548,622.3141677388971,2.43210884,2.365563433,119822.4852,0.425846244,1.579673001,0.446257986,26.864864864864863
21311,0.118429,379.0376406,4513.843601,0.092221166,1.077737249,40.97850963,125.5661333,174.786,191.914765043391,151.39968650783334,1.4151443576906673,0.0669957024697973,342.7944444,27.6,31.3,20.4,196,374002.5172,1340021.021,-3278866.442,0.436174859,0.158640293,0.405184848,1.9085824427122584,2.449271872441127,2.09910087875918,1967.4235195771305,2.266419332,1.979216392,99730.0995,0.584421084,4.828482252,0.451079082,80.98712446351931
21312,0.251633,475.9783253,5835.218463,0.09647695,1.135147066,23.25477082,227.8209,536.212,152.14391641203414,144.3455864445238,1.3988512579802077,0.0591986653189711,300.9568966,28.9,35.2,3.4,2257,-4297413.659,3153910.586,-9999992.735,0.39060404,0.249024994,0.360370966,1.754335850426226,2.718689365248315,2.536308297160649,1319.3817980948445,2.202115339,1.910852508,72588.1295,0.54414747,4.581338547,0.465010147,90.34036144578312
21313,0.244737,420.1243731,4727.361243,0.096580768,1.074910653,23.28807957,166.01972,246.1415,123.91952448576153,115.38975168672414,1.371739099026983,0.0684116887363766,326.8,24.7,28.3,9.8,0,3610250.278,927338.1069,27161945.79,0.515263066,0.113188318,0.371548616,1.9473519988061585,2.298560162061668,2.3980615334401127,1090.9670380857815,2.204425225,1.613966946,49039.50617,0.186530067,2.201007885,0.560616928,78.74531835205993
21314,0.375146,526.95608,6773.613745,0.091657737,1.093197556,21.26536823,431.4314167,0.0,142.47246693102778,151.12972887833334,0.9800054462860828,0.1141598997332341,414.5,0.0,44.2,10.5,0,7394.137931,580833.5714,-944267.31,0.088829382,0.536087987,0.375082631,1.0373923246209082,1.615119550060412,1.952138209415365,130.61581357658085,2.743374299,2.968266678,101405.2885,0.496179832,0.049805909,0.435522974,12.918367346938776
21315,0.408002,514.3535322,6543.464993,0.092064727,1.098243739,23.29117061,535.7467,0.0,85.26359580087038,74.67569311578947,0.2360842506979306,0.0973511953545977,275.5,0.0,100.0,0.0,0,-1110636.298,-804918.1403,-18858015.32,0.31038674,0.149917891,0.539695369,1.6980507286992808,2.407598104797596,2.4285954566529515,343.13557286483893,2.624897435,2.532764294,45030.76923,0.277101107,0.000890841,0.553438558,46.12857142857143
21316,0.428242,553.9188531,6828.550655,0.079495939,1.029176254,18.98375864,146.6898182,-276.7553333,148.64696872903968,150.6611691448276,0.3946124172152706,0.07542452613411,357.92,45.1,30.4,14.5,824,-2991537.591,30820.43552,-10900661.76,0.252044258,0.135844792,0.61211095,2.0671686118441968,2.6042678298639745,2.3596195577050643,462.3553971819672,2.336775866,1.924225042,78201.26812,0.181189878,3.280136659,0.59930197,52.84848484848485
21317,0.241124,498.9858074,6441.89261,0.07948237,1.029947685,22.53742307,130.6498293,318.929,157.46165717407766,83.56123475462857,0.7927970325785214,0.0725271428280565,271.3661017,58.1,26.9,14.2,247,-525773.8966,-2145269.622,5613254.674,0.128839075,0.095685531,0.775475394,1.9215366401829648,2.3592165673491525,2.664121200120744,796.2707984273652,2.157156556,1.927749148,72911.67192,0.416201949,5.167934792,0.494422516,38.640625
21318,0.442423,676.7286189,8515.344924,0.084346504,1.058646274,22.35920496,175.7441778,8.60125,129.5646675208923,104.73041883126984,1.3578839486271492,0.0771089134293174,303.3274336,71.5,24.4,1.8,3876,-3140727.89,466295.3207,-28219554.17,0.14461985,0.093783725,0.761596425,2.145967213117933,2.3230592132585524,2.5032806197009654,906.372408306078,2.160309323,1.603174822,66987.87879,0.616335805,9.557111951,0.508388857,44.98503740648379
21319,0.264186,263.9477984,3256.151457,0.084575102,1.04913154,11.22418688,357.697,-721.88425,128.94125324629357,67.6777757225,1.6857302010461228,0.0823643541691301,216.0555556,38.2,51.1,10.2,3206,1522679.215,-763482.9445,-3770384.222,0.421992455,0.24680849,0.331199055,1.748927960653767,2.527850840287418,2.2765772547117384,734.3311151991401,2.249205482,1.786433745,69697.56098,0.551500069,8.592387409,0.512000195,72.19072164948453
21320,0.28592,391.9207342,4969.382817,0.096146825,1.249460948,18.48080562,294.6534,-137.201,96.22976515693334,46.66214912,1.7287373178567471,0.1551550193694762,184.1111111,48.3,39.7,0.1,1324,-29701.27586,-936980.9483,-18901291.99,0.006003766,0.024982765,0.969013469,1.7328679513998633,2.0086361303902898,1.2108708726886126,311.27588136541686,2.110735283,2.539827079,91066.66667,0.114741942,3.285546898,0.42893124,33.98876404494382
21321,0.231303,544.2436379,7036.965767,0.086547915,1.097501764,19.37055925,125.4477179,-207.36,117.70222156278048,76.45480866418183,1.406946575306897,0.1109424119357747,291.206278,67.5,20.3,8.3,2777,-91121.68276,1696750.71,-2513403.479,0.21132111,0.116672489,0.672006401,2.050520615452549,2.328628508708246,2.344036574433272,972.7500291825008,2.133951927,1.59308367,46611.84211,0.718308468,8.916488052,0.496788763,41.77777777777778
21322,0.734992,441.8543295,4204.016132,0.114752861,0.888799924,5.175968596,313.4409,0.0,201.4661492,,1.4911843635232418,0.1191857097852436,84.5,0.0,100.0,0.0,0,29051.03448,381872.4828,-11516208.05,0.068312618,0.05588719,0.875800192,1.039720770839918,0.6931471805599453,1.0986122886681096,12.24503123843525,2.065052221,2.532624495,43300.0,0.017735443,0.012871161,0.450134384,2.6666666666666665
21323,0.092471,224.5067346,2893.276538,0.092328681,1.190669683,34.82922108,159.6641429,0.0,96.2450104007351,89.749686845,1.0653318465727482,0.0658558532749979,148.7553191,0.0,60.9,39.1,0,-4079001.088,15260.61379,-3368536.166,0.668547971,0.151970931,0.179481098,2.0027754808240164,2.2997667755151787,2.0390621409201493,2292.6106563138715,2.124196739,1.868213372,70774.74227,0.189217656,0.433542248,0.479746389,91.08490566037736
21324,0.146951,106.3654338,1237.215821,0.0935682,1.06784279,17.43921672,315.67675,-96.978,128.16690281181818,110.35955565,1.187020232503593,0.0626757863730043,167.0,88.9,11.1,0.0,1622,-356139.2586,127975.2069,-719656.0386,0.28494243,0.264506509,0.450551061,0.0,2.243329608800697,0.6365141682948128,217.75966138372647,2.084304059,1.353584075,49750.0,0.758000294,68.05403159,0.499976957,27.25
21325,0.211148,250.7884793,2616.701361,0.096852243,0.966650466,19.40989065,430.4518,1551.028,106.42592998154545,37.37243064575,0.9997380576414352,0.0823773734974201,155.0,91.1,8.9,0.0,1030,-116124.6207,-224547.069,-655398.0379,0.068308316,0.316092475,0.615599209,1.5890269151739729,1.943377925753288,2.138397246347724,213.1206547066513,2.154819257,1.492908154,57500.0,0.36132886,35.87782645,0.482758238,34.75555555555555
21326,0.117859,151.6003286,2901.156635,0.082017537,1.048799914,19.53039291,143.8353846,0.0,118.64367998428573,77.47181667,1.1648020473768002,0.1272430412970692,110.1578947,0.0,6.5,93.5,0,-30835.55556,-125672.1429,-19249116.08,0.000792256,0.00611757,0.993090173,0.6931471805599453,0.6931471805599453,1.0042424730540764,93.33186264943704,2.048387183,2.149056447,52643.22034,0.126380068,4.466766021,0.444540803,6.727272727272728
21327,0.070042,152.1288623,1900.830625,0.094847221,0.979606687,29.07479321,277.55,0.0,89.85810797,,0.7252360635260124,0.0646072026812597,131.3333333,0.0,100.0,0.0,0,-34481.37931,,,,,,0.6365141682948128,0.0,0.0,57.10859198766455,1.989087351,1.455282073,52240.0,0.082279246,0.0,0.502812609,12.0
21328,0.113134,175.8773577,2107.55578,0.095341585,1.013591993,29.16151573,245.2728333,-114.208,106.4333969837857,86.18931257000001,0.6106705411232561,0.0593676368814897,157.0,97.4,2.6,0.0,1873,-454388.5517,-481272.8276,-96207.00897,0.196074559,0.164430031,0.63949541,0.5623351446188083,2.0911388826204176,1.7328679513998633,265.17227358707373,2.146615817,1.580685907,49000.0,0.876644588,272.3627551,0.538208478,25.133333333333333
21329,0.074603,211.3708216,2478.498955,0.088903419,1.103246218,33.03040511,207.3765,1482.545,136.88621086132375,105.83977819011112,0.3018897418788725,0.0828165708370453,303.6091954,29.3,62.6,5.5,311,225518.4741,1232902.748,2239924.721,0.535503999,0.269466944,0.195029057,1.910459712464568,2.497312876361548,2.1702798379062225,2466.388751122609,2.260253964,1.872417638,97474.17582,0.272112647,1.809849976,0.560213962,58.57608695652174
21330,0.201474,231.0203816,2649.176703,0.087216311,1.064404719,23.56324095,249.4871667,0.0,104.6747219831143,149.62661793666666,0.7614117122679906,0.0647736768080725,271.26,4.2,50.8,4.8,0,-991931.6379,-1101895.966,-23960291.82,0.117935496,0.030119842,0.851944662,1.349792396172401,1.414175464056979,2.076946149096956,297.8051758539564,2.125702477,1.862414306,62649.19355,0.13417073,0.337796133,0.482347342,32.4
21331,0.149007,205.2571057,2274.739867,0.094058073,1.009320945,23.6941341,202.3958571,-731.314,180.85454104417647,172.488141455,0.6262931745629813,0.0959199463216238,292.8888889,89.1,6.4,0.2,2820,-643345.5172,231482.0,-523924.8552,0.349473948,0.110243688,0.540282364,2.025326220770068,2.4954621555114507,1.7540131230185283,449.6433053480709,2.244529894,1.718708922,66562.5,0.884124493,34.37312219,0.517259677,28.91044776119403
21332,0.063577,104.067942,1108.77294,0.095498254,1.045254516,37.85504007,183.6045,-200.6825,183.01578500571426,93.521427537,0.5364021251129518,0.1075984727340891,263.5,87.8,12.2,0.0,1043,-88225.7931,80749.0,4651651.924,0.09355398,0.087975799,0.818470221,1.3296613488547582,1.6639451196530306,1.932806572614331,676.3452191830379,2.146579333,1.709303012,41333.33333,1.068429317,36.23376812,0.530299783,41.906976744186046
21333,0.117732,340.5527496,3851.258102,0.09551563,1.110795563,37.64850498,202.4561111,343.27525,165.10552730803704,114.60252924714284,0.3226949313066053,0.1053426951937703,295.9583333,77.5,17.6,0.8,820,-410272.4293,247284.3276,-3581703.746,0.044679157,0.047679025,0.907641818,1.8891591637540213,2.570859383012243,2.235685855876791,518.1259130907484,2.345171585,1.973917661,79895.51282,0.271565336,5.321484391,0.616587125,22.540983606557376
21334,1.008941,432.4720541,4257.302397,0.095275534,1.009882283,12.14801864,459.6263333,948.611,100.5698268969375,85.409009085,0.3003285259040578,0.1186655320548357,307.0869565,49.2,27.2,0.0,170,-1900044.914,-179545.6296,490595.769,0.703044854,0.014333866,0.282621281,1.915765316728204,1.5740973368489728,2.301705308568292,59.46829398349358,2.642756213,2.445932758,74643.18182,0.187725601,0.079240377,0.592186533,19.25
21335,0.167607,257.7828916,2749.62932,0.100528702,1.095040161,21.77142232,235.0095,110.3646667,144.21233722110168,96.46193967822222,0.3504322930729182,0.0675776975862492,344.05,52.7,44.0,3.3,1534,313096.2724,-170044.8724,24578233.75,0.073189667,0.092088008,0.834722325,1.8017595666059845,2.440100956963397,2.5535661913413232,709.9942126522162,2.392665143,1.940783944,84815.78947,0.141057215,9.475323952,0.726612992,49.73109243697479
21336,0.130003,244.9246884,2991.371747,0.099421316,1.170125498,26.74567945,227.3627778,226.342,142.98243369572307,69.67790806422221,0.4630854324726378,0.1010751115226969,287.6938776,43.5,24.3,32.1,1414,-1147420.793,1221447.672,-1716163.238,0.330537993,0.259586766,0.409875241,2.191097742593191,2.6299826319684723,2.333722400872672,1384.583432690015,2.169033955,1.731981272,76925.0,0.524361934,8.623100103,0.516439348,51.394444444444446
21337,0.118017,375.8027869,4630.333865,0.102458887,1.240254659,38.41646541,128.2777778,0.0,101.86813941927825,89.84644978451612,0.2463779594722622,0.078463708699557,297.6067416,0.0,7.1,84.6,0,-2189337.268,-1284647.99,412239.2324,0.342694883,0.375989743,0.281315374,1.929060344426743,2.0049972710530635,2.4113057747257463,1406.577018565122,2.177727679,1.615110769,96755.55556,0.167004019,3.577187712,0.652189722,57.95783132530121
21338,0.06604,196.6355718,2328.840121,0.10379286,1.210238956,39.7669765,162.305,0.0,135.61847164203704,50.533798530000006,0.2756863356779616,0.0690559180823533,300.6986301,0.0,22.2,77.8,0,-5080727.184,409135.4655,215790.8414,0.727933276,0.165063032,0.107003692,1.880261762042519,2.1660849392498287,2.264948799311999,1817.0805572380373,2.341794795,1.921799971,90190.66667,0.061210794,1.19657541,0.762842508,62.41666666666666
21339,0.033425,48.46330104,501.5583152,0.096943149,1.052958961,46.20730019,313.771,0.0,82.10435533,,0.4738598951846845,0.0673904755661838,90.0,0.0,0.0,0.0,0,-63057.75862,-29310840.47,,,,,0.0,0.0,0.0,29.917726252804783,2.216847802,1.677959712,43250.0,0.564134989,0.0,0.543220979,0.0
21340,0.100705,149.9477435,1531.308804,0.098956712,1.036310498,20.85565439,191.9495,2265.779,105.03432650533334,56.773239675,0.2773259859051484,0.1135883718938753,181.0,98.7,1.3,0.0,1314,-529855.931,-7534.310345,-303157.4862,0.513748852,0.104022764,0.382228384,0.6931471805599453,2.096203036960296,2.0467385326945515,466.7096966386972,2.120151735,1.592939529,44500.0,0.644088925,53.31013699,0.597470981,36.70212765957447
21341,0.163364,259.6953556,2731.913005,0.101973278,1.077391615,22.69739328,182.7711,2243.215,126.380418493125,97.19569874,0.5109401921462126,0.0484817169380381,181.0,92.7,7.3,0.0,1606,-113672.8621,-383210.6897,-1392964.362,0.1223034,0.180840563,0.696856037,1.277034259466139,2.187795928847474,2.3046193848206715,293.8223843686491,2.075604108,1.482362821,49300.0,0.597655693,36.73056156,0.55560275,26.791666666666668
21342,0.133434,202.2433567,2289.22677,0.102596255,1.136881103,29.46699785,228.42975,0.0,124.031294280625,128.5611614,0.6536829177619013,0.1330946113369868,182.0,68.4,31.6,0.0,1696,-432812.8276,356428.9393,-626638.6,0.19184578,0.059385181,0.748769039,1.2554823251787537,2.2071079677498235,1.6052071074554588,307.2680126504489,2.077751476,1.526302635,49333.33333,0.823954134,43.98816619,0.516199091,38.04878048780488
21343,0.110639,168.4312876,1969.831992,0.105261201,1.175284438,22.43079485,241.695,0.0,97.24224317166666,88.51105774,0.3693957260174644,0.0832267065387296,103.0,0.0,100.0,0.0,0,-99870.65517,7642647.204,-1087247.513,0.117511943,0.477711977,0.40477608,1.039720770839918,0.6931471805599453,0.5004024235381879,99.42244597293902,2.095538946,1.636746135,69875.0,0.00126748,0.0,0.617681515,8.181818181818182
21344,0.087554,275.610415,3780.217966,0.103913182,1.300711565,60.7711527,277.4786667,0.0,85.48915048859342,66.05423428140374,0.295658716621259,0.0653626693591224,158.1428571,0.0,56.0,0.0,0,-201290.7517,19147443.13,-43736782.12,0.333788475,0.219707786,0.446503739,2.066562854509844,2.727031460931685,2.581963625585652,10804.760490668616,2.119345389,1.691728091,76931.81818,0.265418504,0.281909959,0.696289167,310.4788583509514
21345,0.095519,244.6831107,3114.286288,0.10650965,1.242779734,36.75231504,127.6595294,-681.766,114.55506234765093,111.64253886280001,0.3783845884395774,0.0604347751241272,271.2,41.2,51.5,7.4,1490,-392465.181,2452601.121,-1441600.355,0.161036004,0.189776988,0.649187009,1.8660100231778165,2.4004631098612386,2.112928686629268,1957.725688082999,1.982036015,1.236424141,71757.14286,0.341498334,8.221068495,0.656484836,116.0427807486631
21346,0.070388,130.8255757,1483.089606,0.1070521,1.14290787,20.14291674,177.9348,747.917,132.14508168975001,150.6724984,0.2353470967015236,0.0335958106383738,249.5,90.2,9.8,0.0,576,1340644.424,208559.4138,260127.5862,0.712244704,0.121544734,0.166210561,1.0549201679861442,1.464816384890813,1.9459101490553128,298.34630902994826,2.045646771,1.389673058,53166.66667,0.159204544,13.23153373,0.66895832,70.0
21347,0.118487,148.7057773,1834.936876,0.106739171,1.17049949,17.85270739,332.30925,1286.921,137.8408409,19.89910812633333,0.5834440711321958,0.0564941514830174,226.5,82.9,17.1,0.0,1020,95422.64706,-726447.2414,304949.4138,0.117772129,0.519558318,0.362669553,0.0,2.12020822394067,1.8937882323911377,261.6320777806848,1.98794848,1.294536909,61214.28571,0.369237636,6.543089083,0.678662737,34.96774193548387
21348,0.112568,255.401933,3465.237851,0.106980171,1.33240617,20.71280975,232.5147143,1423.132,107.35106789291379,78.0237787175,0.4711270258222037,0.0512069923699859,270.5454545,39.9,59.6,0.0,1889,29329.68966,1702936.236,401845.7172,0.299803214,0.42415311,0.276043676,2.11609425610897,2.031414088474082,2.4309554360283867,941.6530452704144,1.912134604,1.173263577,58142.85714,0.409492227,11.87334982,0.684520787,94.4622641509434
21349,0.105514,201.3673202,2387.761113,0.105674352,1.094675817,23.70055658,140.5827273,-161.5825,138.3328956273158,178.66485963825,0.8613665219571253,0.0686341366528892,298.4736842,59.0,22.9,16.2,1317,-3347864.414,-824915.8745,-908941.6276,0.311972584,0.102009813,0.586017604,1.6726254461503207,2.383244169883911,1.7478680974667573,511.7804272418826,1.997086729,1.327546458,51828.94737,1.15759646,13.6761811,0.575521442,25.37037037037037
21350,0.104315,151.9245373,1569.862723,0.105906159,0.987097728,22.05617397,318.11625,-103.878,127.27290412373685,114.03930263500001,0.7849554667960379,0.0481183032464573,196.2,76.8,23.2,0.0,1240,142187.931,-51079.13793,-5215141.403,0.010086565,0.035881316,0.954032119,1.039720770839918,2.334761772659509,1.4941751382893085,412.2130086756459,2.072058683,1.676154821,43312.5,0.901406226,11.08784721,0.60796429,29.11627906976744
21351,0.148368,436.7989782,5535.178453,0.100854905,1.215599036,33.62164598,116.1919677,83.237,115.55676842449066,79.59198340279687,0.3217699426629523,0.0570528948677193,320.0613497,55.2,27.6,17.2,2706,-5228332.276,3316578.093,-3534283.091,0.600444532,0.162466298,0.23708917,1.9614817203943045,2.5359724171961364,2.5647996727546256,3612.63884395557,2.176709802,1.653393298,69072.92994,0.491993262,9.735227843,0.682356651,152.38246268656715
21352,0.169511,646.6963708,7882.147315,0.100812457,1.216908895,33.55136092,119.48874,1920.1395,131.94824058823684,108.7464868171129,0.5085279645491854,0.0680386805609216,355.5682927,41.9,29.9,28.3,451,-7828093.359,93705.27931,-8659788.04,0.330625174,0.091949854,0.577424973,1.8473139531936105,2.431508391542932,2.679577483084961,2017.568181415956,2.105633341,1.440070085,108426.5356,0.733881953,6.318765663,0.61504281,102.51169590643276
21353,0.156599,632.2633425,7363.785912,0.104107349,1.188847582,37.21938225,110.2525849,167.3763077,120.03106003682717,82.93120324444445,0.8745266729686728,0.092463767256296,300.1752022,48.0,12.0,9.2,70,356424.5638,27039841.81,32762001.57,0.178147401,0.479298795,0.342553803,1.9029247217412784,2.367528861665989,2.415344852467821,1775.2348354714911,2.01096276,1.250423455,167884.7769,0.343365361,4.351872924,0.683917513,55.61510791366906
21354,0.117097,360.1890009,4051.266843,0.106493647,1.194605034,43.32456229,154.22715,-57.2915,98.50849005742735,102.29641950254167,0.3541061841338187,0.1008086011711902,337.2876712,10.9,18.1,30.5,0,4499605.448,-2367123.121,2208805.614,0.36617404,0.085313157,0.548512803,2.1168250828051827,2.538933565768467,2.467769490859866,1332.2288359223548,2.29334965,1.819847752,167550.6711,0.175420706,1.049382716,0.706155778,58.92307692307692
21355,0.146751,548.9599094,6366.740594,0.101227411,1.144929844,40.5831598,151.5862424,0.0,126.5757191919927,91.638168739,0.2842280344073744,0.0939614871127846,344.29375,7.3,22.2,70.4,0,511340.3828,-1104599.184,-10468081.37,0.347005334,0.313206728,0.339787938,2.178695960355665,2.498316508991618,2.4825557230155644,1471.8809411860907,2.180493127,1.587803793,118783.4891,0.362882024,6.430023892,0.647135613,79.85648148148148
21356,0.170428,643.121046,7587.066518,0.099683561,1.121948861,32.09517128,144.3572195,385.8333333,126.78601693599254,124.54253973631428,0.4742218621811129,0.1157722927605751,286.7244656,56.9,17.0,20.9,0,-2964869.228,1886525.869,-1228401.45,0.28308264,0.234131053,0.482786307,1.8650940234451368,2.486485555870511,2.5280263717409857,1308.4704391297205,2.147235084,1.425185102,145777.5056,0.368100994,7.839502971,0.725145495,59.23318385650224
21357,0.068487,156.5765122,1703.632249,0.103834665,1.062039242,20.05689718,85.3098125,3177.33,41.181377274675675,34.607144569999996,0.4762804177739224,0.0842881270714392,304.75,54.9,44.0,1.1,1381,1231972.328,-234410.3207,-1650838.669,0.476293052,0.274795567,0.248911381,1.310783678099714,1.4689457193469035,1.0114042647073518,511.0458919210945,2.011950036,1.261463842,110500.0,0.310123326,23.24828779,0.647629559,76.97142857142858
21358,0.053885,262.2973548,2833.982792,0.107589679,1.116205288,40.66013991,102.260619,65.36515385,114.21938461310377,78.24226370285001,0.4246570250023543,0.07829296512707,251.9449541,45.2,10.8,2.2,0,-2946739.714,-2432827.334,3598401.759,0.22422355,0.309017468,0.466758982,1.840679273582724,2.499224231768034,2.438117708378384,2857.9382017258977,2.073379066,1.43526182,305141.5929,0.338398551,4.46256283,0.69681209,76.02597402597402
21359,0.092632,383.2779486,4136.360146,0.11126731,1.179858538,41.97214804,204.3435333,-177.9738571,117.86609920355339,66.22680028978948,0.2242081642889424,0.0619255196641733,249.9009009,39.4,10.5,1.3,50,2823008.702,1234259.124,-4969395.953,0.347354216,0.164443446,0.488202339,2.0117627652557526,2.854310325935327,2.4899196514888247,1802.8327143967529,2.234412908,1.785857597,319777.7778,0.220975837,2.125008914,0.711340245,77.58682634730539
21360,0.154503,668.4352403,7642.055877,0.105131994,1.182589384,36.71534458,124.10475,88.8146875,105.63474787436526,105.5361790372766,0.5139586763399959,0.0704788310595547,231.28,45.2,11.2,4.9,0,-3883849.079,3823165.248,-3058996.254,0.096545608,0.078482875,0.824971517,1.9552099546281945,2.3915289713421504,2.547981261026864,1851.0967424580751,2.051761517,1.35113011,249123.2295,0.326951031,3.231775917,0.720631228,65.21678321678321
21361,0.092718,276.2390276,3149.09839,0.091838917,1.070059935,27.548369,125.8609,1178.6175,136.90777309155223,81.92461977941176,1.3340380662518465,0.0670980705593999,342.4883721,35.8,48.5,11.6,855,-781647.0345,274199.3621,-4068952.227,0.321475071,0.22793773,0.450587199,2.159461655020564,1.9626900544846348,2.491547137461984,2070.7953148256,2.029119144,1.350251431,74890.5303,0.159751969,8.089016126,0.650776496,75.375
21362,0.134739,197.5606089,2364.63667,0.084193174,1.038791894,28.41811215,211.7544545,842.635,124.7301976926859,65.989034682625,1.3795417600946958,0.0628310069041312,237.0263158,13.0,27.0,0.1,2024,-480058.3717,5701164.628,-59647983.42,0.114975934,0.151987461,0.733036605,1.964240585994841,2.59053339699672,2.345273136189057,2092.9352303342016,2.040869923,1.452044435,103267.1053,0.284650761,5.14101594,0.610913152,101.1099290780142
21363,0.237372,372.6910478,3883.289219,0.103263303,1.084462452,29.55609092,166.1754167,190.5275,137.17631943033615,112.49512310556521,0.8138837069303363,0.0803156456371134,320.9322034,67.6,23.5,6.3,3700,369337.131,-2320713.457,-9719732.838,0.266627582,0.150292514,0.583079904,2.1033459960336383,2.503880267353808,2.3285572428192807,1373.371754040072,2.174323172,1.61345136,72586.43411,0.388399226,15.77687787,0.571530818,94.98466257668711
21364,0.202083,519.888234,5396.857766,0.103763189,1.109217012,32.36721628,173.8411333,184.324875,121.60868659564287,73.6106095986923,0.4447853567945253,0.0667683449588379,297.3535354,64.0,20.4,0.5,2169,1765244.39,7414586.714,-6724541.882,0.332155051,0.381173728,0.286671221,2.070897424117629,2.548120875899457,2.580664152273663,1944.745475868826,2.421626636,1.921367855,70251.20192,0.27706539,5.424181422,0.677957948,74.79643765903307
21365,0.037586,225.4749154,2251.89872,0.109063016,1.046665942,31.61205813,96.771,0.0,177.721194364,127.793178497125,0.5110664834363186,0.0498032601574637,363.6153846,2.0,36.9,20.1,0,71415.55172,665451.7241,-868021.0759,0.151616064,0.562936416,0.28544752,1.9251211907908183,2.1774844871094983,2.0963525794641384,1303.6769009737668,2.191491196,1.61418033,211621.9697,0.115557389,2.066989393,0.624719534,61.87755102040816
21366,0.036056,193.7896951,2028.815834,0.10688919,1.093648608,40.90847169,110.1051538,425.0,41.90701307081481,72.34645474,0.3794699456192037,0.0843433333131527,268.8846154,5.1,1.3,0.1,0,1445999.724,1429580.345,1403694.638,0.145824964,0.17326886,0.680906176,0.0,2.044931174849592,1.9061547465398487,665.6312402928778,2.1901486,1.728775946,245378.5714,0.43503771,12.59761544,0.658396974,35.833333333333336
21367,0.228448,433.24279,5042.136816,0.094211577,1.099476636,23.91236252,125.875,168.325,177.37804337166668,208.9242078942857,1.9088757620887515,0.1166937196441827,466.3478261,61.4,24.3,14.4,588,-618013.3333,-41160.0,-280364.2586,0.198675329,0.018118426,0.783206245,0.6365141682948128,1.6674619334292946,1.559581156259877,83.16991175234627,2.244105848,1.861147961,86329.74684,1.0180471,26.37907789,0.518824596,18.473684210526315
21368,0.218311,302.0747625,3370.850035,0.088328728,1.013514268,5.18035304,79.951,-172.098,166.06501160789998,158.7953853382353,1.77285559452263,0.0764711576401469,376.2142857,76.7,11.3,12.0,583,-689495.969,-53299.06345,-1271574.796,0.248291382,0.332423088,0.41928553,1.696375010020814,1.8713684183022576,2.3011113310428466,444.32025871348674,2.227329779,1.885385797,98608.75,0.309573332,7.710604559,0.509767151,39.75257731958763
21369,0.155759,840.0106818,10001.09704,0.102437088,1.200199535,32.10365575,148.5751765,0.0,226.75869604726086,244.49290540399997,1.6885385053528978,0.0584823116857837,434.0428571,9.7,45.1,43.1,0,-188885.6897,-682548.9241,-2823309.328,0.28153922,0.219465499,0.498995282,1.6646564243788062,1.711503416583208,2.671001730251532,1720.6068349180464,2.187641506,1.973247875,74980.03452,0.123371824,2.561428666,0.502654213,65.33208955223881
21370,0.087804,250.005378,3031.07877,0.108981451,1.278375756,33.56173972,268.9485714,1006.25,138.62543378790002,82.573284124,1.7877075025322986,0.0601687888296668,292.6923077,39.1,60.0,0.9,720,-3879752.703,833616.2931,-2382068.48,0.689709223,0.086930534,0.223360243,1.6294310001611438,2.233722076050663,2.026229622995292,774.4521889663341,2.149115516,1.716606113,105842.5,0.217547501,7.826887925,0.51301798,34.13235294117647
21371,0.276454,254.133267,2766.003388,0.086290027,0.941896898,11.01667255,171.0595,116.7908,155.17361752792684,136.19992197388888,1.901503186557064,0.0404689059527728,371.6019417,64.0,22.7,13.3,696,-254704.5,-706750.1931,-3612937.195,0.101644342,0.17670635,0.721649308,1.6762349391347309,2.0759134386631395,1.90853528164356,267.6756350061855,2.217672094,1.762640574,52661.15702,0.318259431,5.566451074,0.536671522,55.02702702702703
21372,1.103883,283.3505818,2786.257632,0.09807418,0.96066444,3.933843906,230.0838,0.0,,,1.8245196899768703,0.0761653899189935,375.5,0.0,62.4,37.6,0,-525200.0,24751.85185,,,,,0.0,0.0,0.0,3.623572425700913,2.073950798,1.675733765,51766.66667,0.002197231,0.0,0.50626994,28.5
21373,0.07103,156.1622417,1772.821535,0.087121327,1.021720841,15.11489523,90.79270588,766.667,252.74714743666667,,0.9677813433062858,0.0635254632589162,348.3916667,38.7,12.2,49.2,49,,175906.2069,276226.6034,,0.102306785,0.897693215,1.0986122886681096,2.1065773332321154,1.7782333057997075,422.35675066873154,2.046172331,1.820431427,47081.92308,0.526951179,15.60891866,0.532702229,26.633333333333333
21374,0.198816,140.1360696,1592.683469,0.079992948,0.96307618,2.672857058,114.4406,268.75,192.4609241527273,188.3241956,0.7911570776164889,0.1362747008611176,356.5925926,71.3,6.7,22.0,84,-33829.55172,43840.92727,244323.8448,0.871454972,0.019763505,0.108781522,1.2130075659799042,1.3321790402101223,1.5607104090414063,95.56574923547402,2.058283638,1.719359962,46578.125,0.553758253,13.47575115,0.594771707,8.473684210526315
21375,0.226722,184.5446169,1984.968195,0.090323875,1.019499578,15.75549305,604.087,0.0,,,0.2968457053664755,0.0723148945934601,0.0,0.0,0.0,0.0,0,,-18834.97407,-175872.6897,,0.654306367,0.345693633,0.0,0.0,0.0,4.410687979110982,2.148349516,1.78287355,34800.0,0.024658079,0.0,0.530430885,2.0
21376,0.325932,698.9412992,7089.46091,0.111902024,1.075192421,23.25257083,212.2773913,-242.1853,117.18090933121839,89.94621879570455,1.5214287988238422,0.0752434809712043,297.5806452,75.6,17.7,1.5,5512,3550662.324,3640376.391,-1038362.251,0.283297568,0.259644555,0.457057877,1.9721671868493595,2.570913584902299,2.495795876372831,1187.3642354847022,2.071680728,1.402655384,62202.40385,0.666302022,17.95254755,0.553189879,60.5297157622739
21377,0.371913,583.6379787,5579.869428,0.113651085,1.066669514,23.9607695,223.4213333,83.34542857,126.06302279656344,82.20776742245901,0.9200419491179594,0.1149167784442201,332.2857143,41.8,37.9,0.3,4918,1043436.032,3802635.851,-10316977.14,0.236824932,0.237304972,0.525870096,2.259731433922433,2.547512003372493,2.4486501672835472,1172.3171817064745,1.940779473,1.377351197,99982.5,0.458735327,10.98891932,0.564730111,98.78899082568807
21378,0.18662,472.7957775,2846.175783,0.147124768,0.983826246,26.29577257,114.6854,-32.2588,141.13836623667567,167.88141733592857,0.4331489576464543,0.0612010610551265,341.3272727,87.2,9.3,2.8,2940,-4093998.721,4005783.586,1414105.741,0.485421763,0.242057172,0.272521064,1.907982588238816,2.553476465895649,2.1137989184733432,868.0741613974922,1.90210091,1.515683711,174555.4688,0.706754217,17.024825,0.608456178,47.129629629629626
21379,0.074386,417.2263309,3624.48066,0.123938211,1.115032358,54.28982972,113.8025385,228.3334,127.2014072844,83.98227133315788,0.2250646987129027,0.0664763139408974,274.9909091,26.4,22.1,3.1,0,-2036170.752,-403582.35,331120.8345,0.50631205,0.245289958,0.248397992,1.7590772816817242,2.284884644021033,2.3453748105080274,2177.829161401339,2.176247327,1.736238513,314045.4268,0.140998773,3.192187695,0.688326923,96.66666666666669
21380,0.115359,413.8575399,4096.432212,0.107870987,1.115236208,31.26118398,122.275375,-231.667,132.93774993087098,58.49908742952941,1.4529138646375557,0.0748223561197547,342.5449102,53.2,22.3,23.8,335,-2522696.138,80164.76897,-149915.5586,0.340811462,0.08575965,0.573428888,1.7835644116058984,1.9792751367963144,2.391443466692147,1040.2309312667412,2.035282442,1.535863654,55224.4382,0.534818775,7.799334396,0.539638931,43.11666666666667
21381,0.169609,264.2494931,2461.539697,0.109823779,1.016917878,24.26450178,154.5812857,861.19,183.0290834,,1.1353148045183603,0.038787098093078,364.0,98.2,1.8,0.0,1990,-91721.24138,1203.793103,-228961.2414,0.104703274,0.106039437,0.789257289,0.6365141682948128,1.9792045174343245,1.7480673485460891,147.39783855809537,1.958423926,1.463107789,258610.0,0.697184747,68.38531522,0.600797896,16.92
21382,0.121291,576.5084802,6158.950224,0.105888673,1.157194731,36.08972649,129.8651795,168.75,134.1096020204386,84.04279348710526,1.1820357352295785,0.0818187118956509,332.9005525,34.3,24.4,34.8,95,-2711333.269,-1753417.27,-13853518.36,0.146000791,0.09905611,0.754943099,2.1075934768400706,2.4833281806257155,2.5061739265827425,2003.446257348031,1.979810637,1.693891466,60073.55372,0.452780283,4.94506852,0.539116867,61.75308641975309
21383,0.107089,352.7935222,3721.911895,0.094227829,1.017669746,44.05917862,123.2247143,0.0,119.77482670631429,54.690240047066666,1.0411134989230313,0.0510298334835996,386.450495,26.3,39.8,33.8,0,269963.9138,564242.1552,-2767222.802,0.188714592,0.020278089,0.791007319,1.6442107102094017,2.056780764632065,2.1942489678721566,775.0562616141714,2.018723225,1.801157627,55292.59259,0.207067645,4.694365927,0.538013126,47.57831325301205
21384,0.156212,506.534256,2324.372895,0.138916003,0.943844744,28.84954068,150.6446364,512.469,123.16950202792106,40.65671704797561,0.844675252219562,0.0334565773541748,373.5,46.5,2.8,0.1,2204,753087.9276,7288775.159,-11456605.44,0.033304857,0.162276014,0.804419129,1.8875892793369464,2.350327259728866,1.6975223117763425,723.3759250249661,2.030621695,1.610569499,90858.33333,0.197520331,13.67105723,0.575124725,69.41592920353982
21385,0.080617,353.7567705,920.7253345,0.144134714,0.862819586,27.12966369,358.5136667,941.328,144.77778463675,141.96595413333333,0.6794942630963571,0.0771243329974415,334.5,100.0,0.0,0.0,1200,669579.1724,160629.7586,-98277.92138,0.213170519,0.126413623,0.660415858,1.5607104090414063,2.044931174849591,2.174308236115124,508.5775952962775,2.110115492,1.580049635,54466.66667,0.275795679,24.1302963,0.593099504,22.60975609756097
21386,0.523667,354.671033,2845.715852,0.110817519,0.942392546,13.95221145,186.1294375,0.0,132.30661821500001,,0.5750954410667704,0.0844154567332094,0.0,0.0,0.0,0.0,0,-633171.8103,,,,,,0.6931471805599453,0.0,0.0,7.638441986987914,1.916057543,1.761222402,82416.66667,0.0,0.0,0.543861283,10.75
21387,0.276287,298.5865636,2446.074636,0.120702417,0.98965824,16.57982893,136.0185294,3103.512,123.20403938154054,65.16127413055555,0.4520855471828647,0.1110516258053485,328.4166667,96.3,1.4,0.2,4605,281837.869,-2387175.988,-21782668.41,0.016882767,0.074156123,0.90896111,1.9365025652004373,2.819425598346365,2.060904478320149,951.9087036306448,1.991735322,1.611414003,-31587.5,0.753779375,17.57959537,0.612028194,161.4828897338403
21388,0.105832,494.1878865,5023.425776,0.117774386,1.148843666,40.7799274,113.5211176,-775.0,126.84314405365727,91.77579568086841,0.235545221938069,0.0794739100331018,304.1369863,5.4,41.5,2.8,0,14042682.58,21305123.65,104351.1445,0.359862388,0.452396616,0.187740996,2.039018497317881,2.5632194471619067,2.311362447424837,4034.696500113388,2.298501101,2.113011615,398724.7475,0.191303257,0.389595941,0.693112839,158.85011709601875
21389,0.097301,467.0476652,4546.815294,0.109911409,1.053325655,38.02233806,114.1352813,-115.0,133.31183785059878,84.36172626470731,0.2288513210459317,0.0949420460976352,309.2282609,6.9,40.2,3.1,0,7942198.209,13636227.98,2808511.296,0.350177556,0.487895512,0.161926932,2.0706677766904127,2.468797076223236,2.117629646383151,8499.398772880033,2.16409223,1.858035033,254920.2479,0.188681289,0.735715667,0.924828175,477.4256348246675
21390,0.054037,238.8214005,2413.287271,0.113115964,1.123811339,59.58833426,206.562,-381.25,143.0619930554,119.16466456545454,0.1943779256377016,0.0372387827627353,270.9047619,14.0,30.4,0.2,0,679576.1724,-3972.737931,-2448125.538,0.291069168,0.487321803,0.221609028,1.7203819704918693,2.7082873721389475,2.560446650892037,3368.062623757796,2.334143726,2.091222912,352434.4262,0.106838557,0.376894641,0.689667302,147.66483516483515
21391,0.127594,578.8484752,6551.802391,0.109263162,1.159438109,39.37947466,144.5999375,246.194,133.49152746644154,100.46089148031193,0.4328289867437597,0.0712353199522025,357.1033058,30.9,26.5,4.4,142,-2375601.078,-1852736.638,11850687.89,0.154228894,0.144940702,0.700830404,1.868132519822932,2.421826544649194,2.0225643514294616,5321.566844835964,2.043614051,1.688874967,213891.5789,0.303959895,1.974225902,0.53759333,181.81296023564065
21392,0.071677,341.0218024,3727.806255,0.108884573,1.131604307,55.11636896,174.7886875,389.7587895,123.48524131590291,95.15279890165385,0.6386019607475908,0.0501063358947261,250.4883721,50.4,14.8,2.9,0,5135242.857,-910838.431,46399.82759,0.389596118,0.409292123,0.201111758,1.7367077637376656,2.385318452521328,2.4879320970775494,2790.29535276309,2.070061811,1.434419986,293078.7671,0.347458875,5.678983671,0.579344357,101.175
21393,0.061048,363.8393005,4206.544299,0.115029211,1.190807426,47.10946977,211.8615833,-880.0,106.36413757522614,127.50925754781666,0.4041967337321076,0.058578003646458,424.3450704,10.0,28.7,9.5,0,28140853.36,3230900.966,1855380.286,0.345050472,0.1691069,0.485842628,1.966688141972852,2.503817362449956,1.7227070475274755,8714.454199973792,2.035561387,2.170782351,233783.7838,0.176439252,1.479354505,0.674558751,278.2687969924812
21394,0.053245,289.1760228,3356.356937,0.115742684,1.271320098,62.53529238,136.8766875,0.0,116.44624292840584,91.64468355302223,0.2954166645579488,0.06077497988696,414.4416667,0.0,48.7,2.7,0,-10858547.69,7953314.6,-17667312.46,0.369729734,0.236541207,0.393729059,2.153999598579521,2.527924790623357,1.8556237318358573,12451.873415344164,2.020573315,1.784640857,435374.0741,0.14856462,0.432485863,1.03496155,355.3800904977376
21395,0.093149,425.0790311,4527.835311,0.111271251,1.152568183,48.34361328,151.4246957,12.84725,126.34015832127756,106.3059025940708,0.3154376143827265,0.0550456928351105,315.0078125,8.5,74.9,1.4,0,40060980.44,-3237429.483,-1383250.835,0.693727564,0.198115625,0.10815681,1.6263386077175388,2.529861864537127,2.017390100167185,6312.46712256707,1.997961179,1.508656349,434776.1628,0.171510672,0.307252598,0.965812583,247.52551020408163
21396,0.052951,304.3651848,3643.30125,0.115693899,1.276438307,52.73691084,188.2823333,-393.8332,123.72195494682795,103.8793208867143,0.5509042037447386,0.0682330139153302,290.6451613,27.8,13.8,1.9,0,3595978.75,-1862747.952,1269936.901,0.538075642,0.225988885,0.235935473,1.602017891497454,2.2610292859109418,2.488341859351213,2908.349228532039,2.069360922,1.507291264,284337.0588,0.342065704,4.65288564,0.632847809,95.22727272727272
21397,0.262453,938.4161367,10802.66308,0.10937181,1.19771213,32.13314684,116.2481884,196.8626071,136.3451579641126,131.30920277280597,0.8955483070870125,0.0688116995268603,337.4903339,37.3,20.5,16.2,196,3213588.738,717452.0,12271708.39,0.1882937,0.194360186,0.617346114,2.2196046906839526,2.222450029712881,2.5264916382615508,1249.7475738513183,2.080488522,1.3225322,130122.8007,0.478046605,5.710725189,0.586550605,47.6219512195122
21398,0.199804,498.270955,5227.010855,0.104757775,1.082414996,27.0389815,120.9349737,-154.30475,132.59677870403158,99.84833950917857,0.8079860881394433,0.0580336876616278,315.4025424,56.3,22.7,12.9,1120,-3014680.323,923247.8034,-942062.8966,0.347057849,0.264676769,0.388265381,1.9649287910832087,2.590223830448726,2.367161755046657,1005.9858661488258,2.075423033,1.624670278,52987.88546,0.61939341,5.758591892,0.565799073,45.57213930348259
21399,0.08293,439.1282913,4867.099733,0.111919626,1.143305964,47.6172563,173.2104211,317.9723,131.54947592418918,98.52084574416666,0.7301048204102486,0.0612425134688868,278.0,46.8,8.8,6.8,0,-182613.6276,16001540.21,4406815.388,0.123799891,0.55642397,0.319776139,1.6923894425788777,2.575979552356688,2.3036165419091184,1869.0461835282767,2.105169641,1.458527807,171090.0,0.555715389,3.415682762,0.61009698,61.52258064516129
21400,0.14487,631.4170346,7160.199314,0.108838151,1.176720451,33.8319581,156.6273235,402.3717692,99.48196061394665,126.74252338892683,0.6535031798509372,0.058446355565347,253.9150327,55.6,5.4,4.1,30,-1191138.655,976153.1414,-4610347.454,0.164462846,0.171333243,0.664203911,2.0202996354853884,2.4247329679206366,2.5569431749956224,1732.5878373714363,2.06845859,1.400365872,112090.8991,0.832355361,8.218370335,0.657863086,67.79282868525897
21401,0.215591,637.0114342,4914.990606,0.119411727,1.1062907,18.16797007,176.982,2074.834,70.69414520064556,113.20854344282857,0.4029991613462104,0.0708217784109897,294.6363636,23.8,39.5,28.9,1164,-2868278.066,-936055.8931,-14904102.44,0.190979926,0.115407021,0.693613053,2.129164473488049,2.433523923721319,2.5866665409831744,709.6771201024161,2.205509577,1.542972563,63148.54369,0.325649968,4.375587883,0.63541642,43.25490196078432
21402,0.08953,241.0936188,2807.177458,0.107978129,1.169414109,27.10175282,163.2157692,416.093,127.24837916556989,83.73193573896154,0.3751162444696879,0.0471265241195953,308.1666667,45.1,23.0,31.9,1103,-686508.5517,1458870.503,824578.869,0.41347358,0.336476553,0.250049867,1.981094897650044,2.411676739971425,2.25810804096198,1396.180051379426,2.214000445,1.93499876,40189.47368,0.29471041,7.533804548,0.595368764,56.216
21403,0.076024,348.827637,3487.125219,0.111306304,1.084273484,30.34242685,144.3130833,42.594,82.34932595098246,96.8509414952,0.5371663513988063,0.1149668329946032,223.3793103,62.3,4.7,2.8,90,-2205746.138,-247312.2793,955777.3431,0.389488188,0.10095591,0.509555902,1.7787715291960409,2.692636790754608,2.398027969062415,1604.756392718089,2.202266926,1.491303713,218658.1633,0.291655557,10.78881142,0.712705467,85.5327868852459
21404,0.212152,548.927256,5459.826499,0.107806473,1.070919902,36.33701014,135.9433235,476.8276316,95.25176363094788,65.88349611689151,0.1543126792839917,0.1560446468112657,276.2916667,28.0,21.9,2.2,280,444195.7697,2066764.158,-26624858.02,0.208847589,0.288373355,0.502779056,2.1603819699945546,2.559286144201528,1.9049502338227289,7673.743353821788,2.152966117,1.782152047,337982.9268,0.129149067,1.820689173,0.961649253,634.3568796068796
21405,0.301788,834.0006061,8880.328579,0.09892469,1.06728402,27.80631008,104.3632179,541.66675,139.7007923952068,94.33497705584524,0.5565306295993371,0.0606327617786567,318.0296443,37.1,32.8,19.5,0,-2037032.297,9601095.629,1115237.917,0.369636989,0.377019112,0.253343899,1.960760830642304,2.5673173462707224,2.585129290294592,1885.4295068061024,2.094879854,1.668772081,68531.47854,0.17258738,2.995666552,0.577089104,102.34446397188049
21406,0.076038,236.0676152,2786.275852,0.101663553,1.147437445,35.08327101,121.2498333,642.262,130.53187806794736,87.05084065438888,0.2506101239195175,0.0739932838611094,335.09375,31.9,34.4,12.9,88,1736523.669,-1270331.779,1819229.766,0.464190889,0.161479503,0.374329608,1.8709945421900047,2.783586424041967,2.528323363528072,1959.546542518215,2.218245755,1.492291695,111041.7355,0.134355583,3.911525682,0.705330996,97.87248322147651
21407,0.071281,265.3921523,2958.601532,0.100826571,1.121641388,18.43252388,95.67991304,278.333,105.06233740738462,110.55475229629413,0.1564413562518338,0.2130196689479428,283.7054795,21.3,32.9,19.2,0,-892079.5172,5466552.152,1912131.383,0.335563009,0.405927821,0.25850917,1.9324453238447103,2.411697112071116,2.1398453551819765,2370.898275837881,2.132225882,1.865086045,133564.5695,0.096990875,3.933529133,0.91598951,291.4852071005917
21408,0.157276,650.328062,7050.482579,0.10480644,1.114411564,27.46071002,107.7789245,156.25,151.2711071770879,121.35499017611112,0.2216443640466385,0.0868606141441469,291.7064935,41.2,14.1,21.8,0,-699449.1793,-253625.1793,-10380368.86,0.168429371,0.190071971,0.641498658,2.165456359707888,2.4480594175747803,2.241429982853703,1182.6343498054375,1.976018759,1.333767525,169587.3116,0.167417744,7.702854173,0.688599082,55.043010752688176
21409,0.092898,465.8024849,5176.174427,0.099720486,1.102562204,25.88707725,88.7827381,0.0,140.1974768061154,68.78916684372727,0.2009695436200513,0.0558855640085082,358.4380952,52.2,11.1,32.5,0,-1250584.621,-820815.9672,416089.2207,0.164543831,0.470715169,0.364741001,2.0914680709680264,2.0308452982642944,2.478833623450334,1571.6161811879697,1.990939669,1.368710242,96481.73077,0.222895501,9.773096998,0.686907336,69.72602739726027
21410,0.079069,228.5914119,2785.47946,0.090006034,1.104173431,8.99023288,110.0304,2407.875,154.62760064466667,157.4260023578889,0.2350133150128411,0.0359511534327287,304.5306122,30.4,17.3,10.7,110,842577.5862,1659992.569,-550239.7448,0.11394349,0.243279763,0.642776747,1.4750763110546947,2.608982242362732,1.805514949228516,670.3006235060517,2.158257709,1.66510152,174654.6296,0.217058662,7.76995733,0.629409233,43.0188679245283
21411,0.084923,213.9492286,2461.095076,0.088301413,1.0486153,18.22782044,105.0441053,0.0,184.38160946666667,57.72603134,0.4328778611184707,0.131315076886907,341.11,43.3,1.6,19.7,0,,-20473.33684,-423603.6429,,0.28369959,0.71630041,0.0,1.3321790402101223,1.039720770839918,105.97835686445369,2.250914214,1.510915015,92123.18182,0.402395027,5.609030224,0.648357205,8.555555555555555
21412,0.103835,474.1126297,5993.682854,0.086237928,1.088726939,31.39057908,85.79982258,0.0,133.08020138327274,158.748228902,0.3502955488370807,0.1777222493185701,370.4301887,36.7,5.7,28.4,0,104827.2414,80738.27586,-2853349.169,0.033189699,0.011087414,0.955722888,1.430280301911093,2.4164126786640985,2.308284708003028,808.9757788799539,2.252789849,1.833204055,68652.85235,0.441645984,7.79373557,0.581744134,32.80952380952381
21413,0.0543,237.1921837,3041.086046,0.092261732,1.08464157,52.6929449,135.6113571,-8.333,80.35331168985185,129.77131632333334,0.2206806024779443,0.0735753550224212,242.5483871,10.9,10.9,2.7,0,-2991938.586,37201.56897,1278466.534,0.529913117,0.057908284,0.412178599,1.8866967846580784,2.067975912293976,1.4941751382893085,626.1510128913444,2.238036641,1.826335862,57335.52632,0.097176942,2.186200208,0.552410384,23.029411764705884
21414,0.090311,336.6211637,3798.977077,0.093143624,1.072881765,35.97862703,151.2143636,239.286,126.91431035574999,101.31272862592857,0.5993869023049466,0.0453706466627518,342.8950276,54.4,26.1,16.9,178,-281118.7931,-202656.4724,-28600.94828,0.082512467,0.551503836,0.365983697,1.3592367006650063,2.254350877429545,2.198228357586468,830.463620157013,2.192301353,1.639647528,94643.78378,0.238468325,4.224499862,0.617463031,32.013333333333335
21415,0.101388,407.0285176,4887.305736,0.099558265,1.150585903,31.4115865,127.5590345,197.5,136.7619396119697,103.85428858842106,0.2802844152528662,0.0772652882146894,315.5805085,67.9,17.9,14.2,0,-344585.1724,1198224.448,-1300426.424,0.238092964,0.235847188,0.526059849,2.051457263660061,1.9226970457027028,2.4853721319764244,1449.8757249378623,2.161938089,1.592422647,57899.57627,0.277655096,9.799187789,0.623568068,84.65306122448979
21416,0.159329,368.2458895,4460.49537,0.088991204,1.06457527,31.16076002,143.1269231,-71.6025,126.50669145162026,87.03258793255556,0.2722798941533684,0.0815838685040977,297.625,56.7,35.8,6.6,401,-3130393.924,4921041.469,-16958679.34,0.140747548,0.078233839,0.781018613,1.880102521892586,2.3857716857689506,2.282814971149898,866.1323425114073,2.012162972,1.955250597,73748.75,0.112073263,2.419983204,0.549637222,51.82608695652174
21417,0.447183,186.9602131,2485.788857,0.065951877,0.896120555,3.61256622,389.903,0.0,118.88241124581818,55.98472247428572,1.5891942006611206,0.1111737434191838,326.875,0.0,5.6,6.8,0,-1240206.403,-1890872.443,5617148.704,0.063489669,0.274380453,0.662129878,1.559581156259877,1.923065784324152,2.281419692232992,100.6299434459718,1.993278816,2.301343311,34848.21429,0.045959276,0.08300977,0.51207184,9.244444444444444
21418,0.198045,387.5387463,5272.117079,0.079053654,1.046801549,33.99457552,153.8544667,0.0,156.9679996526923,88.63882671777779,0.93324663070288,0.0680259523071491,297.2,18.8,67.4,13.9,0,1160301.847,1087688.624,-108853921.0,0.009311307,0.033422866,0.957265828,1.6092841603889616,2.2877732291622817,2.303027356031643,489.78767451841753,1.919759915,2.080365056,83467.44966,0.075229412,1.008330382,0.499272423,36.20618556701031
21419,0.091262,342.06748,4559.326104,0.084818692,1.148074731,48.40780109,110.743625,243.75,147.48300786442186,117.08883326413637,0.4955903377099777,0.1056430795825982,385.1463415,19.9,41.3,35.6,0,357065.491,-2363955.121,-19803052.28,0.164540641,0.115922801,0.719536558,1.8912504252526947,2.2730024023190776,2.424148573323489,3221.494159672153,2.021404734,1.823464571,74963.79928,0.247504764,2.188824271,0.514976418,98.10884353741496
21420,0.09003,378.4744558,5011.597617,0.083270448,1.071366819,17.81241906,85.06735135,2060.0025,154.5854612477869,59.259259261000004,0.4237458217242634,0.1298569675604037,386.3076923,30.8,23.5,45.6,165,-2323061.4,17256301.84,-924784.2445,0.302864253,0.554557877,0.14257787,2.019157356975117,2.0682213426891,2.323834317823924,1110.7408641563925,2.065415065,1.612827457,67516.12903,0.48986685,5.257688988,0.559354091,64.98
21421,0.073898,300.1446945,4056.250126,0.084748027,1.111509577,39.22903018,121.1119286,0.0,169.26067335106384,105.80258321950001,0.5231025948903679,0.0970481813598305,355.3409962,27.1,25.8,46.8,0,-747031.6207,-194983.8621,-1274454.062,0.370458203,0.386812203,0.242729594,1.834371970281624,2.223891063233612,2.185567343754036,960.7837830523152,2.059640831,1.650423997,67641.11111,0.76410893,4.650918577,0.581047823,42.901408450704224
21422,0.116613,226.2339058,3451.848744,0.07847154,1.069741513,25.99058842,176.8501429,422.153,134.11232263396,95.33830262800001,0.7196677439345047,0.0701943104623856,412.8307692,76.0,10.7,8.8,1717,-507268.5586,-6188.413793,-523465.9603,0.567792731,0.132847474,0.299359796,1.6094379124341005,2.053944602671333,2.282374376159249,445.9194086422612,2.082940363,1.750122645,73833.72093,0.53866063,18.35522158,0.559006726,27.53846153846154
21423,0.055146,245.2955056,3709.212234,0.076465212,1.070675484,34.12044656,87.23462963,0.0,145.6851270138,41.627138135,0.8142301035550372,0.0593912775707646,372.3136095,53.9,9.1,37.0,0,-77649.6,9662.413793,336851.3793,0.016457294,0.122826001,0.860716704,0.0,1.0986122886681096,1.5595811562598767,199.47049650019943,2.078674682,1.588950536,93754.48718,0.839331449,10.57420349,0.59717684,11.181818181818182
21424,0.104614,451.7013852,5561.03316,0.092779985,1.121461272,42.80411637,109.1580244,108.3333333,135.88659488836697,91.11501789176923,0.2961456988509003,0.0893419401008874,309.7554745,23.3,14.7,15.5,0,1094630.25,-1394495.641,1933631.3,0.388256388,0.273380732,0.33836288,1.9472331462019,2.705261859851357,2.2222727666369515,2016.9384594796109,2.023439479,1.461393743,124839.4834,0.214601519,6.991586777,0.609601089,81.95260663507109
21425,0.083174,349.8387065,4115.742324,0.095452669,1.103079395,34.48342811,106.9978929,1215.972333,132.3304644925887,105.88033977660001,0.3629003713691656,0.0710271495257855,325.98,25.7,17.1,20.5,98,2314331.259,10161723.82,-395769.9586,0.276870143,0.511411223,0.211718633,1.9204738282991125,2.580808401954684,2.5057064309952874,2164.137831533893,2.158917803,1.6671267,118582.1429,0.225089666,4.46934626,0.563893711,96.50555555555556
21426,0.11654,419.1345857,5480.186939,0.088052246,1.162314383,38.16803373,101.9265581,0.0,161.9624995295147,102.97616714072727,0.7424086898413716,0.045265276017654,331.989899,40.3,28.2,23.3,0,-397404.2931,-161949.8176,-6281287.502,0.118759372,0.045980649,0.835259979,1.8054905586884045,2.318512620479246,2.20617658926222,1330.0154453406556,2.085342008,1.705201461,72791.5,0.179015352,5.029971657,0.563271442,64.35483870967742
21427,0.043574,188.8419676,2270.750212,0.092287937,1.098827341,33.01700965,123.4228182,38.244,156.68494219570587,112.94314424872728,0.3893471297831337,0.0624640987664824,338.5128205,55.9,27.2,10.3,144,-487262.0134,971195.2845,29207342.63,0.034216655,0.097961118,0.867822228,1.7667649007892798,2.1091965631750043,2.605780386017853,3281.7735346766417,2.079256284,1.761929375,52210.625,0.140449284,2.505608662,0.567514668,115.8041958041958
21428,0.070379,78.93306549,872.3422073,0.089369778,1.017128665,26.70117168,98.99788889,985.714,101.95418112375,116.85387107333334,0.2063052386236958,0.037859770414473,272.1176471,50.7,23.3,4.7,298,224771.0345,135189.1379,135766.4379,0.141674164,0.521861761,0.336464076,1.5607104090414063,2.260233853174674,2.019814992492946,511.5162193267879,2.232583735,1.696546808,154223.6842,0.066166254,7.236344987,0.726788809,39.55555555555556
21429,0.113003,214.1782875,2639.210337,0.084798825,1.096879979,8.009948823,60.33271875,0.0,85.8279088582,196.649623198,0.2026043378186802,0.0509021740019968,231.4,23.3,3.3,1.7,0,676530.8621,-24750.31034,-463622.1379,0.359585486,0.153032383,0.48738213,1.039720770839918,1.732867951399863,1.234267866079077,212.383742024548,2.042306049,1.434479858,125570.0,0.181424193,9.553966675,0.631838343,54.708333333333336
21430,0.097415,233.6928022,2716.579795,0.083578736,1.055184779,10.03082637,59.3114,1351.786,137.83129333038463,161.83846544285714,0.3883676846531016,0.0678934644942,386.6956522,91.0,0.9,2.9,0,-131443.7931,84822.89655,-78090.92414,0.446840907,0.28715705,0.266002044,2.037734194785151,1.6572204305795883,2.0467385326945515,533.7986962993378,2.264255599,2.097196375,108932.2785,0.561482581,17.79029401,0.505439417,60.0
21431,0.255512,103.9588413,1220.077928,0.090999789,1.033487583,11.01740717,374.7443333,0.0,79.667618092,175.313661455,0.5657773221821754,0.1019243712468811,275.8125,0.0,1.9,0.9,0,1462751.031,-10597406.1,478480.6459,0.085309262,0.886091523,0.028599215,1.676987774322417,1.3592367006650066,1.475076311054695,101.75647327718464,2.43774569,2.029953958,197333.3333,0.174303953,0.033001785,0.538420206,28.0
21432,0.249155,283.3138034,2338.754196,0.076192992,0.917618301,10.44098545,109.315,0.0,131.00063656658332,122.89518731181819,0.4870321043689965,0.0875799621876017,265.2797203,82.6,7.0,10.4,0,381142.569,209736.5172,-214974.4397,0.165384337,0.1852151,0.649400563,2.0431918705451206,2.014067363017681,1.4142790651247086,164.5561999558508,2.187529023,1.837674872,70613.90728,0.457427034,25.92789691,0.557750489,24.29268292682927
21433,0.100721,149.0501059,1706.183657,0.082809347,0.946448821,24.00317287,134.6779286,223.5265,87.2933735846875,120.25982736916666,0.103949426313205,0.0802206847649081,327.0,76.4,17.1,6.4,261,-133581.1379,-116640.4483,-195741.2759,0.131845533,0.197981904,0.670172563,1.5810937501718236,1.919223230926115,2.2326944771870663,456.7071415097149,2.285883291,1.781196211,71581.03448,0.182534996,18.52409752,0.639382331,34.45652173913044
21434,0.166835,91.44700672,1110.268361,0.078892668,0.986243459,6.695932188,267.5976667,261.243,141.798394224,66.64065654033334,0.5490438596585089,0.1107531214080589,271.0,9.9,90.1,0.0,1690,-339182.5862,275214.1379,-1387016.914,0.153274507,0.096625547,0.750099946,1.329661348854758,2.19772194026214,1.9722469794234416,317.67914406449484,2.122146524,1.331881924,28000.0,0.721138117,28.5870904,0.654999479,51.9622641509434
21435,0.136888,138.0355401,1804.338213,0.083190193,1.057191918,4.641960663,107.8241667,-8.333,134.45664181784,103.0205959025,0.1555224998996983,0.0933479340692145,318.0990099,34.7,43.3,21.1,100,-1324194.138,-4862761.069,-363047.2414,0.273243908,0.538132079,0.188624014,1.2016820191049764,2.419637185196782,2.631188829376196,942.3762491964231,2.232588795,2.153511348,43357.3913,0.136631858,2.344384738,0.53334238,50.25581395348837
21436,0.131119,105.644235,2872.245199,0.054786599,1.114905023,12.89651724,104.01328,91.6665,163.19193845736842,173.72169299454546,0.3849941454349456,0.0797135989250511,333.6558442,38.7,27.0,34.3,100,-2350071.034,-1419292.939,799571.7966,0.387416849,0.392913758,0.219669393,1.3321790402101223,2.573368790930953,2.642848656596726,640.6394191535933,2.142763525,2.018097601,48597.51553,0.374032303,2.792397484,0.531946992,54.32142857142857
21437,0.080476,305.5336021,4296.690836,0.074175107,1.089500794,25.72675981,94.21684375,0.0,114.50706710845763,121.76841414166667,0.1651026011936987,0.0561589560067315,321.4678112,42.1,14.9,36.4,0,498052.1517,660257.669,944313.3,0.417258168,0.217219867,0.365521964,2.0388573540118613,2.2894951660863807,2.154903982649868,1515.9799194790992,2.171135278,1.604003297,46657.30769,0.446591014,8.475465491,0.599125408,108.55737704918032
21438,0.083627,222.8242537,3984.763376,0.069848038,1.21801044,21.53895123,97.86251724,350.0,135.7250367196207,102.32354966845455,0.2712668991742847,0.1396339684108715,369.1636364,34.2,18.6,44.9,64,-834551.0752,1071133.828,438404.2966,0.526992117,0.118735287,0.354272596,1.889461332497715,2.338383120756266,2.4146411553901928,1949.131261434704,2.159072308,1.699081214,50546.25551,0.620138797,3.877444617,0.499800038,97.96319018404908
21439,0.094601,275.3553706,4650.894918,0.07005688,1.165117586,30.91557643,73.48637778,0.0,137.8197785022135,101.40594262716,0.200033826868442,0.0823064033304832,329.2490842,26.3,26.9,30.0,0,721806.3038,-408379.8276,1483285.767,0.314470354,0.18028563,0.505244016,1.9534734000601608,2.577716879115884,2.5225655538920444,3150.0724093825647,2.184231655,1.878452185,46897.35849,0.192263765,3.529755532,0.5979298,106.8523489932886
21440,0.124807,393.1834055,4562.923646,0.091675066,1.1045546,41.1177634,145.7155484,0.0,136.6550884762923,143.27921077699997,0.1736710026654142,0.0737234279824823,393.6153846,4.4,82.3,13.3,0,-109613.3448,-158970.4138,-1396958.876,0.781275103,0.072672948,0.146051949,1.7389872570750275,2.799641613053528,2.3751492510638474,969.4969032185696,2.232629572,1.821268975,33859.56113,0.219972314,5.183421951,0.611714664,75.60330578512396
21441,0.117664,166.0857979,2122.218476,0.081255837,1.081231564,11.24853367,177.7025,-247.208,102.37195352294118,88.22800025776922,0.4892199522685493,0.0575847049185524,319.1875,79.4,14.2,6.4,1771,-543968.1897,281872.2069,-1392685.574,0.23591878,0.160467788,0.603613432,1.668173971997397,2.297540497033461,2.2764226858058185,662.9045417459886,2.076364445,1.544885505,30621.73913,0.541613847,25.57907921,0.612792704,27.78205128205128
21442,0.114856,289.4261346,4282.257877,0.071866487,1.114438354,28.99077255,153.7114762,-16.762,160.22804276588636,127.21880472214286,0.764820431787033,0.0674632658951482,340.8373984,62.0,16.9,21.2,496,2306911.572,244053.9893,3128508.034,0.102649709,0.050844382,0.846505909,1.8697471905588148,2.236421438217656,2.127805078707373,652.9915720554434,2.200554313,1.90104626,36619.04762,0.435738323,10.77014152,0.492170846,42.36
21443,0.223427,692.231929,11731.55189,0.064883587,1.077639552,14.78677764,64.28708889,0.0,191.45120747352942,183.34427127520001,0.6836746548643267,0.0810978982703851,447.2608696,0.0,0.0,100.0,0,-39529.13793,-317162.2414,-657996.2069,0.193482646,0.306238749,0.500278605,0.857174043642079,2.687409255040131,2.310715603974584,532.6124416476075,2.264367753,1.727431721,48500.0,0.005873535,0.121027721,0.557524134,37.50420168067227
21444,0.103031,249.4511328,3955.267427,0.072102374,1.09120611,16.21511712,105.5213704,343.95825,151.93248321000002,101.95965694666666,0.5636489886423243,0.0839670968878834,365.6740331,40.4,7.9,51.7,198,254515.5556,-289534.8276,-1065441.233,0.009683955,0.141865922,0.848450123,0.8675632284814612,2.1390858946957136,2.0467385326945515,388.2326678378352,2.220193609,1.394525978,46517.94258,0.587033836,10.23417867,0.704440026,20.025
21445,0.076185,262.5310734,4496.512261,0.068730488,1.169615472,36.22817656,98.49815625,93.75,152.75678946797686,112.20827469046154,0.2560666745819906,0.0572195089032074,331.2073733,24.9,33.8,32.6,0,39469.38621,-1739465.652,846253.3466,0.439681431,0.302296539,0.25802203,1.831336326212088,2.5408422005142373,2.5867191840889965,3386.493404213428,2.11595886,1.536880937,53212.73148,0.23704848,2.543905618,0.593527411,115.0813953488372
21446,0.069431,169.8253806,2725.371098,0.067380554,1.080531801,49.10714089,129.6535556,187.5,148.70584790326086,123.43013486027587,0.1834459903756606,0.0575483107794959,320.0357143,28.2,23.3,8.4,0,-3050320.148,-626718.2086,345506.5097,0.358710615,0.264344551,0.376944835,2.0669718703573605,2.7414032054449446,2.3995628299287275,1915.5708545174343,2.142858117,1.817702233,61730.76923,0.071959003,2.200215437,0.577580727,93.18796992481202
21447,0.527205,384.9263199,5243.94347,0.064726671,0.95078631,11.58765616,195.9681429,0.0,138.84063328358334,232.56877280666666,0.923962547967534,0.1161165455279052,197.030303,46.2,26.7,27.1,0,-3636167.034,67425.25862,-13346318.34,0.119640747,0.007942388,0.872416865,1.5157079520857129,0.6365141682948128,1.5571130980576455,45.52308874157112,2.255359051,2.267480755,73740.14599,0.112768587,2.431127596,0.449988935,2.6666666666666665
21448,0.170218,204.0847628,3832.016965,0.058480771,1.069950501,35.18905378,219.3729333,0.0,120.71683584810812,127.89541771678947,0.9162958997177444,0.0821644593853294,237.3529412,0.0,100.0,0.0,0,224370.4741,508252.7155,-30490758.25,0.079207121,0.023494704,0.897298175,1.734764521025775,1.1604572762698004,2.2187006902010884,552.2330188346708,2.301674019,2.502342131,54211.17647,0.105340836,0.01107593,0.417504463,20.26595744680851
21449,0.221911,195.5950412,2710.650689,0.09237612,1.000776328,22.76967994,266.6998889,0.0,70.01000313625714,58.52052217218181,0.6718538452636117,0.0917784398850923,186.1,0.0,84.2,4.4,0,-1189420.259,-224928.6276,-15953861.17,0.039840147,0.036716999,0.923442854,1.039720770839918,1.5802363404761086,1.9712885179716584,234.3281766113442,2.364035379,2.628342326,68852.77778,0.235277501,0.002175072,0.411712099,14.23076923076923
21450,0.178773,345.4893486,6791.305114,0.056790131,1.122592717,30.78335951,108.9092941,383.333,163.38653064039343,122.94954721606666,0.7478019975607012,0.075241622698284,345.8973105,40.0,21.9,34.9,0,1073962.172,-26791.73103,4960345.475,0.35497489,0.13744776,0.50757735,1.792009421056731,2.3317470441920944,2.2744684484714366,1342.484603379705,2.165335901,2.166091398,45688.80407,0.407567754,6.742258955,0.435843741,106.28333333333332
21451,0.055667,161.1984437,2993.766151,0.060669283,1.135557659,54.10827114,119.94285,0.0,119.77988838586275,86.8786887458421,0.7203400621087459,0.0466522152245113,377.6640625,17.7,39.4,34.5,0,-1755756.517,487015.3207,-1660844.84,0.210222872,0.136140092,0.653637036,1.84783628388102,2.6786437675274914,2.3391081227942667,2047.8919287908448,2.161678266,1.759247886,41520.70313,0.409270117,1.787824842,0.525389537,89.45614035087719
21452,0.129221,295.1072369,5360.472849,0.062597113,1.132721861,28.53285184,101.279475,169.95825,162.7139913370686,93.05617892198214,0.3285925859383931,0.0871377240571052,341.3942308,25.1,41.6,27.9,85,18175802.84,460824.7328,-3007835.332,0.757515914,0.105827106,0.13665698,1.514752995963069,2.659751300183128,2.3460373535994394,2685.322045178415,2.068639662,1.519910873,54042.11356,0.297823864,2.868342727,0.529059824,123.86743515850144
21453,0.093812,268.7358566,5016.309188,0.059687422,1.106535349,32.94004835,88.91919444,0.0,150.44221553922728,84.765600932,0.4975584859149479,0.0810066877093911,332.1609195,23.8,34.5,37.4,0,8101025.308,-2076988.864,-7439099.268,0.419687387,0.061214034,0.519098578,1.6737653426929686,2.4752107657955174,2.3629602225072994,2025.327250245171,2.173056657,1.83725441,47000.36496,0.23179665,2.553878913,0.472402321,73.13157894736842
21454,0.061872,165.5676175,3256.287435,0.057602681,1.093836291,51.13674716,95.80996429,0.0,180.99025533111111,59.894453685,0.566923417525799,0.0853261932204688,351.3837209,35.8,20.9,43.3,0,1051718.941,1722335.0,-35142.77586,0.39182169,0.527157355,0.081020955,1.6417347121875212,2.070493040427825,2.196871238425828,1050.5559865528833,2.239841643,2.023699558,41409.11765,0.233000387,5.046639458,0.452051948,32.69230769230769
21455,0.076387,153.1506455,2987.551685,0.053223845,1.073526521,47.84684272,118.5685455,0.0,184.38024052083333,192.6281854,0.7161423888168656,0.0447627768940555,391.5328467,32.5,24.5,43.0,0,-17959.48276,-468451.0469,-660557.3103,0.411594061,0.229553535,0.358852404,1.690393192201014,2.395908119293929,2.1601298108363687,811.6564336863603,2.089179224,2.293935495,48023.7037,0.168610749,8.11893808,0.418639266,44.14516129032258
21456,1.340721,339.5146909,2241.934926,0.179476199,0.910953753,3.660437249,184.7418462,0.0,55.40647651959999,60.770583918999996,0.5590299792323521,0.2455831037543457,208.5,0.0,100.0,0.0,0,1952692.328,-4762336.207,482761.2069,0.695626078,0.139615039,0.164758884,0.6365141682948128,0.0,0.0,2.9834693422419725,1.449448296,3.640311731,178750.0,0.027234909,0.013053999,0.45170223,3.0
21457,0.268643,546.0882348,5760.159505,0.097562808,0.969281663,21.44692329,224.7587895,64.032,123.1924299884074,71.82807769477778,1.37064633997892,0.1032379479784119,222.4716981,53.6,37.0,9.4,719,-562289.3448,-1841222.224,7410680.358,0.03018516,0.10961369,0.86020115,1.7045514452672967,2.245035274126177,2.3979222723782203,186.1206136024389,2.07234497,2.291081022,96794.2446,0.133530787,3.087848496,0.535500008,7.16
21458,0.197292,263.5172808,3222.709021,0.084733888,1.061009669,14.36790644,152.0461429,812.9413333,122.10965691112727,122.64258872857143,0.7712139332928152,0.1117997926214229,335.4579439,52.8,20.4,26.9,1773,1876476.824,-599977.5517,-2249298.307,0.400078978,0.199900486,0.400020536,1.6800466293984757,2.2930399251111107,1.9300208584335925,359.8726760334935,2.105405078,1.587592403,51441.2844,0.403525677,16.58563751,0.603346239,37.45070422535211
21459,2.648838,337.993901,3090.876012,0.090934382,0.890337884,0.013952834,49.0535,0.0,165.177929745,,1.4350920205018871,0.2810495504451678,466.6666667,0.0,57.9,42.1,0,70118.7931,-161538.8235,-103538.8235,0.53562532,0.272136611,0.19223807,0.0,0.0,0.6931471805599453,1.1325720938766357,1.931702678,2.096614405,263150.0,0.000691291,0.0,0.536289009,2.6666666666666665
21460,0.750104,97.07614919,1563.939199,0.05272319,0.8439604,0.139354276,174.217,0.0,,,,,0.0,0.0,0.0,0.0,0,,,,,,,,,,,1.885382577,2.233426756,3350.0,0.0,0.0,0.481442486,
