intercept,06 to 18 / 18 to 06,APART_DIFF_AVG,소매업종다양성,(주거인구+직장인구)/유동인구,공동주택 연면적 비율,주거인구/직장인구,근린생활시설 연면적 비율,INT_BAS,외식업종다양성,평균최근접정류장거리,단독주택 연면적 비율,점포밀도,주중 / 주말 비율,건물노후도,x,y,BAS_ID
119.58035479497299,18.111118405894267,-0.006081932368222769,-10.430299992369283,6.133474336363446,0.345012006178241,-0.07736876099093369,0.2648147308140806,-147.04957917698923,-23.077188312438786,-167.46267816886797,0.4396272178114763,-0.0003153447748988353,-18.283013636941874,0.14510977832905914,126.68913490770505,37.51870773736182,21300
115.56950238055867,20.447371633271317,-0.006550190504681537,-11.039983186516052,7.177209496104189,0.373690610574052,-0.07682712021745404,0.3150906662651593,-143.9656336341376,-20.424217466682634,-177.9073110410559,0.44598160586299773,-0.00035419519516341903,-19.211948400011444,0.14267853602542557,126.69545880461988,37.52241686372307,21301
113.90481201854341,22.671663867197,-0.007038510814818059,-11.545556519546102,7.947099684346521,0.39989032061807406,-0.07643384122832643,0.3528841173107198,-146.90455642828817,-18.08499177102708,-187.33141303904213,0.45296457464550394,-0.0003838798414795045,-20.832531671595408,0.1413469236127466,126.70134171772969,37.52233877708572,21302
114.2431020196606,22.303854135788082,-0.006951552940089663,-10.27244522328672,7.691342635699528,0.38925557236901254,-0.07717106247873531,0.3353624010257204,-145.41974397515455,-21.01421468996488,-187.13400207292,0.46009618008949926,-0.0003814061839834584,-20.356099049060987,0.14097885068800628,126.69872979436714,37.51898140944887,21303
114.05770714620337,24.428710877875645,-0.007494786865568586,-10.957231030334142,8.34419413446557,0.4170208293715659,-0.0766550419314266,0.3732824951317244,-154.7148997144506,-18.28806872608861,-195.99774982450052,0.4660155518952155,-0.0004095786006946184,-22.382137915136454,0.14026048548821451,126.70341884326405,37.519318995056054,21304
113.81428905436208,24.18962436789914,-0.007560053635582792,-9.708947899551708,8.010587562315724,0.4129411223662393,-0.07861121135099555,0.37126135479038397,-154.28248362051318,-21.63537226960788,-195.24994704789165,0.4741279554251689,-0.00042002052852774697,-21.579873569550635,0.13859389087052887,126.70300423971963,37.515329100586754,21305
115.38522113943108,20.70320569220177,-0.006657534493177794,-9.72453591781258,7.009296952782394,0.3698840173574496,-0.07855686517841377,0.3036445501015771,-142.43216004515256,-23.488382494027107,-179.40157108745856,0.45555747837184996,-0.0003587308975874847,-19.00727856320376,0.14175341755991544,126.69720548857926,37.51567898613793,21306
118.01047034938824,19.10272238720271,-0.006200962396654847,-8.908088386162698,6.246988927963165,0.34416703546546795,-0.07976294896844552,0.2570987952268321,-138.6027036238869,-26.42988422487975,-172.79622939126344,0.45471714346736936,-0.0003275931911009902,-18.313579170207777,0.14338871730841912,126.69309964043227,37.512529261238306,21307
117.5528495377818,19.07508108930746,-0.006138292452345398,-8.213938445872053,6.099185713406516,0.33944192890292113,-0.08188815092523154,0.2500988917380594,-132.4602451822998,-28.622574814798,-172.9817829345909,0.4603752248375957,-0.00033074705992540686,-17.870510501710076,0.14239495531383756,126.69463592515947,37.50972402615308,21308
113.03311576833882,22.807240587195416,-0.00729688779375614,-8.447762938953433,7.24418605611758,0.3969107535676919,-0.0827637566956604,0.3556041815386582,-143.7687351123069,-26.61685431351346,-188.35742234993768,0.476417777326065,-0.00042002615226243914,-19.319071886782133,0.13648936744983242,126.70257157044347,37.51088024429188,21309
114.42529086809425,25.323808956643752,-0.007743539952449719,-12.777475425625365,8.637880541497694,0.43476177594886983,-0.07644264558167288,0.389288807166093,-158.60359887838774,-14.187888202697518,-196.7531499412741,0.45684061224433953,-0.0004082571320606588,-23.665402625432915,0.14148436802678369,126.70802741158735,37.5214043470635,21310
114.90486466257066,25.487732105138083,-0.007869228004503235,-11.59666943930579,8.536005305021348,0.43361542516751056,-0.0769799291568289,0.3895606108567805,-163.5285487600114,-16.53222027111144,-199.02331155949526,0.4661169450840415,-0.00041968250426748345,-23.645825969431254,0.14049564957512795,126.70645139187884,37.51875080500249,21311
115.82645876717247,26.94635633293773,-0.008463448615466867,-10.26338910485547,8.539910668930528,0.4531851944717997,-0.07915880556554752,0.4228821166072408,-177.00677099929956,-19.113740997539967,-206.3485088960816,0.4850099525055615,-0.00046350612707502073,-24.745600693854982,0.1379491752378985,126.70691946411556,37.51509833713639,21312
114.82289925550725,25.0542042543697,-0.008234660419239457,-9.021486768783882,7.3115463175691024,0.4389412251730667,-0.08491005133407409,0.41765627916133674,-167.42947723201652,-25.201480324744196,-194.20552464330981,0.48278931224684846,-0.0004704745205779028,-21.495904410458774,0.13426167470942174,126.70652058482338,37.51059783447811,21313
115.62348137950262,26.54641755529945,-0.008286025128709481,-14.482477628041849,8.732607905732436,0.45811820476859083,-0.07800856092236784,0.3973307384838514,-167.00565533065264,-10.669369543317478,-196.57195044211937,0.4485209318089444,-0.00040490197131748303,-25.344447647706225,0.1432732286842484,126.71319259164342,37.52037539808062,21314
114.20862432578083,27.041958646403305,-0.008680875087868332,-17.0253239005573,8.694959139337342,0.47705155990389275,-0.08094289870750708,0.3905925564345704,-158.04350734840182,-6.3932593040086685,-189.20076362482695,0.43105765067158314,-0.0003816774863039156,-25.829839772565002,0.1458123917333548,126.71891876142693,37.52020716759903,21315
105.36245231575477,25.959472952527587,-0.008530612630509207,-19.31821392945071,8.640178114451178,0.47894909895446797,-0.08337450355838406,0.39340577636235696,-113.96646965993503,-3.4115846841576816,-173.80274227451687,0.4145142891477628,-0.00035534649721837767,-22.841133922914516,0.1453778036397834,126.72512332161521,37.52075627781089,21316
94.0602498806571,25.137734463915958,-0.008381584939167184,-20.947185408935546,8.857459403227205,0.4804557556095931,-0.08546539967828146,0.4073704206566007,-63.171316370894914,-1.3021570615423317,-160.2567813645197,0.407515868352707,-0.00033980298249265277,-19.371065183501294,0.1432869566141901,126.73053373535897,37.52055707999099,21317
83.70886683321255,23.5912574156707,-0.007947632265180908,-21.555584017569327,8.944059268753053,0.47012722967179954,-0.08506619429851417,0.43988564151974385,-21.853378009743608,-0.9861967193966379,-148.71486380782378,0.40672183027871217,-0.00034194731977063407,-15.166028465578453,0.1397674306588973,126.7361576234256,37.52074545539758,21318
77.08173848584035,22.077323473025398,-0.007387201320049095,-21.730758825856835,9.002719949742875,0.45664416463975327,-0.08305292799146824,0.47928431844787245,0.16690910853933746,-1.2004273305902382,-143.08457778133055,0.4092782369421872,-0.00035751580919237585,-11.699948534726804,0.13618646108913668,126.74321514378205,37.5219067233361,21319
79.39131835669843,19.392408149732333,-0.007009206551595692,-20.940835636991565,8.223085845028706,0.4313289545174303,-0.08014497822092685,0.4868438217842478,-25.86464107500825,-3.0744494097090245,-136.34244479986396,0.39902563576568806,-0.00036072813131068535,-8.835515186535698,0.13489428161974135,126.7488155826459,37.520512435412016,21320
70.15807934169385,21.94623590179889,-0.007653319348348049,-22.320607156080893,9.141857883462555,0.45707178423780637,-0.08547732373061842,0.4691168025242845,25.421504242749013,-0.14794024074602644,-128.92528559884832,0.4020294743456845,-0.0003324230303714793,-9.960095348606396,0.136018138386934,126.74324183744143,37.51850596365194,21321
84.81974151242781,16.96495017488403,-0.006559340584751151,-19.890154351618236,7.462879458963791,0.40624703636349835,-0.07657500470093126,0.4878956774782692,-60.471516226231884,-5.1592656505557954,-135.3116335611392,0.39122362048012577,-0.00036796797455463634,-7.098175110266777,0.13374407603696906,126.75566589791076,37.52007688820165,21322
78.87806204958768,23.87451188049722,-0.009052758107361397,-22.48198124898196,9.013797362266347,0.479832230316648,-0.09270775464839356,0.3667512957447618,-18.915849913133794,0.9334833746483944,-127.17229120283741,0.38144062580477983,-0.00027276089013910694,-13.764092964562881,0.14216921345755235,126.73380894864344,37.51608671250486,21323
66.1517612101121,23.300929685357694,-0.008685875173524765,-22.99487645712196,9.60695442594001,0.4689405185632507,-0.09289126509751676,0.39097839632873826,32.57886794422918,1.8471347424369393,-113.3088580854787,0.38222202150658224,-0.0002657753315752647,-10.10515509853703,0.13857394562559722,126.73735307054208,37.51538694098997,21324
64.72227292984613,21.57924295448897,-0.008038906241231138,-22.62750624007292,9.16223446265759,0.45192684067694533,-0.08861838061712583,0.4415842877052683,39.745599052358095,0.4754473147698334,-110.14446454163449,0.3876759880429052,-0.000294808547526098,-8.241179766797302,0.1369217103438682,126.74211095416764,37.515279842530006,21325
71.23615802242766,19.071098105849885,-0.007284339630960131,-21.597790756153415,8.330832265701746,0.42858814002072954,-0.08218564064010772,0.48021178445220153,1.5604746828890927,-1.69352866532894,-117.75691342948326,0.3888220995215731,-0.00033136667749116965,-6.629547738606614,0.13449204618305022,126.7485031464966,37.51560938874926,21326
59.411905087695985,22.056538172107736,-0.009148113714794345,-22.941572760394845,9.714459634145276,0.4503375007171497,-0.09725199268506685,0.34068930242719025,30.175778111136076,2.141806390543453,-85.5248887986642,0.3531938385795588,-0.00020634027070133259,-6.241200598240114,0.13919625510420458,126.73710299172977,37.512701817751,21327
75.52243689057174,21.620872015458257,-0.009793928239271254,-22.22458101308904,8.358711256686183,0.4649298490544494,-0.09746557560744097,0.3159888648323231,-36.8959023253111,0.02156653240845477,-98.28378789360056,0.34910609497646855,-0.00021587817590090714,-9.713843536113227,0.1440799080042525,126.73357519465186,37.5129551650066,21328
108.23089196905174,24.851541779090184,-0.009485344120714669,-19.40758392075698,7.496726064941101,0.4843795136743543,-0.08846142842997433,0.35324764100357325,-140.7270320065788,-4.532723714980871,-156.25919447749595,0.39361214660490823,-0.00032203515209864236,-21.940672012615842,0.14864775048953627,126.7248954590203,37.516428945139154,21329
95.9332618883066,24.461260884820074,-0.009646092211060936,-21.40229719524362,8.060396812553037,0.48985106301281056,-0.09278082281156545,0.33793255986174153,-93.02753436244373,-1.1877922340443852,-139.5075657728078,0.3793599821519714,-0.00028317144176270533,-18.456540832244055,0.14753914408852462,126.72914095377996,37.51599952583299,21330
93.04303061152888,22.404691936633473,-0.010799359392274117,-21.444369597381993,7.168261074569785,0.4902563234567644,-0.10013827025572472,0.2889662102140712,-112.21130248917831,-2.364539244599318,-111.21948101009747,0.34930491614128845,-0.00023214207080265214,-14.60278269948913,0.1494572920965738,126.72896966340448,37.513023161354845,21331
110.14515640810194,23.29506208317497,-0.010774870018709701,-19.46617171648962,5.925820650115373,0.4950789959583456,-0.09623461286598331,0.3188135718513969,-165.34340563623775,-6.781748364960181,-131.46737738371502,0.369287349303383,-0.0002907737308711418,-20.199564357037456,0.15170204597981848,126.72456153357894,37.51284888767801,21332
113.75181656378138,24.51367810031707,-0.010091163872115252,-18.50001369133776,6.5912404268969125,0.48872722005860014,-0.09091052101186187,0.3419356021793086,-171.78727962944083,-7.139868985431793,-151.67890210676993,0.38977783519137643,-0.00032370106481747595,-22.51293137964231,0.1498453511700065,126.72272411487454,37.514294919956676,21333
123.35194315902858,27.307916333608876,-0.010335077717533213,-14.444546974560854,6.441865903274415,0.5053194363539636,-0.09046164088903039,0.41016484100403755,-214.1560399131067,-14.757553862170296,-179.22602042219896,0.4390515104868946,-0.0004289081993486246,-26.629456139920702,0.14307094893144645,126.71522085131534,37.512349271270885,21334
112.18720287958652,21.44683102854547,-0.011268467959981744,-18.554223978578797,4.524304359824174,0.4927078703385125,-0.0997551703204768,0.3251639969669337,-177.80357645488544,-10.724350450377136,-117.94392526834355,0.36120275336587093,-0.0002945557066827643,-18.4271407035978,0.15155162305539102,126.72312378787706,37.51022634485727,21335
92.19442989029453,19.443729850013735,-0.011432880872113202,-20.76718883919009,5.770634072729977,0.4797202079594588,-0.10330879884954779,0.28353079206002924,-122.89133752648847,-5.5094594398364185,-87.33591776254839,0.3286141594940135,-0.00021349269644741533,-11.26099225147953,0.15217669631040184,126.72851926211857,37.51048241928701,21336
75.97545247766536,16.003060684892922,-0.012486780763626028,-20.984056770764493,5.773895120068841,0.4746373778366066,-0.11171096461864305,0.2808936861563661,-95.02499487853753,-6.541387004901848,-50.33488433360402,0.30105965257081346,-0.00017565638304823622,-2.98782567658813,0.1528831524798228,126.72887410436182,37.50824363218556,21337
107.6370713192061,18.594179947473975,-0.011505717898843247,-18.538574108637267,3.73187474493233,0.48192840810715315,-0.102980498406168,0.32696790398470393,-165.8830923103094,-12.533467989581977,-99.11917983486931,0.34473881467513046,-0.0002773768657485224,-14.264786303914441,0.15185206299629694,126.72367451730786,37.508087894345195,21338
75.51404649052651,19.326606458755045,-0.010464018689327666,-21.72448319364147,7.5455513519932795,0.45331163441491196,-0.10095881102889762,0.28453193222684153,-63.021635332300995,-1.6441763400053262,-76.27937329223471,0.3234323637759875,-0.0001806533001464564,-6.811842110193628,0.14726971272938177,126.73281609389528,37.51084224358553,21339
69.29896063149626,18.100877783317973,-0.01031194170448074,-21.749918216527426,7.7573197161615415,0.43372087295416345,-0.10138362081823481,0.28187233833788783,-49.62098800884204,-1.4323778187266187,-58.69959033616441,0.3104553985261288,-0.00015875286953791247,-3.973101869796352,0.14748105820713844,126.73433203369085,37.50968150840593,21340
61.312654716999425,19.505130360405914,-0.009091098362852684,-22.376439197394152,8.74690141723568,0.423000675914685,-0.0962474789822572,0.34270627496896716,12.721540695319682,0.27771650807631704,-62.69499674594642,0.334052991090274,-0.00019198271580340832,-4.556207721624639,0.1428514983415089,126.73883225082633,37.51030879926104,21341
60.85648611098165,20.063723007307605,-0.00827167327136988,-22.49675788570459,8.909969930183902,0.4299455836694486,-0.09065558112816341,0.41322781610424314,37.73820741966189,0.3090510562829604,-83.16838022776716,0.3639241984077068,-0.0002517483153089922,-5.583947026451819,0.1385109382315886,126.74248463225899,37.51182400323176,21342
71.26586659187726,15.915677314572049,-0.009075076509181672,-21.21474510689021,7.289637391552884,0.3961049159436424,-0.09269330917441675,0.33873463665198045,-42.65670050680088,-2.1900276248060497,-53.466226680270125,0.316330405783996,-0.00018574650365100573,-3.4415495520247124,0.1457245422410232,126.73938905241498,37.50756648853063,21343
70.66973004384977,15.37416898683696,-0.010707507404960046,-21.210547572791228,6.956520605035083,0.41785370469842004,-0.10287348877109169,0.27259930966370627,-73.82738639470385,-3.261500713925332,-40.58425423706305,0.2899631358088664,-0.00014054233950791157,-1.523849503639212,0.1514014344516657,126.7338759401278,37.50772954620715,21344
78.75387443723594,12.736499780139303,-0.009333806072827149,-20.20097461461731,6.292634653792707,0.3750385210496574,-0.09121705716541421,0.3177956892426046,-91.49956523715547,-3.9244104952334213,-44.395671349783754,0.2969145335112497,-0.00016615126550536855,-1.9815101722108024,0.14837837027751363,126.73829942679801,37.50524247607829,21345
81.4954267695817,12.468296164175266,-0.008438973522109587,-19.632291669658564,6.094282380375636,0.37024194850198544,-0.08359948895468639,0.36460744915350296,-89.1388027082154,-4.216089033208378,-64.31227583693082,0.3189114761893981,-0.00021115588368057214,-2.456828860530162,0.14246183347424163,126.74136015694967,37.50501277134439,21346
90.5151374263822,9.027668388377679,-0.008187760916395356,-18.062449087926986,5.14359359163903,0.3407585472709941,-0.0767431862021564,0.3605103037798234,-133.43321124261897,-5.450186666225631,-62.45024066220953,0.3103242450916426,-0.00020546865101526944,-1.6153648677325332,0.14059620950839283,126.74164138803316,37.50199786241285,21347
88.09529788451702,8.635758906749702,-0.009319037224417927,-18.795777026828624,5.364243061009845,0.3420776638110698,-0.08617433433753814,0.310402785237491,-142.78977256143122,-5.271897995665845,-36.588293588479864,0.28053949415872237,-0.00015237804622021382,-0.6117628882807887,0.1487012478752881,126.73801933246972,37.502251746191796,21348
101.63859370557,4.434360522247196,-0.008818173242040218,-16.556816315619198,4.130797184310933,0.31021451801892375,-0.07426651950918926,0.328070447478245,-184.16746113074853,-7.0628555138370634,-47.613326447628666,0.28757980214654333,-0.00016821980223973753,-1.1156862901313405,0.1439673579218706,126.73773032874193,37.49913638917341,21349
101.71263874671368,5.445807462320011,-0.007955365525821797,-16.21204513394388,4.147874054247471,0.3097402100545606,-0.06813679756825212,0.3556668011545133,-175.7644978688949,-6.401006230549244,-60.80820918051714,0.305873941720861,-0.0001985335310235332,-1.9836030435513554,0.13789841088400176,126.74125844589769,37.49897505789148,21350
70.28901138606952,12.02145605600505,-0.010954030567584554,-20.72310019381783,6.469287830830939,0.3940525073470388,-0.10371039461228691,0.27307276165224376,-94.0624661536186,-4.648919777453002,-20.480362478778364,0.26795289538583583,-0.00012345156227319795,1.884508998717092,0.15494000812229397,126.73384158447207,37.50545989278808,21351
79.31301831548998,7.4954090943553915,-0.010781929292946883,-19.503766664036323,5.363147079111461,0.36391568950492653,-0.0982448177042846,0.29873969397714933,-131.00877951582962,-6.978031601884525,-19.912384497161558,0.2602503390202009,-0.00013538960245221008,3.4450012039922924,0.15561076230735024,126.73355031757578,37.50247742264862,21352
93.02797780911538,3.073037506374323,-0.010195944265128765,-17.687268360902095,4.359819348361942,0.3262517778270643,-0.08759472060189043,0.3336519566554879,-166.02951818547845,-8.86633930547246,-31.492051221238263,0.2673797022643088,-0.00016011563635241502,3.03092029553888,0.15103246407100546,126.7332555918207,37.49941078769118,21353
103.4194077584566,16.132766760188957,-0.011867863294043303,-18.525494276611223,3.030733247862797,0.4802034259312829,-0.10790605090532555,0.3485750773777897,-151.20696163295145,-14.832471580695218,-84.16512916175492,0.3352710071488425,-0.00028036970217096166,-10.589749475640698,0.15125203406431187,126.72335723816101,37.506101199065874,21354
75.61511494532496,12.324862306491243,-0.012475896549273485,-20.42019317512105,4.748361714657997,0.45563781787782154,-0.11172967348719509,0.31364608254023124,-92.43440393923801,-9.421980347189226,-38.265252895969326,0.29056907154201667,-0.00018568371261282093,0.26818265003728764,0.15500980534139502,126.72839182561799,37.505781506408944,21355
79.27755763911878,7.9288311917157595,-0.011762511246076298,-19.41741866535256,4.108923252368245,0.4184641266482191,-0.10687586747419586,0.3492504504353706,-100.6842566164255,-11.940039738810933,-39.97958574119279,0.2858110039714307,-0.00020058172656701805,3.2906299301435453,0.15400381876349636,126.72816675135655,37.50283688323916,21356
95.85100755958837,11.434914304814368,-0.011432616567614707,-18.306765667061057,3.015964253136953,0.44787119287656785,-0.10789860309096726,0.3697610662143046,-126.4616729803195,-16.30388131693947,-72.03960599688129,0.3210880677824876,-0.0002691904305402846,-4.079284497692551,0.1503002697327984,126.72400061951048,37.5035218880192,21357
98.08960161132353,10.681074584029503,-0.01095761851083615,-17.689945195661107,2.939347402781075,0.43766858085311144,-0.10728902851700413,0.3838527811030008,-125.82137967154571,-18.175364027461573,-78.51927402490819,0.32778657985379756,-0.00028697468707188735,-3.8264960452122887,0.14830790989724116,126.72294689379429,37.50268173515215,21358
96.76519648435095,6.073981337804484,-0.009743948244241993,-16.68259919384841,3.329169726057123,0.3831307758308574,-0.09960547549616061,0.38706044675796414,-112.08413610642582,-19.366183133204867,-80.36876725337547,0.32459839094669163,-0.0002730991632293934,0.3103719737217812,0.14700833944286382,126.72364014682157,37.50006989086598,21359
84.58933022809782,3.1341621817460643,-0.010808695421041901,-18.143247828622528,3.8727027492217085,0.3728659212831412,-0.09972744749627115,0.3918262458006347,-103.86070566992439,-14.109724521073057,-48.11641589730782,0.28963903769916405,-0.00022295593398123274,5.862145757579692,0.14951943664174974,126.72789212345697,37.49975562666252,21360
113.70682840487613,22.25737815607863,-0.007600036836140563,-8.673711251247736,6.286204942612534,0.41036879955427424,-0.08971016193970839,0.382792052127894,-148.46740088200278,-29.360844093899587,-179.4580929308742,0.4683633216248817,-0.00044438100701867534,-17.928910408919368,0.13358235570241675,126.70625897179377,37.50751514282017,21361
113.33244363282553,19.6862122119412,-0.006984812838307506,-8.694090058742486,5.674291988913963,0.3811635426855679,-0.09236371335259348,0.3425153686491207,-132.0950592223066,-31.51867599399269,-167.97454619570755,0.45439926019613847,-0.00040872963760710284,-15.363773313010697,0.13486968315387196,126.70603903400313,37.505428800513634,21362
116.16353383457992,20.001410695661797,-0.00836272804746286,-11.59694099600856,4.8826735594884365,0.423503992635743,-0.0947787627521647,0.3789614964541211,-161.72021531108055,-26.19507049021808,-154.91137279201774,0.426701733015646,-0.0004060580098943386,-16.400950814738746,0.13710117646908945,126.71172592855608,37.505935087045756,21363
115.90249007368395,18.66885016025635,-0.009839411929132201,-14.844183086255244,3.725687311665074,0.45256117815497776,-0.09932035358951678,0.37508672888808303,-174.78770408835746,-20.88147509270414,-129.1038285235625,0.3864726446091606,-0.00036110216012959673,-15.492717721696447,0.14288410797953435,126.7172762651082,37.505896698687394,21364
111.54528031748893,15.449396733406017,-0.009898010630750142,-15.430135323806207,3.1736205125320542,0.4411399632446572,-0.10322442703673475,0.38053215766605913,-156.87365341613759,-21.86066632609642,-112.91136981274643,0.3681956473773189,-0.0003447398842422112,-11.276823652830654,0.14363606659781095,126.71852583137303,37.50397113772221,21365
108.61067877977743,15.329899459588992,-0.010794862329117687,-16.85128143530629,2.9187483239464305,0.45818168586560615,-0.1052396725858012,0.37285946438013484,-156.7888655005546,-18.864026034890024,-99.73097235068462,0.3519004246502788,-0.0003184279378256665,-10.720118369384556,0.14689546055918762,126.72078037435098,37.50460855291769,21366
116.37106587533769,19.20255737337449,-0.006062331670523685,-7.463174092678989,6.0284405643389904,0.33672094728366975,-0.08474960853539326,0.24998200748708913,-123.66455669410169,-31.097342872925534,-174.16654006010876,0.46769841180283955,-0.00034153872157902175,-17.258272887430373,0.14063703963932314,126.69610854079217,37.50761086235353,21367
121.00367717801585,17.774746402081757,-0.005586770892709815,-7.386256131508114,5.301451779543012,0.3124799926927076,-0.08510214222847683,0.19893977151055497,-125.4008722872066,-32.06425489838526,-167.68906704149742,0.4633879751579835,-0.00029948410609759667,-17.68869711397378,0.14386309482799234,126.6927399380419,37.505830653325894,21368
112.9748196844624,20.12973695323615,-0.006508864364544391,-7.480116496790113,6.215949910688886,0.361574751132085,-0.08845390379977505,0.3071653271906501,-122.62967666609144,-32.12475128689072,-176.3150494774008,0.4701500937304152,-0.0003918990404283966,-16.26121390063873,0.13614420949566552,126.70152751391542,37.50659199812723,21369
117.23820604355267,16.563616747826323,-0.0057022078319564455,-7.960132002383905,5.103253958454328,0.32067834840797843,-0.09175585197165223,0.24092971877754885,-113.62621799234962,-33.972501119708255,-159.7639553559863,0.4508797941334692,-0.00032924133093046454,-14.510947559299522,0.14000577323060612,126.70162443649025,37.502897928765144,21370
122.77520226033867,16.563250696148817,-0.005248959807768033,-7.324496226369064,4.780723414222442,0.29807897572271447,-0.08886881120873319,0.17987902334670242,-119.49881132871464,-34.07534921046728,-161.89817990338375,0.4601238024025892,-0.00028603716947783736,-16.94039008042678,0.14403246089100852,126.69520502609744,37.50286720183397,21371
148.97148557100172,8.393737772747878,-0.002456645586320935,-8.655245264223007,2.518851554455155,0.19592551916328182,-0.10734483590675367,0.07464582701575655,-115.03010554878072,-38.91165554758116,-132.14203559356184,0.4547469540628948,-0.00019161771901859512,-19.769798175957117,0.15205467940261874,126.7020675056008,37.49139964949855,21373
168.26227110603995,7.781238108631537,-0.0013076846083922094,-8.915896279567445,1.2841993519441501,0.1684616810793849,-0.11371829603789362,0.01752994559324945,-144.19912748198323,-38.99599011988818,-128.5011414646449,0.46961079739269507,-0.000164382467833822,-26.755848846661078,0.15766429220576256,126.70027029496818,37.488367611917496,21374
114.9899677505177,14.988109922340676,-0.005674084857550579,-8.48448996670333,4.767930560654098,0.32264662483358103,-0.09821099961092683,0.26906385207834577,-102.91794399893926,-35.83684849546046,-150.8988362576429,0.437260149346206,-0.0003473443384840693,-11.794067511561064,0.13790382604661836,126.7055160291966,37.50116515207217,21376
111.78997985073258,13.637098038105938,-0.007125150677301261,-11.377273936223022,4.121986374275267,0.3682819964317077,-0.10255040215649815,0.35354102390321684,-117.09746268220982,-31.814556915644946,-133.40949067491954,0.4026167686689688,-0.0003747165599747099,-9.182113493006055,0.1375156526621362,126.71217894136385,37.50126040269885,21377
106.74566637054855,10.823052390072567,-0.008908638304496659,-14.856208001535864,3.3103634114165748,0.40012333059972705,-0.10487454964922775,0.3914957086395308,-123.8026907128823,-25.20585802282049,-106.54444331346845,0.3617591230419979,-0.000341832015097707,-5.728210950774593,0.14205348500186205,126.71819686460479,37.50113120429761,21378
101.61070353052486,8.677803389043195,-0.009543011555751461,-16.11379067599829,3.212485501328338,0.39908498438228035,-0.10325534488972617,0.39053064589262804,-118.84435458747032,-21.837959063989317,-92.1002980651143,0.3412181539564147,-0.00030625853435954994,-2.8618718908637795,0.14509361736412443,126.72111409037743,37.50083427122422,21379
122.81356071632476,10.913619268941407,-0.004354911670843703,-8.587887900019227,4.088655598770559,0.26417921033890823,-0.10231431021890787,0.19541313103633168,-89.38420059043051,-38.06118301217913,-138.89423426636833,0.43224401798054884,-0.0002814276819433255,-11.546014599969366,0.14270714175294946,126.70516062378178,37.49703809190434,21380
123.57818978228488,6.1053236632855485,-0.0032166637939433,-9.15425488524165,4.640955953509385,0.21951086754745103,-0.11157460234155284,0.202296157487496,-56.328010241663144,-40.45627138257103,-126.7069032626808,0.4253542811854814,-0.0002787830432157472,-8.312908662101266,0.14253281432827372,126.70834902087414,37.49416096052327,21381
132.74334001097063,8.339126479275631,-0.0034080970932431173,-8.870495839922754,3.5867755661630962,0.22468216401582683,-0.10423312479425699,0.1497422562872354,-91.62050127156661,-38.47866377198502,-132.10716771570492,0.43681759053320407,-0.00023889915766387647,-13.52339575287707,0.14670759128890762,126.70532290652942,37.49391420914386,21382
146.40657444014317,7.8019824564900535,-0.0026029705714149154,-8.84724335134982,2.724629165900083,0.19802047520786958,-0.1056317321686375,0.09279075477321039,-110.92589692987949,-38.47790481286886,-130.58705117216363,0.4502839697756746,-0.00019972295750092517,-18.42888678650995,0.1512984079379718,126.70343711948699,37.491455364876344,21383
145.08476585810376,3.686489313753863,-0.0017227219775818455,-9.477937665886268,3.934637046269234,0.16467819682943516,-0.11128619757427238,0.13390287301368745,-79.33272303096813,-39.27016519361912,-122.10292589906028,0.45469829010137386,-0.00023609790196721256,-15.416435007125662,0.14894438637351384,126.70804895244628,37.48990519005655,21384
159.21976714369364,5.112589315349661,-0.0012967474478374878,-9.3523225543891,2.6112586636325235,0.15987280049178357,-0.11330962102274861,0.07675016991482242,-113.35107132923677,-38.96036549609797,-124.01616776365354,0.46537449128113856,-0.00020516546324034145,-21.70177466565481,0.15366751663484352,126.70529541862562,37.48856165373939,21385
111.4367081160629,3.723488534146967,-0.004383781751349325,-10.816660437665565,5.165199717916296,0.24813180037485216,-0.10823184869669149,0.3023908400687326,-42.06697631181911,-37.34971347155276,-116.93487803339426,0.39851986222087304,-0.00032094907586160823,-2.2377719676556866,0.13961357295630286,126.71288726133925,37.495109283923775,21386
104.21025365201706,0.6216398857969297,-0.005960039651059042,-13.222758971368304,4.909810051490903,0.27354307429003355,-0.09886158436218827,0.38268807598732335,-46.0481348130971,-30.365560660268866,-103.34640760140874,0.37385105023270687,-0.0003219633863566814,2.0116535251673913,0.13947317435352147,126.71815353389549,37.495301000194544,21387
100.61081069293604,0.48009151090575936,-0.007461305370808789,-14.70377807346091,4.19424747866393,0.3056255708728874,-0.0945170395306087,0.41119577861823137,-67.73644526241318,-25.00882771852211,-93.03490689729192,0.35116306973558975,-0.00030438002851766835,3.1732290789304662,0.14077871624544658,126.72141188147769,37.49621834155759,21388
108.98839372281994,-4.747175074449765,-0.005025638617989456,-12.638979960941608,5.1863249002802485,0.20742279578602593,-0.07489266603640207,0.3914524345839571,-30.7041048125585,-27.408134898298695,-99.62564962148333,0.40179085410159404,-0.00031321508531300535,2.6036997840541383,0.13704373365907746,126.72114311621687,37.492424428814545,21389
97.12765514321282,1.5816765846729124,-0.00872951057935657,-15.84945361224317,3.711628687874066,0.3364961494209047,-0.09488881336756833,0.4138365902889204,-87.79228216977111,-21.17846635503405,-82.49664111410512,0.3310528341352641,-0.00028310651551736814,3.4730450044253316,0.143182008779658,126.72357971401394,37.49748128892882,21390
98.28153180422487,-0.3939129731916171,-0.009098689685077406,-15.89053165879699,3.56211879612165,0.3169931584768187,-0.08593058620567405,0.4109071836061564,-109.07580704903968,-17.195730040113062,-70.82959232252384,0.3163856066346061,-0.0002506493205622388,4.116269388900854,0.14309233769421398,126.72692259680042,37.496846043488155,21391
108.43861165456941,-1.855833900895806,-0.008608441896188458,-14.645005725370172,3.186521821071613,0.28388411247085193,-0.0726098224539913,0.40166000015821546,-141.48524160878304,-15.358862812817963,-71.81692822859011,0.3225335054650837,-0.00023676135122304676,1.4297005239468543,0.14023372772755505,126.72898380458236,37.49556769359233,21392
103.50318738077469,-1.9740187633114088,-0.00752872062562734,-14.489524831181127,3.8993878534649697,0.2813753666274558,-0.08199015313495893,0.4148094251704191,-80.4092358243381,-21.763821398741037,-87.70572662774157,0.3481663381983285,-0.000281796473773098,3.3282625372025043,0.1399872511156342,126.72421092572307,37.49512308307309,21393
111.04015447896288,-4.09776412123126,-0.006334395763620145,-13.059670136660037,3.9042709432961753,0.23614502932854523,-0.06839620714626915,0.4045879547134436,-75.5557623563238,-22.646652580872757,-94.06127583690397,0.3760016025507695,-0.00028481838823710625,1.483211609509974,0.13776866020897977,126.72424638400412,37.4931416557936,21394
119.35152606717854,-4.711578445560588,-0.006332296360053864,-12.078274253903272,3.0056848604973223,0.22368358445432354,-0.053587891013929474,0.4004854817619163,-110.19591013822836,-19.746062092114993,-93.4653016393374,0.3830425970180875,-0.0002692311126455677,-1.5403136301377882,0.13588449562936505,126.72662171464519,37.49224769081569,21395
121.76610925791927,-4.065557616906801,-0.0072228857208346,-12.36533617630934,2.65285851037988,0.23777739949988194,-0.05385131975407652,0.40658100633584915,-146.42133866929643,-16.50994731089024,-86.42793952198821,0.3645621216691582,-0.00025483931660041795,-2.4020439781139427,0.13413944918932855,126.72875070019806,37.49315576902194,21396
116.01476752264267,-0.6879946946630922,-0.008700613453830445,-14.30898528755938,2.9410616249107884,0.27603756860359113,-0.06464065903845605,0.36460446572474414,-200.40849576478948,-10.545403484803089,-59.43830389988194,0.30674457340308964,-0.00019620376226616161,-2.086630159061072,0.13977464157563066,126.7335285600955,37.4958943330368,21397
121.37411001941439,0.7488978576859254,-0.007770679776188479,-13.503514069014143,2.7742596108811566,0.2678013438769571,-0.05432105375575331,0.35400706964875817,-227.66632253355715,-7.100751833016727,-59.47677306527512,0.313241245032676,-0.00019197106621753128,-5.271431747889427,0.1329407801051935,126.73938802007658,37.495544531644576,21398
132.39456974195699,-3.68995240501514,-0.007418622086340779,-11.468304283735442,1.9551573984293837,0.23248254858295886,-0.044662294791170315,0.39749211077263674,-200.67005526746948,-12.81690482036902,-81.90755226627725,0.36399628513795046,-0.00023698735700117344,-6.4247314541941405,0.130094200316295,126.73172652454332,37.492965960231075,21399
143.58265690682418,-4.116688379897173,-0.006845619635956888,-9.752355372631895,1.0548741296318687,0.2171451408631996,-0.029630885153834437,0.3939764595497973,-232.05835770771083,-10.746163332574968,-84.78537269826452,0.38821006809072306,-0.00023488689770254242,-10.82418605593325,0.12444106684708559,126.73385536785966,37.4916385116362,21400
146.0915627308045,-3.5431415097260297,-0.006579224088596944,-9.334111219307696,0.623428776703787,0.2212304578194425,-0.025602314688677987,0.38319525563464074,-256.7527304727393,-8.092975506872472,-77.76882925669167,0.3785997268924945,-0.00022342416096780618,-12.308286126963297,0.12151451032234027,126.73805315071594,37.491102177440354,21401
135.01142011815662,-2.0212816601674506,-0.0062343638424312885,-10.300258939331416,0.9380553464138706,0.23676021739510048,-0.03173292564531473,0.3794709558095185,-237.64342776643898,-8.828145264590576,-78.06674844400698,0.35558741302595603,-0.00022804862444945548,-8.855358344059818,0.1248232762164122,126.74135212742111,37.490648494906665,21402
149.7597498402146,-5.468235261029345,-0.005838764357694275,-7.882350116673427,0.22890295484284373,0.19240038312227536,-0.010292207471120437,0.4025749758172784,-219.97992566950063,-11.697102233169966,-96.1097374254867,0.44285567620947186,-0.00025452362871950017,-13.444196584970323,0.12103668073217143,126.73270623097748,37.48953454642509,21403
118.08250566911481,-6.938755709406083,-0.004411381929538437,-11.278002821442175,4.327982262287304,0.16927599325583012,-0.04471751251672678,0.3925832710574466,-48.09211569495358,-24.18230588685697,-100.60361414762549,0.4434688136105661,-0.0003158362579897205,-0.4658292336789682,0.13396458850504336,126.72350279514926,37.49037966390614,21404
142.93055455815966,-0.42304115953954147,-0.0011903628095446324,-10.029729000192354,5.052377993128214,0.1343451438586999,-0.10341490644359237,0.18477366490263092,-54.90897332687601,-37.624486701068385,-114.2758605284095,0.4703651808056029,-0.00029003980232017576,-12.752766328193607,0.14671936377061998,126.71190655939117,37.48827801913773,21405
135.1353921700238,-7.160360397941153,-0.004405027331526526,-8.759795287894448,1.6854118407171454,0.16191018568154167,-0.008732781143947358,0.3952831663250117,-119.67450957240723,-18.54211556830266,-103.13681737691273,0.47887741856042465,-0.0002990160831496864,-7.824694852193824,0.1288908912057933,126.72737099803639,37.48833961691259,21406
124.95888010113678,-7.091262274168385,-0.0036856297852146122,-10.316057507443576,3.631635481731095,0.15399453362785162,-0.03477498106293879,0.3691571301229433,-58.937917639204734,-24.436698228869876,-102.58943360703013,0.4648715299637528,-0.0003140585657637478,-3.5608954178397116,0.13540734697449497,126.72347860560502,37.48862329371838,21407
125.17299512599273,-6.466702298978245,-0.002296184969469999,-10.532252193477438,5.2464617229108805,0.12826236444114958,-0.05443986202627563,0.3212381031611667,-22.95128943546326,-29.8907529579626,-104.18192645883772,0.48556620566752257,-0.0003437215092188461,-3.8651587326187493,0.13869510337883667,126.71952945056313,37.48791378424038,21408
136.5125064679983,-3.823998296700842,-0.0017028593105962706,-10.310726083755071,4.9148254618675615,0.13003847849747097,-0.07718724345404471,0.25341964389124155,-46.54006098246882,-33.29046025508748,-108.48872986568271,0.4777062324443629,-0.0003176147749829577,-9.071645033975674,0.1436998026030682,126.71629369822541,37.48732526129932,21409
153.67523669842805,-3.2265463920362034,-0.0006900232537977879,-10.04973204768458,3.818962798394046,0.11539975835279899,-0.08161107028758532,0.2074272832224215,-79.33661528143844,-33.504488815825994,-108.25637626442949,0.49976934658103445,-0.0003508725376387116,-16.244009784427877,0.14793887821830995,126.7150936484797,37.48495080379566,21410
163.13328749911804,-2.077037064974352,6.706370684939929e-05,-10.219266971893976,3.817411545976316,0.10765867850568836,-0.09788789575756203,0.17093227624664611,-89.86212532902012,-35.19863248154185,-108.515743488465,0.5074149643293755,-0.00038772753345653934,-20.45570619809166,0.15090292274686676,126.71307511862561,37.48456806462932,21411
181.05937460074077,-0.6884797586612517,0.0009702821629345942,-10.495604406136337,2.793490831824129,0.10461954593016198,-0.11493833552966994,0.12745391699062186,-125.29514160355482,-35.98059687606267,-107.03241563863344,0.5113767742064392,-0.00045687711624562994,-28.151461311722624,0.1561899636717009,126.71107141143118,37.48336660569243,21412
189.58810686247685,0.3347911375252821,0.0012028773573938242,-10.569060206445933,1.9996672915343694,0.10797170688589405,-0.12170671440541565,0.10030017041911707,-147.06801348986434,-36.35089892803968,-107.44260128999427,0.5067383853193258,-0.00045191220446618623,-31.822559052101745,0.1589772261762786,126.70971286325026,37.48297866441356,21413
150.21699906057134,-6.264815192141786,-0.005098326207031714,-7.000757320123614,-0.25756086785735666,0.1780032423537223,0.0026810134294723655,0.4010916527170851,-202.03741293987648,-12.720427781304268,-100.71205907049611,0.47535373211564463,-0.0002667163796424418,-14.097338686427811,0.12153344925339588,126.73181557540234,37.48800429388356,21414
154.37095986162845,-5.417781263444886,-0.005514858932707165,-7.052570900385362,-0.8747651286775642,0.19713322998595312,-0.004882558049365709,0.38995087476325313,-248.18957632738585,-9.440244917021253,-88.84950584313489,0.4307139101916203,-0.0002401885637541923,-15.538137662870628,0.11913193798468688,126.73690993644202,37.48783076844946,21415
135.23713912251748,-1.8927010998566614,-0.005271382036673336,-9.757488032112764,0.16496363575367592,0.2322518072287635,-0.027766456768406236,0.37800245595616105,-229.64468067373403,-11.20549492263753,-87.10411770868247,0.3619831216213215,-0.00024778286056190987,-8.738112044239973,0.12593383308927317,126.74507215985545,37.485964873332115,21416
128.45836592288444,1.8724675647796178,-0.004758901683261472,-11.639952653020886,0.9907505169145602,0.2578408218275833,-0.04309035400193009,0.3565259166368141,-208.24065754865666,-14.525031369572156,-103.93546951254493,0.3625459366033246,-0.00026795476947713255,-7.75887290579944,0.1334842402817115,126.75471685962937,37.47834825661552,21417
130.98411478873868,-0.23866067583422668,-0.004955751213259253,-10.613255687427827,0.46771059290310346,0.24336516953704723,-0.03456310747555436,0.37062717684738977,-218.3028577038351,-12.943792664605283,-94.68341634371414,0.3587825159311897,-0.0002592824785539319,-7.6785809460677115,0.1293626165847916,126.74898561442397,37.48287241987407,21418
142.5118022037282,-3.408485011974861,-0.005083734321977994,-8.559643651339025,-0.6295970064352886,0.21800329234881538,-0.01927402621117236,0.3718592476419655,-236.38427347569402,-11.451895375446249,-86.65973328332417,0.37750434592301374,-0.00024151067183136955,-11.08028482304252,0.1250644977796143,126.74284871939717,37.4848722982534,21419
149.97136996670042,-4.9997309408780595,-0.004871380268438905,-7.2635935861610434,-1.4109662791399578,0.20182389515530458,-0.008517461973172437,0.36854864471596743,-237.01427845265826,-11.81361189679718,-88.22700133851619,0.40453970238137305,-0.000238500707287455,-13.803438005388037,0.12431500947076217,126.7394528724412,37.4844016726677,21420
155.16655537913127,-6.099405114094889,-0.004602805614307255,-6.2226315519253195,-2.0073896176204076,0.1880664676935437,0.002758823827069803,0.37154920307055045,-234.11905011633405,-11.904687557734535,-91.1453248489234,0.437019834120563,-0.00024395985660398246,-15.961809979396433,0.12309029445830644,126.73705790909489,37.484080234448285,21421
145.63018571692197,-3.8370928298203006,-0.004766687779092349,-8.036544999385026,-1.1760175823941945,0.2121632301093573,-0.015627418006136734,0.3638501306940023,-237.02656876415782,-12.31375765492242,-88.35920169662899,0.3847722752600124,-0.0002414056755723577,-12.14418411937418,0.12580701969431343,126.74284618265462,37.48274526216631,21422
146.70007167849698,-3.9403193552017224,-0.004593224997920931,-7.866573346225388,-1.3763222117324552,0.20966307046612842,-0.015205336692506729,0.353458180178698,-232.32081246825558,-13.430766625241866,-90.40620740458932,0.3886671900690704,-0.00023851360408369223,-12.621318924169376,0.12777185436436791,126.74165449694242,37.48161073619528,21423
134.14692540685957,-6.9835552598031665,-0.0025743355425580493,-9.446889322887111,2.9816443119339007,0.13505292946476122,-0.029934026806480732,0.33113090199872885,-68.31849520768084,-25.90098058224445,-103.65111085514738,0.49127983020438243,-0.00032954891628509504,-7.593240860894109,0.13797124311664077,126.72237107261779,37.486114291215785,21424
138.3026490341884,-7.3593256845304476,-0.0036888312140519125,-8.17932735172184,1.0758025085983658,0.15407656562055985,-0.00464015782202531,0.37383022993849196,-117.72873384630093,-19.816857662552618,-103.01337740547459,0.48684098235935996,-0.0003028695103524245,-9.407153197402899,0.13158447432824044,126.7269117548157,37.48644460274113,21425
151.38470487802908,-6.710726879747577,-0.0045192632341738035,-6.402308499005725,-1.057666582860756,0.17366729794446656,0.008617649312800455,0.38754859629004784,-197.72692803493402,-13.522352926076374,-99.60628648495326,0.4779709385000114,-0.00026656583441338796,-14.848860097811787,0.1238006516782568,126.73217724483142,37.48605426770212,21426
151.29582797515965,-5.5551894357784475,-0.0050871586471903235,-7.068726774183416,-1.1452671772875123,0.195918475692781,-0.005312838521577859,0.3780546347546248,-230.86781073808726,-11.5647022082336,-90.51552074136816,0.4232001040508553,-0.00024089157015699353,-14.427051952087108,0.1233085284003033,126.7365898540276,37.48621821910901,21427
155.24994812266488,-4.08648700255546,-0.0010663519169386783,-9.63383869641864,2.6180248304485048,0.12237586070874643,-0.06440054774422707,0.2260236470248747,-98.65477924553069,-30.95459660263523,-106.83060887359338,0.49686459101286745,-0.00033969012402029747,-16.62588688834641,0.14723380366636718,126.717177750415,37.48376835344411,21428
154.0059787780642,-4.545960403564583,-0.001977769185483871,-8.919243510041087,1.1411334494702,0.14159896833036154,-0.04445047154937352,0.25076555811596174,-124.77750166902861,-27.66715865143221,-106.27180897579488,0.4765190776767716,-0.00029230982702623133,-15.954244170670284,0.14494362245388737,126.72024756764228,37.48294006904674,21429
148.2131197739703,-6.228689461086238,-0.0022048491332417965,-8.391819908522557,0.9984930469794525,0.13884745728692785,-0.02510122388969417,0.29667200326150933,-115.21439678612857,-25.302646987910997,-103.58961913128675,0.48833861811998974,-0.00031709997788036544,-13.456036571541699,0.14033187564443725,126.72278842554158,37.48324345251364,21430
149.45130134096874,-6.657847571601388,-0.0028892265755103386,-7.344098842231208,-0.41195829900211106,0.15308112610829486,-0.007653998727572241,0.32385105122836005,-145.18483246229755,-21.609428729754747,-101.87083591238098,0.47719958576738025,-0.0002927463585771683,-13.978577405434635,0.13607948841151846,126.72638403027585,37.48279103909148,21431
178.7652997017907,-2.092952016132059,-0.0004092319069106236,-9.460045174144968,0.36436788799050124,0.1264693086214278,-0.07551801704502269,0.15603512940686098,-161.52022152919605,-31.25018719275584,-107.50339146375514,0.4916777605410027,-0.00033549640910252374,-26.463604617741737,0.15442475363183766,126.7148430739005,37.48080919841136,21432
211.82482873013396,1.6743893507003351,0.0022619249232412263,-11.089973452558672,0.4458550177879576,0.10973741025012569,-0.1390836503701132,0.06489619529927387,-193.84517848558642,-36.687405284900095,-102.12059654305052,0.5039889696609946,-0.0005874135456646302,-41.25604039394472,0.16510410448921015,126.70758047376522,37.48169871570618,21433
253.14405194900178,2.8737440442846194,0.003918541872925378,-12.00805271486825,-3.4416312676074003,0.12394476007753676,-0.1539685998106145,0.03805930350339091,-294.55851630316977,-35.42473602388629,-84.27424066889594,0.4840201387323424,-0.0009489313946149234,-58.22622483968786,0.17548621059602876,126.70501865787928,37.478362591715,21434
231.2879530650951,0.9770201879057124,0.002603985371483379,-11.142852022767158,-2.2485739615024234,0.11962386082736755,-0.13245240932199556,0.0678179298641119,-256.58788582736344,-33.96057963726166,-93.49438872820785,0.4909144345727202,-0.0007212108967058646,-48.6295072026717,0.1702187739556245,126.7085079976983,37.47817386366074,21435
238.96216522259778,1.4347605356200088,0.0021836526504032446,-10.450453259116562,-4.667307895414365,0.1327219387494984,-0.11414837568542811,0.03376455537485707,-304.4382288210142,-32.29576232007354,-94.82164484845013,0.47392111468157955,-0.0005602380116899639,-51.141247802274805,0.17199826108641814,126.70721419994298,37.47468659381059,21436
236.6349944801799,2.6567820871914876,0.001636311378836102,-10.031858246311494,-5.31037505283611,0.1394899921281856,-0.1033103765450924,-0.0028834457625228544,-314.6077093442815,-32.26623821663625,-99.76804218791362,0.46655771490574877,-0.00038487527193900426,-50.36368217006658,0.17251430578135246,126.70397172235378,37.47318102192242,21437
225.34907831887344,1.9414454200888953,0.0007629479470096876,-9.40754251575884,-4.971357254325788,0.14491666991999735,-0.08691872238506214,0.017184183398707295,-300.4067330149932,-30.84256175281182,-103.62927605235662,0.46551363984033073,-0.00030547417995510325,-45.70712007433394,0.16885981099464847,126.70643758842904,37.47198263683672,21438
214.8244667331131,2.7158802937494904,-0.00019645216426802188,-8.97917665869323,-4.711196924311149,0.156551169580323,-0.07393379616928167,0.010832555887826181,-293.1929917129533,-29.95013375996247,-108.03168269257088,0.457689521705604,-0.0001995068142583523,-41.99746254868048,0.16738642545386603,126.70483955450528,37.469765617336265,21439
194.32109207832488,3.1313499700514114,0.0010069803017553616,-10.314188741518796,1.0018204397888084,0.12085727421916898,-0.12845224709602693,0.0408111964271577,-167.50040742162258,-37.881522638708475,-113.20378598346217,0.49379734318439134,-0.00032606399421276596,-34.53532657484352,0.16166773374844953,126.70578803824107,37.48380875851737,21440
249.30074965471695,4.6320568324141425,0.004270175940778913,-12.081729033396744,-2.4250595411881406,0.12189128374229243,-0.16501973533672878,0.011515885251648135,-271.6403111440133,-37.9218914438308,-88.05944212340623,0.4927521931192091,-0.0008863770829692618,-57.54582760278602,0.17371151068397273,126.70250507865805,37.48083151256389,21441
244.95419283453998,5.846095752139488,0.0032459741217466813,-11.142744678899993,-4.075117019443399,0.1322422573643192,-0.14490864293007502,-0.04660783460394091,-292.73085703971617,-37.36986437865673,-97.97919372526742,0.48297207299347145,-0.0004927989758311006,-55.47002284094702,0.17494530118279017,126.6982352937803,37.479768325338654,21442
245.007941482313,4.994042745971048,0.0026566878421398006,-10.77694338014998,-5.037132405871674,0.13544878077156225,-0.12825756883692688,-0.044417169770760774,-312.46389700185466,-35.465673774475036,-98.12495013563027,0.47286623699391767,-0.0004273585300839328,-54.79592426525784,0.17586684907441344,126.69854068956828,37.47697521518513,21443
242.72253746700332,3.615726133640831,0.002460400739155139,-10.744132091102324,-4.785805270063774,0.13305587837859945,-0.12384702393299227,-0.01572442044429397,-308.0878677708101,-34.38610532663148,-97.39905495546225,0.47298405576367636,-0.0004731305385488884,-53.32642091922832,0.174606316136536,126.70202619501492,37.47620631922906,21444
225.14329432509584,3.6759744006922648,0.0007188705055536166,-9.603974117699718,-4.777834901402443,0.1457237143707083,-0.09306247627657196,-0.01862552151220305,-298.9917857771848,-32.26326841820436,-106.0439116024193,0.46258689559676347,-0.00024625194186084595,-46.335923998496014,0.17136583211504064,126.70153094779319,37.47301138641921,21445
211.51749759946074,3.676351187283768,-0.00047707075407730994,-8.998168947896342,-4.441101647468996,0.16060818891154205,-0.07414592500814754,-0.003278570315678188,-290.00409298619803,-30.265578502265303,-109.77934782545796,0.4537699144554689,-0.00016465949687532615,-41.19784463228945,0.16827443255729144,126.70174218856947,37.469454654473004,21446
216.16025411445858,7.704819808923242,0.0011490597984631782,-9.80037741554315,-2.6563161831515467,0.14286123390663183,-0.12692635761319201,-0.07152302173468794,-245.17734382601267,-37.959979240724266,-115.1833642211424,0.48082501837801345,-0.00019919247677582168,-45.10703400328045,0.17077985562339373,126.69483404621613,37.48204593719541,21447
201.144142646353,7.47138545588251,-0.0009165737756358386,-8.981526247481572,-2.9544990243939844,0.16587854079122105,-0.08885359541477392,-0.05172928438651318,-259.06467551440585,-33.57935861532583,-117.46099219031258,0.45494635425714114,-0.00010957895820606458,-39.38697482040408,0.17042756615088855,126.69062932404566,37.47635873189149,21448
190.79365418093604,7.479404190293587,-0.0018003543442603766,-8.843279807413607,-2.432887922574714,0.18167613681392428,-0.07770488881194074,-0.02761634576219002,-254.6799656957651,-31.61975709452888,-118.83721867913503,0.4445364014413751,-9.726853083524896e-05,-35.59845476080257,0.16852771300893077,126.68816734269693,37.47328903992396,21449
212.68727615380652,6.137947479017814,-0.00019910800062380708,-9.245969382049456,-3.9401806571410685,0.1566314407533428,-0.09003700630883564,-0.04964812770338266,-280.87349930473636,-33.13827490843868,-112.45329654214585,0.4567274528790598,-0.00014150568894913903,-42.91452123760666,0.17179173716698576,126.6940311275361,37.474062581305255,21450
225.36777649712613,5.379052347903814,0.000823980669157672,-9.703544947941355,-4.591735533886151,0.14607780038238538,-0.10107056539774967,-0.050472253837878026,-295.5800215625709,-33.83870682961161,-107.78575838884088,0.46299392488364927,-0.00021163609047429507,-47.269331496231594,0.17333637912492467,126.69664142405678,37.4747875190257,21451
215.70607277080143,4.500438163724679,-7.917434345155635e-05,-9.259805012839585,-4.38544543905875,0.1548038458184377,-0.08409164337004686,-0.024775774620167976,-290.0891635172615,-31.770340399028605,-109.73197544706956,0.456534466093438,-0.0001718208731455305,-43.16552649268164,0.17050553751136976,126.69904100534173,37.471885756985365,21452
208.38176543794862,4.898744946802504,-0.0006779974544760042,-9.049380066941069,-4.04042982029314,0.16327593111358987,-0.07737017389482582,-0.021002591996893638,-283.93780752598053,-31.05519826545018,-111.73844902085835,0.4513433023560492,-0.00013808914833841735,-40.6444207926732,0.16951434881448232,126.69750605651875,37.47039123769449,21453
202.49737258579867,5.283786402841589,-0.001116710242307515,-8.955473972707118,-3.6665551769184774,0.17024698751692427,-0.07380998649982638,-0.016780165165117305,-277.7813180400734,-30.593000737863544,-113.23984893043993,0.44738920804918864,-0.00012033795208104471,-38.67127593762839,0.16877706183211988,126.69593885139915,37.46944290368492,21454
199.71305048381757,6.2811413804230005,-0.0012560442889083562,-8.946547559337944,-3.2791492358445544,0.1722241708046781,-0.07719058202430817,-0.02860892118927559,-270.53013444442024,-31.35740243916465,-115.15495081910919,0.4471022987719825,-0.00010883223699175804,-38.193249413907594,0.1694126743450351,126.69237158317031,37.471207649397485,21455
172.05996608151725,-3.7682554961076735,-0.0020937961590651406,-7.222840898136425,-2.537034507611289,0.16272096643588713,-0.025684793296997088,0.2178381570564848,-207.23084254364446,-23.947043858555247,-104.16270335683065,0.4604118283742062,-0.0002469524466307461,-23.348776759770843,0.14531167032651915,126.72368665566553,37.47607395902775,21456
134.10314943660754,0.037782755404629616,-0.0046588766710626405,-10.46343200970947,0.17069607612134952,0.24216865279590105,-0.035590495209939024,0.34820794594539417,-217.269046985348,-14.631194614973134,-99.22182915869008,0.3659536076844428,-0.0002536929620259874,-9.035889900135585,0.13259127965818052,126.74937733841922,37.47854565188116,21457
152.34446609674708,-6.847669215946394,-0.0037232741732803744,-6.254853986771215,-1.66740474340312,0.16841321375419677,0.006343932943382357,0.35523967094363873,-186.0961837592929,-16.642193688404074,-98.68340624769979,0.4677292258723111,-0.00026839637118445764,-15.188015213440282,0.12945343512087862,126.73115394555708,37.483104761541625,21458
144.87013002835104,-1.164225611415673,-0.004198463446609007,-9.172505007626501,-0.9736851079993243,0.2254515925517258,-0.029950008714028815,0.30499825148719223,-223.55335134243805,-16.825791391418534,-100.49309966695299,0.3841093432213398,-0.00022797161491600192,-12.938270075417973,0.13644871027882785,126.74291421944027,37.474121003386045,21459
