intercept,BAS_AR,아파트 가구수,06 to 18 / 18 to 06,APART_DIFF_AVG,단독주택 연면적 비율,INT_BAS,공동주택 연면적 비율,소매업종다양성,BUILD_DIFF_AVG,평균 도로 길이,평균최근접역거리,(주거인구+직장인구)/유동인구,INT_BAS_R3,서비스업종다양성,도로율,평균최근접정류장거리,외식업종다양성,주거인구/직장인구,건물노후도,근린생활시설 연면적 비율,점포밀도,x,y,BAS_ID
67.8343501602944,50.469120080713274,-0.007366751370482451,20.85101534344131,-0.011048271352354274,-0.17057615088998526,-117.51225125909292,-0.024937109961935797,-5.3468617802449785,2.326263217612637e-05,-0.13302676825179258,4.8535813888494515,16.93641126391702,49.99508333099899,-8.532104937049441,-0.9822231241302097,-258.24103717979773,-24.982058977275067,0.038531949128349605,0.13536501756477806,0.18752940318306013,-0.0002520407963220593,126.68913490770505,37.51870773736182,21300
66.79214130439411,47.55703821980893,-0.007484822897709427,19.35479021991283,-0.011648268448412507,-0.1859319398392415,-63.79581900964414,-0.010319348334901033,-6.642607786408098,2.0065571004735023e-05,-0.1361682211338785,4.309660069953454,17.241832153330886,48.57107038308345,-7.860844401990059,-1.0307316846071317,-246.58645278328456,-24.065297032235403,0.029920830375474005,0.13897369076765742,0.26124475573208117,-0.000283336008177814,126.69545880461988,37.52241686372307,21301
65.0577522153362,45.01428863245635,-0.00755129579059765,18.57066895516713,-0.012109239865141862,-0.19248338406662457,-25.0352442806587,-0.0007172494999157314,-7.425616514573059,1.907565145435879e-05,-0.13705856570320102,4.016387245715959,17.347197363438372,47.95458023556911,-7.399775500607409,-1.067868608786384,-237.93714838335774,-23.566414398317608,0.024924808353676862,0.1410506059406467,0.30066474935143817,-0.000299742506028359,126.70134171772969,37.52233877708572,21302
66.77335112016095,45.775146710993496,-0.007476565174126209,19.327629545964566,-0.011772716938897998,-0.18415955378738808,-69.94581867748873,-0.010200655675835215,-6.577286710000748,2.231208532360005e-05,-0.13361627035510953,4.366228466654157,17.188049982377464,49.37289188280269,-7.826255908047389,-1.0463230729644537,-245.21091790417805,-24.079242413653866,0.029260043519509508,0.13817078733423344,0.2546727992387728,-0.00028103646527101515,126.69872979436714,37.51898140944887,21303
65.1580175654636,43.57805971303018,-0.007539390954062348,18.521976214558272,-0.012195041921376331,-0.19052280430430024,-33.606240107906636,-0.0015546780793814316,-7.355458965495468,2.1193648193313303e-05,-0.13461815781129408,4.095610925144637,17.284760076390903,48.87701288362322,-7.3919141037491904,-1.0800262783738659,-237.33022044728736,-23.556224149156368,0.024615302787468936,0.14035012028421584,0.2910097895240814,-0.00029555553200025215,126.70341884326405,37.519318995056054,21304
66.63993917925892,42.88339374926743,-0.0074780467806217265,19.11521032221738,-0.01200726727027908,-0.18249081507927215,-72.50600328939608,-0.008716247283222766,-6.630094607759953,2.5337187989933087e-05,-0.1300168557606556,4.4208187404622885,17.122086208260537,50.315254184851135,-7.695846360134641,-1.073705393532561,-242.10735734121968,-23.987522131609342,0.027496494563000268,0.13736872719963555,0.2506634524683136,-0.00027950209297852955,126.70300423971963,37.515329100586754,21305
67.55670846111902,46.186802892149124,-0.0074063534765611986,20.203991356499916,-0.011511263841337556,-0.17437306118035528,-103.84784611310582,-0.0174013882211439,-5.790335424317039,2.5487076491855468e-05,-0.1303100508827156,4.689284642945501,17.020941544031636,50.41308141672396,-8.168327914935436,-1.028991131924411,-250.83639793046186,-24.673501363964828,0.03327407974707105,0.13535129539168006,0.21270628264716906,-0.0002642668833543317,126.69720548857926,37.51567898613793,21306
68.83117631162145,48.66361835980885,-0.007328649282498632,21.656361140704412,-0.010972565652495485,-0.15871084929579884,-147.1656081085379,-0.030313475129086213,-4.677221041196065,2.885135884009512e-05,-0.12681457866947712,5.220583099313934,16.677279877828333,50.75121041287911,-8.741053054511632,-0.9855898148383316,-260.7171632388799,-25.376725263496294,0.04168174227552574,0.13153859566049123,0.14571571223454025,-0.000237925145363536,126.69309964043227,37.512529261238306,21307
69.75978045595139,47.77731493225373,-0.007315601927006867,22.239921493880207,-0.010885816309361187,-0.15018906223892767,-164.29394240211258,-0.03370726854679166,-4.2801563455426255,3.230594237333557e-05,-0.1228816471210073,5.474834187711275,16.506912287530326,50.69390042688545,-8.859935211504961,-0.984939180418611,-262.69411797329536,-25.615140403903307,0.04405152764774675,0.12881439711713516,0.1196479062815194,-0.00023029316809730174,126.69463592515947,37.50972402615308,21308
67.98009642880989,41.86197407441779,-0.007396440488483773,20.269971749964174,-0.011763385004204244,-0.16791521805775764,-115.92062004418356,-0.016059663996680035,-5.61553424174929,3.104014459497653e-05,-0.12380225937889303,4.874175996405976,16.90350346523429,51.45061987418943,-8.048675610395193,-1.0644674383301789,-247.89345795587195,-24.792522717691593,0.0315156815489178,0.1326528082639959,0.19814650365106168,-0.0002599655566509587,126.70257157044347,37.51088024429188,21309
62.598975252779454,42.396318970693855,-0.007638346249061082,17.485772303014187,-0.012669581571292405,-0.1975801013672934,26.373209381191426,0.009854775389259928,-8.568669180059054,1.7886189163864685e-05,-0.1377410419798392,3.8155871591425057,17.32254076464414,47.03205437645915,-6.8494771570604716,-1.1039193707667638,-227.21306871903906,-22.538635039322227,0.019590860043441596,0.14400813824478992,0.33644423561642944,-0.0003111990813383517,126.70802741158735,37.5214043470635,21310
64.04448901423353,42.10649634436084,-0.007575123267747926,18.010075169797958,-0.012464866809854827,-0.19295523127749034,-12.122762591096361,0.003170807590752784,-7.85473695087789,2.0968354158689415e-05,-0.13461693017889906,3.9921310517380673,17.288199169477895,48.73400721440734,-7.130019935565113,-1.1002613297029396,-232.44996395956773,-23.147163039383045,0.022009757755797964,0.14163417876042345,0.3071690568893519,-0.00030090482070274,126.70645139187884,37.51875080500249,21311
65.13074100624047,40.633951337427206,-0.007527930270337632,18.31002328433436,-0.012402713637229112,-0.18717955545304038,-42.58417603689209,-0.001753846773587267,-7.348244403142622,2.4915250865154433e-05,-0.1301595070303559,4.224577180483503,17.173362144308285,50.30559337737241,-7.297716434773586,-1.1063281960313343,-235.14883270314382,-23.469022583305936,0.02335981980551053,0.1393592314483787,0.27737831519954176,-0.00028891372962900914,126.70691946411556,37.51509833713639,21312
67.07270641562506,38.90010291886628,-0.007447143708788222,19.285142048070337,-0.012182336837961962,-0.17406355629325515,-91.79100185232613,-0.009597039278307972,-6.3015765501372485,3.1293829422114805e-05,-0.12300859993397849,4.688292083384158,16.963181937287782,51.79746126318522,-7.647503357154023,-1.1037996192304438,-240.86058595175865,-24.23416878421462,0.026703312927803365,0.13445949951678526,0.2245056216809725,-0.0002688912192540972,126.70652058482338,37.51059783447811,21313
63.23088833156091,41.41246619765705,-0.00774910402731583,15.94773901392708,-0.012975230898484982,-0.20134851032268686,57.65576845450241,0.011565249900721363,-9.753175572421908,1.7244537808338946e-05,-0.1367897519507348,3.8949040145717695,17.0039074850562,45.62198902038847,-6.510029030319772,-1.1151041049115116,-220.42236201432723,-20.77116299691144,0.01707779429148474,0.14643811220858263,0.34472118032967075,-0.0003090118943854053,126.71319259164342,37.52037539808062,21314
67.0458689604353,38.70820570718742,-0.007914962863980064,14.22237805547956,-0.013042149676479065,-0.21411655662027998,83.10857878054816,0.001232237029365682,-10.754868613934285,1.5855254644705133e-05,-0.1333361934103875,4.042526910523815,16.420165308654674,43.218257403130174,-6.205722604258249,-1.135288607556825,-216.6439338908463,-18.41048352754904,0.017233517168758556,0.14736209008599496,0.34024676747483457,-0.0003083075764629698,126.71891876142693,37.52020716759903,21315
69.02620053770889,31.386084202075526,-0.008041727755106037,13.780193566292544,-0.013003002075752933,-0.23176130356161156,118.66359821272626,-0.010956698103942,-11.243325434300216,1.301021686384828e-05,-0.12915485409518887,4.025817812771243,15.9750694452655,41.21453479394851,-5.7640480986679306,-1.1832808992156363,-215.84300346065473,-16.383097034869067,0.0184732375513475,0.14543308576116484,0.34248040689691817,-0.0003191601957828741,126.72512332161521,37.52075627781089,21316
69.30049515075041,25.57734491171701,-0.008085905436801658,13.596209040413086,-0.01296790102768969,-0.2424413144770222,149.6793260256637,-0.019814275658254783,-11.533347156323359,1.1131889477633328e-05,-0.1261290509037329,3.925320035874198,15.614700211872135,40.584424743652924,-5.31962440563451,-1.2239129133170288,-216.95387603380905,-15.121237849706961,0.01993418436371081,0.14292013845459725,0.34448367342885705,-0.000327532189106814,126.73053373535897,37.52055707999099,21317
69.0547540284448,21.62712553588593,-0.008094189416239758,13.287710153510067,-0.012942649215059433,-0.2486440426279819,183.30704092156614,-0.026398854194888768,-11.860874972281703,9.284809623647729e-06,-0.1243917280053715,3.7366017812019594,15.249057044998722,40.06697118729504,-4.857727310878261,-1.2545341569348158,-218.51699790338517,-14.154020848396947,0.021439674225757238,0.1405700955041589,0.3490886317704615,-0.00033492943671599516,126.7361576234256,37.52074545539758,21318
68.74069785641142,18.77093289354131,-0.00807600101797075,12.881488189484235,-0.012910660799293242,-0.25220404698486953,222.16947788988767,-0.031939097141106904,-12.235674390635632,7.09259558952379e-06,-0.12355771086730274,3.4422939896204725,14.85052737850615,39.214250713359824,-4.357430231362962,-1.2794805377977763,-220.50748392206884,-13.29418070134493,0.02310698519089495,0.13811968394615656,0.357109098287333,-0.0003432695477647926,126.74321514378205,37.5219067233361,21319
68.81969476153819,16.512624459015694,-0.008022913183837828,12.239241860713243,-0.012909691921209296,-0.25422228713652956,249.61548292837404,-0.03939419103538824,-12.413280911261312,6.109563968186623e-06,-0.12173702241523135,3.083029128460265,14.336469922290322,39.591952811302335,-3.8722082507657642,-1.3052022731680795,-224.26180433782744,-12.733548336490065,0.02547487945014974,0.13490480397336135,0.3548352281063495,-0.0003466310340104993,126.7488155826459,37.520512435412016,21320
68.8582129313983,17.399279227541964,-0.008045594706714329,12.454847187883027,-0.012947702364159193,-0.25355586108861533,222.8006271972621,-0.03740925303839816,-12.152992407559017,7.927005219252726e-06,-0.12126764214613778,3.3298842136879996,14.551720758324368,40.73540922612442,-4.163042525042415,-1.2960937401904513,-223.06903860772928,-13.205675580882572,0.024548163503999097,0.13628644437416348,0.3451412634880003,-0.00033947758740186985,126.74324183744143,37.51850596365194,21321
69.31722884717539,15.10682836009513,-0.007953725368512642,11.558431102119721,-0.012902429855922855,-0.254990587359428,279.1605833062059,-0.04606772969091586,-12.569457470392813,4.71262589966699e-06,-0.120644271979955,2.6043347738706792,13.797552747507424,39.446768563096406,-3.394640857058916,-1.3258578696278538,-228.4154931276138,-12.238661983229553,0.02799241017208902,0.13145490724144585,0.3553455111174189,-0.0003514511000956779,126.75566589791076,37.52007688820165,21322
69.24576488284283,20.495101927092367,-0.00806013498811427,13.013057146523106,-0.013006636386172948,-0.24888504109810602,162.99872528935913,-0.03144672081371088,-11.540438616946204,1.1929313710251016e-05,-0.12106554744749393,3.817615535041026,15.06591940836329,42.61463715284109,-4.851509779917318,-1.2676847853265412,-220.43649273110165,-14.458611502993097,0.02233248299856717,0.13944439190261562,0.326508315050736,-0.0003243723879472216,126.73380894864344,37.51608671250486,21323
69.10667651793639,18.26602214493294,-0.008047715147820367,12.580680673872303,-0.013007126295102464,-0.25217495748322466,186.84571311651953,-0.03683950816542833,-11.731498596719753,1.0811476734622355e-05,-0.11974087327644832,3.59321709995456,14.703622000168988,42.70356942150669,-4.479838642725873,-1.288808663589204,-222.57100544672753,-13.88028337262117,0.023934503410590058,0.1372896157587217,0.3266800043262943,-0.0003278241362598014,126.73735307054208,37.51538694098997,21324
69.1118141180221,16.48837472042773,-0.008021459591077343,12.065165958641973,-0.01299585918018327,-0.2545976335559454,217.0049727136782,-0.04208467451058182,-11.971982640149498,9.121606497569675e-06,-0.11901691982475557,3.2470778040827937,14.28813515836859,42.39349231793451,-4.052061982505111,-1.3084597617594653,-225.35799537639357,-13.261449506506203,0.025853489202843836,0.1347252501968895,0.33057239301790137,-0.0003335537075364588,126.74211095416764,37.515279842530006,21325
69.47208694587626,15.165350254816543,-0.00797134018693505,11.443532971134232,-0.012978126911604469,-0.2559057037468269,251.85346560574845,-0.047600012083894645,-12.216568486237458,7.03885346331499e-06,-0.11865228723963135,2.755717518057371,13.793901594800538,41.732706776717,-3.570765402132378,-1.3271856847016577,-229.0279091895942,-12.644449075084609,0.028180561098647,0.13154543510789718,0.33649373030818824,-0.00034097647179529114,126.7485031464966,37.51560938874926,21326
69.33367962982152,17.02815130047274,-0.008023510105204919,12.180676660046275,-0.013052874408878125,-0.2535428202707858,183.50327169921093,-0.04193430630730826,-11.549139699198772,1.1952677119824464e-05,-0.11726975726460054,3.5074479808188186,14.403576593113405,44.26013893710907,-4.339067335973987,-1.3029327853773693,-224.7987644198805,-13.887550372575369,0.02535927442771391,0.13556230578096862,0.3114401958284437,-0.00032158772991908874,126.73710299172977,37.512701817751,21327
69.40588192871942,18.768931032178195,-0.008032976848606843,12.636473497750508,-0.013057093871868965,-0.25045111255342395,156.88936644154006,-0.037287661380350945,-11.326456150631104,1.3528154679480406e-05,-0.11794052404252466,3.79186403758332,14.763250221691026,44.46683712864928,-4.711344757069489,-1.2848951655439202,-222.55734076221233,-14.484774370103944,0.023705502809231192,0.13770138312975347,0.3080552028746308,-0.0003166159556500774,126.73357519465186,37.5129551650066,21328
69.45088664965441,28.49802880212912,-0.008006095930736729,13.695554806170621,-0.013034986094311064,-0.23354781007181838,98.59576646260501,-0.017886159245440816,-10.90587922214368,1.5857754819213976e-05,-0.12468100312859191,4.147047760534736,15.799320926288626,43.63365695850089,-5.722547067605738,-1.2070682161045962,-217.97971649528486,-16.495277961552272,0.019423643341362675,0.14375543664008145,0.31882632510004383,-0.0003102970216542966,126.7248954590203,37.516428945139154,21329
69.5269289779781,23.831965547567783,-0.008045620146385902,13.397470786604497,-0.013020573430473782,-0.24282816986526115,128.54101759095565,-0.02554695479285485,-11.19303046594085,1.402430639199842e-05,-0.12229691531872748,4.033337563319917,15.434508619715292,43.17071062083125,-5.3033591463432845,-1.2407494942890291,-218.9651401850952,-15.395732706519281,0.020835858374369506,0.14158690917427577,0.32067871375783724,-0.00031699083292612256,126.72914095377996,37.51599952583299,21330
69.7034955085531,21.851197386313228,-0.008019247181354914,13.1561529773522,-0.01306415314813082,-0.2441943792918424,118.61530357226306,-0.03108343285832521,-10.945617600982816,1.5974307962835236e-05,-0.11891215696189959,4.084430436936458,15.193887606791694,44.982757538182845,-5.211361649268056,-1.257921919195801,-220.58941404049878,-15.466160816651682,0.021882666517994663,0.1400962894075391,0.3012748970136369,-0.00030867779814950275,126.72896966340448,37.513023161354845,21331
69.79695353355457,26.00654742880128,-0.007967710444354428,13.569970881410159,-0.01308134138795732,-0.23407525860667838,79.38012889151373,-0.024053119268843393,-10.522245290674281,1.887841253554891e-05,-0.12021111915901897,4.280995255230218,15.58723816897998,45.88695503265784,-5.688328635564395,-1.22694734419538,-219.6534237326442,-16.715583700609344,0.020343148399548722,0.14214722642985142,0.29304396173200736,-0.0002989921114887165,126.72456153357894,37.51284888767801,21332
69.41513252483483,29.50424030102831,-0.007948239541880606,13.786752442078502,-0.013069785771100528,-0.22785761157999723,71.44339780419895,-0.017432644147162127,-10.51976386541409,1.8818029219097233e-05,-0.12325129321836792,4.263691627554389,15.861282691889416,45.45391383029615,-5.900750394354916,-1.2020578605536851,-218.90801590242526,-17.27132536999545,0.019321145868742062,0.14372280715028415,0.30220632536822856,-0.00029985898495014343,126.72272411487454,37.514294919956676,21333
65.40596673038183,36.052814611670435,-0.007677759398177882,15.602612538747655,-0.013074076464402054,-0.19534682011310314,2.9065829419272093,7.190391694237676e-05,-9.17091314961655,2.603768545836828e-05,-0.12568019060829413,4.303116487202501,16.66976194593805,50.107846487904986,-6.5486149092714445,-1.158767591233839,-223.17015350675007,-20.95307782855599,0.01784240250257703,0.14329819510839414,0.28520581290173147,-0.00028222864764968625,126.71522085131534,37.512349271270885,21334
70.09617936195603,25.252925306284638,-0.007912140161927516,13.62153425228641,-0.013122107928619809,-0.23003480375737934,51.212634554737534,-0.02677187162109997,-9.995073794852903,2.2620351221934478e-05,-0.11662154056659177,4.454684089440746,15.497625230974304,47.97631811179442,-5.803125442265371,-1.2329496301855047,-220.86579079490733,-17.389602965631262,0.02077996380781361,0.14111053044913088,0.26641713055889465,-0.0002846968472984615,126.72312378787706,37.51022634485727,21335
69.94036636123708,20.267563608163208,-0.007992346205195485,12.922077905719883,-0.01311257274132283,-0.24478333168992972,106.7399459925248,-0.03596460968561313,-10.634725859763522,1.8104337962094787e-05,-0.11561070645983065,4.140230472277576,14.951889182360564,46.718687026113464,-5.153564691711224,-1.271575226119893,-221.99157615061964,-15.647769919890612,0.022907110003544697,0.13869645136004327,0.2802356532161615,-0.00029865176123304723,126.72851926211857,37.51048241928701,21336
70.2150748383788,18.248154438656044,-0.007974098874168627,12.548987001028921,-0.01316240846098528,-0.2468665863897417,103.10092467596786,-0.04196443808727371,-10.356611903986146,1.9652917831785164e-05,-0.11219292900952108,4.110584439304838,14.587892526620665,48.24416919664136,-4.999161604100182,-1.2890020736877867,-223.77869612808288,-15.649917206469798,0.02448312812831957,0.13670071957986418,0.25954655963196877,-0.00028924624403859153,126.72887410436182,37.50824363218556,21337
70.56340730618369,22.389394937521605,-0.00790017707008604,13.442499842095785,-0.013153332747412181,-0.23247437846918986,43.8535653052755,-0.0332371871027809,-9.657029765469778,2.465134734875649e-05,-0.11237629011119156,4.547696284434979,15.17926097406294,49.29614681882089,-5.69072583199875,-1.253150525076639,-222.06906843053875,-17.375121665975335,0.022063009308565685,0.13910382240352284,0.2432835049484273,-0.00027467407126032027,126.72367451730786,37.508087894345195,21338
69.63629816059007,17.86804143050773,-0.00801338512712853,12.398696937639677,-0.013099470802985956,-0.25100227612882176,147.3152406027727,-0.04097179362184362,-11.078205632829594,1.507333668098523e-05,-0.11561189115867179,3.7995515290579225,14.562541950231358,45.89936470451849,-4.671797167393042,-1.2940064636517004,-223.8903830873344,-14.643253325119364,0.024627148841237144,0.13659046400691366,0.2919138653499067,-0.00030882687464103267,126.73281609389528,37.51084224358553,21339
69.77273571114796,16.51680210712203,-0.008002225559353439,11.9704505229255,-0.013122604929604762,-0.2534087508436905,158.7826523398791,-0.04552083423871917,-11.072803061817126,1.478755404480352e-05,-0.1141604281691947,3.6032339935352486,14.228123533671104,46.47863479790118,-4.4308245070363474,-1.308557820944938,-225.99856084457076,-14.359946457953745,0.026198475080949066,0.13468511967173868,0.28577745366186136,-0.0003077617414075277,126.73433203369085,37.50968150840593,21340
69.80172988274823,15.429638144371781,-0.007991316160988927,11.470700562966707,-0.013100595316360446,-0.2561013771401348,195.2637982451143,-0.04904370759002582,-11.438954305876852,1.2011545660959182e-05,-0.11483852460783539,3.1695541744169966,13.869969609344784,45.49988036055254,-4.006259312057702,-1.3234406059003807,-228.63963410494247,-13.61774416528412,0.027945412102148383,0.13240931553322666,0.29849870486786095,-0.0003181175252685067,126.73883225082633,37.51030879926104,21341
69.73804419350849,15.17187785634712,-0.007981649414992258,11.337562925405324,-0.01306034877709491,-0.2565487349137055,220.21775150978561,-0.04942507697798278,-11.756219422236892,9.890624915817625e-06,-0.11616388204691776,2.9365747007866614,13.765807629073214,44.188183570038525,-3.7794352767955592,-1.3279089748512278,-229.48943163660383,-13.163595715968738,0.028431432858398182,0.13159495136688723,0.3129194646275782,-0.00032752151699558593,126.74248463225899,37.51182400323176,21342
70.79469582768348,14.427340124390058,-0.007960025411996075,10.667319168359558,-0.013179356005271202,-0.2585264804794956,199.01897097042996,-0.05603066855075382,-11.11451818899598,1.258467962316164e-05,-0.11211620468405821,2.745473757044137,13.273717699911021,47.06568029077422,-3.74975912371974,-1.3402940674790609,-232.98193631795007,-13.537033618032073,0.03094748878097527,0.12886685324295286,0.27912133391847427,-0.00031079074225812364,126.73938905241498,37.50756648853063,21343
70.20135840190412,15.629105829172161,-0.00798518594606442,11.607405564750215,-0.013174333265688579,-0.2545501150447391,152.083735209747,-0.04979033755413789,-10.771530230833736,1.6128508285448496e-05,-0.11172385080017178,3.5144033954781126,13.923597235010577,47.87004584314262,-4.351775705587383,-1.3183983483068786,-227.84641420248846,-14.481741988550118,0.027657893172908902,0.13301754064367066,0.2678317975811607,-0.00029907742914938554,126.7338759401278,37.50772954620715,21344
71.87540134186649,14.023361558483844,-0.007947147823226966,10.094461349712516,-0.013267899848616338,-0.26041234852710216,189.46191248806429,-0.06069843739442796,-10.618225062253497,1.397501650860846e-05,-0.10948836006110957,2.4551776203522624,12.828985131180119,48.66699257752258,-3.689275793938322,-1.3485589941503369,-235.8815644859653,-13.725004701834155,0.03326021946028035,0.1263052702538485,0.25596578951189375,-0.0002994598518506536,126.73829942679801,37.50524247607829,21345
72.89053881002722,13.989690433396355,-0.007919156203978232,9.478119790886522,-0.01328809581674013,-0.2618956056652981,213.8520216700434,-0.06398120540269356,-10.70316988907888,1.1924099480636919e-05,-0.10990714766057659,1.8511819892536236,12.412549009849887,48.0498676768806,-3.378213706627129,-1.3582973351370766,-239.6298079340499,-13.27519225376518,0.03545098541501487,0.12333158543707738,0.2618829524614873,-0.0003065333336590317,126.74136015694967,37.50501277134439,21346
76.49894752840333,14.489683572401544,-0.007894494683917761,8.11116857687169,-0.013472625488145536,-0.2665426921259913,214.51034125362125,-0.07110425645395645,-9.797999884948592,1.196901604038111e-05,-0.10719394537250522,0.6281711152249723,11.418860873116191,49.18906951566207,-3.184720718222412,-1.369374019868251,-247.0147033613219,-13.26185252887943,0.040922396158740375,0.1165755507803116,0.23343540411518982,-0.0002959203542616837,126.74164138803316,37.50199786241285,21347
74.54161899932029,13.949616314483102,-0.007933500639120754,8.93170898420251,-0.013429811752625146,-0.2647080107049668,184.5381836131112,-0.06777860104737758,-9.74478218959109,1.4915221076482145e-05,-0.10612522261805739,1.5726203240732737,11.93979436043405,50.339442127883615,-3.5312654091205564,-1.3600086235260014,-241.82425925216072,-13.836906334263432,0.03809318249543953,0.12076180256220292,0.222959669340823,-0.00028440082306425534,126.73801933246972,37.502251746191796,21348
79.61936909851379,15.089373286956814,-0.007946187447110028,7.336565708699843,-0.013686639582512507,-0.2721684978901207,175.1030649731937,-0.07392415787561325,-8.262809453823708,1.552648878655231e-05,-0.10274229442466204,-0.0766721382466775,10.732573201795232,51.3828492776786,-3.488255840910633,-1.3640918677027274,-249.6201030664427,-13.987553884443512,0.04518109255121723,0.11243182031887146,0.1809923233834734,-0.000264839425923458,126.73773032874193,37.49913638917341,21349
82.31434571264752,16.126338880439757,-0.007896775568787325,6.5012809165724805,-0.013742495816990321,-0.2738774335650364,205.16923875555943,-0.07636036413105897,-8.320393467273382,1.2109191673188264e-05,-0.10451139177275692,-1.2105768408107023,10.259132119796377,49.71564676681304,-3.1897711757132203,-1.371109962110536,-255.05225007077127,-13.348006516576358,0.047759033058315165,0.10782327972278352,0.19734182325479632,-0.00028122284340278866,126.74125844589769,37.49897505789148,21350
71.01145164890538,14.562790173264245,-0.007967714866026316,11.001316284055177,-0.013249386770515044,-0.2567754200569282,148.3929451674315,-0.055687122073465836,-10.348800139080804,1.7396810600350986e-05,-0.1087021589998427,3.25722889772197,13.421091862212077,49.45953352055372,-4.1990739776940735,-1.3316335195425395,-230.84463871417262,-14.557052004293537,0.030150346817901977,0.13021466004182558,0.24458898518021008,-0.00028802470621854345,126.73384158447207,37.50545989278808,21351
72.8970216823168,13.676418321476548,-0.007957161929182137,10.025624240262912,-0.013386093364946268,-0.2606166531931492,139.93915929048512,-0.06342525062047162,-9.491880121956344,1.9240572253524747e-05,-0.10440319337763536,2.6859005188763403,12.591030083362178,51.52802174573588,-4.039887341416838,-1.3457135715741098,-235.5724753006816,-14.769053789924664,0.034510306410887856,0.1254533217620116,0.20627134815581671,-0.00026862237353917354,126.73355031757578,37.50247742264862,21352
76.66746438730874,13.839025006845247,-0.007980045221239336,8.670475258325858,-0.01360050661306892,-0.2673260854587549,127.96988174000815,-0.07064483786983144,-8.061043976996247,2.0907415277895457e-05,-0.09986942886587619,1.4943003465403442,11.434526874556026,53.179897743040904,-3.9561223944574073,-1.3534736693314635,-242.0632595450974,-15.063645293476231,0.041223980928175356,0.11825192340478229,0.15685397803764362,-0.00024245274874350008,126.7332555918207,37.49941078769118,21353
71.03404721326478,20.533800090573653,-0.00787072717816703,13.384491046493455,-0.01319270341767137,-0.23099484785823368,27.315576158901525,-0.037678047868439736,-9.14976784726993,2.7750969371738648e-05,-0.10810940983882254,4.68654211534338,14.919472842557296,50.76956613257639,-5.677752109280974,-1.265724652489565,-223.09594056106795,-17.76370513090459,0.023092192595297965,0.13723063244369774,0.2153886440593723,-0.0002602061500873458,126.72335723816101,37.506101199065874,21354
70.79983968056078,16.55768723413649,-0.007949359062083813,12.19802546222259,-0.013227930762098898,-0.24763120442230335,89.0697964742591,-0.04792076152537982,-9.820513351708364,2.233608546920388e-05,-0.10795294285611745,4.114522681793519,14.181967473256368,50.147075820480715,-4.929526421567518,-1.303073016640754,-225.6126676042594,-15.955003744986982,0.02630576314785962,0.1344356989067835,0.22909947867779387,-0.00027346261233029636,126.72839182561799,37.505781506408944,21355
72.03014102239206,14.444006380559786,-0.007934284694488257,11.579249823108784,-0.013328636433096138,-0.2498364943132538,74.47607041905474,-0.056334627435659916,-8.943596380013771,2.561850203945183e-05,-0.10213115095474759,3.950574996829535,13.462028182733047,52.39165461338549,-4.791673183434,-1.3213632394132329,-228.69324994385852,-16.336572100249622,0.029796482684328513,0.13035991000860167,0.18413098278567613,-0.00024941610257095257,126.72816675135655,37.50283688323916,21356
71.90700689744921,17.026350859596704,-0.007864565428756376,13.003263911210793,-0.013260298303059656,-0.23349152712238153,18.94396194810026,-0.046615216516745,-8.472539646924051,3.091565923545502e-05,-0.10174468897319937,4.737696627477581,14.29612022843293,52.45641513205195,-5.478453103985568,-1.2912436670193854,-225.00165752897445,-17.924668676073235,0.025736544968067283,0.1334971194878664,0.17509531653506266,-0.00023981181686830963,126.72400061951048,37.5035218880192,21357
72.38799180341759,16.78966521897554,-0.007833886721340905,13.337570983686422,-0.013261247512384753,-0.22721338514793085,-2.847682488878117,-0.04650923866784017,-7.949097116853746,3.4209006685778596e-05,-0.09894196509521344,4.941616901415533,14.271543512160116,53.10841911398702,-5.612462538388015,-1.2905228327769627,-225.45196906412917,-18.624404347222697,0.025907921692111043,0.13218486934098986,0.15402756024315628,-0.00022742437452984932,126.72294689379429,37.50268173515215,21358
74.31673110549261,13.561718938495195,-0.007870790459671371,12.903364535581701,-0.013337991243499284,-0.23038368932408085,-11.17708052485986,-0.05680535368132325,-6.833722897098427,3.782118740688228e-05,-0.09131331201818792,4.814833348042374,13.35044316609916,54.397633417875966,-5.355282043538091,-1.3166172509001624,-229.1384059653365,-18.934804870230646,0.03077805221081804,0.12580676233651691,0.10006422986718813,-0.00019861484766356795,126.72364014682157,37.50006989086598,21359
74.63175895410808,12.960876900433357,-0.007957303608402248,10.738773751633278,-0.013476031687777898,-0.2537408898027136,56.028123388152004,-0.06532585560362007,-7.496663039439649,2.933502882139958e-05,-0.09528922337031534,3.4147606523757377,12.407636703846624,54.422652938430204,-4.6727396931191505,-1.3364989838388754,-233.45319814056958,-16.90790183151976,0.035712884069750456,0.12384771698239784,0.12330371127896471,-0.00021511515368197312,126.72789212345697,37.49975562666252,21360
68.6490038963134,37.444867717842726,-0.007390943662365431,20.38664863045276,-0.01198055964127461,-0.1594048185590328,-126.38060788440926,-0.014433395060812466,-5.448728683742838,3.685849068720315e-05,-0.11676987202459968,5.12079381191034,16.78201098212183,52.08084884682835,-7.886814118022276,-1.1000806811412058,-245.48458076174083,-24.95900906213513,0.029656162088269405,0.12939532601096035,0.18197999888252803,-0.0002547066203342609,126.70625897179377,37.50751514282017,21361
70.34953159020068,36.490783512957734,-0.007364527798934145,21.38595165549988,-0.011781046175269635,-0.14597517122205694,-151.03867787295724,-0.018002134011602063,-4.837357155671352,4.132484127476553e-05,-0.11162770740547316,5.502411226637591,16.624383545924136,51.4995693271267,-8.046753076709663,-1.0944333356351332,-249.48110747227454,-25.475743921830855,0.0323862511551471,0.12472132570735239,0.14932510478834815,-0.0002459076404413323,126.70603903400313,37.505428800513634,21362
67.4474020730759,31.11376060205441,-0.007448495376482187,18.88104013242118,-0.012642227092921633,-0.16123342268833749,-98.23807452368392,-0.006801132125525445,-6.343989423164012,4.0565776773937424e-05,-0.11118796296718114,5.093721125676747,16.716232960667202,53.395883399341194,-7.194815564165113,-1.1726899189420708,-235.68737476437585,-24.247115329590986,0.022467107418019355,0.13061141838955453,0.1960653191624884,-0.0002536251103517416,126.71172592855608,37.505935087045756,21363
69.04533880640653,27.38324940664345,-0.00764610712318381,15.455154827415612,-0.01312213388793646,-0.19008629123892026,-47.39565652847732,-0.01628969001861205,-8.048464961655085,3.6683703429189864e-05,-0.10939414008305827,5.004988115828127,15.942111453279088,52.9962577710126,-6.485768324197751,-1.2148651784076576,-225.80097617461504,-21.147384060585118,0.019850617668120654,0.13687893923699987,0.20143202383576753,-0.00024457333164118217,126.7172762651082,37.505896698687394,21364
70.84387058126644,23.11297717341366,-0.007677338648730541,15.2029286404741,-0.013145383640252958,-0.19412133413683408,-53.91221407805417,-0.025777022492239354,-7.617756022584315,3.950916641259633e-05,-0.10264770328227901,5.271144334388303,15.438459041867079,53.32478401229686,-6.327039364312135,-1.242045529502155,-226.18058751341664,-20.885222960728488,0.021459839666210706,0.1338146616283356,0.16768878839900275,-0.00022972618500659346,126.71852583137303,37.50397113772221,21365
71.40521830490327,21.375689188281672,-0.007778657576955936,14.134576460095467,-0.013186428376156854,-0.21528057080675125,-18.60539434554304,-0.03432651415032278,-8.251407413995995,3.405675069056098e-05,-0.10429957293493039,5.035469167083808,15.070238539899407,52.323496772883125,-6.024782507261322,-1.2560461496161528,-224.19315539149642,-19.313916176214864,0.02263844967318655,0.13565899561895525,0.18290546332266547,-0.00024017836290681958,126.72078037435098,37.50460855291769,21366
70.78370419982926,46.74110226716322,-0.007314312772957588,22.734981726734535,-0.010827952647836283,-0.14247689523284882,-177.28865724772362,-0.03584301339516362,-3.995646154772049,3.5477607615568434e-05,-0.1191807716042794,5.6936127232155656,16.37279684252259,50.3471898437896,-8.916094803565915,-0.9871908076745463,-264.0365358567915,-25.79958617444184,0.045751316613544625,0.12619085182756365,0.10009469068774161,-0.00022599600531624,126.69610854079217,37.50761086235353,21367
74.47501291376248,49.78649444554472,-0.007382132676835909,23.285433579317754,-0.010262198961192584,-0.13806512595196657,-209.10104029680272,-0.052705955547827,-3.472570455469403,3.7124523249470464e-05,-0.11593360931217575,6.312546242618392,15.780476386859629,48.582688639384884,-9.51512642128974,-0.9396048729603883,-271.990594569875,-24.925580734052538,0.05565549532719391,0.124144085748511,0.039083357580040154,-0.00020373792781036972,126.6927399380419,37.505830653325894,21368
70.59171466920476,41.64084747055316,-0.007336876833627608,22.064966478908513,-0.011319124949788744,-0.14516994415673343,-164.08034345116047,-0.02597838663028447,-4.428660041187033,3.808305003788407e-05,-0.11589596591895177,5.551246389136936,16.542026213719122,50.88970268558862,-8.48304449697383,-1.040198407409704,-256.4394511584623,-25.65880518736461,0.03854772203142487,0.12551315837502716,0.129504995628998,-0.00023844814907194274,126.70152751391542,37.50659199812723,21369
77.01774795638998,40.98661616531682,-0.0074327941065921105,22.969524824928033,-0.010804498017822824,-0.13505346956944908,-209.908541282059,-0.04228406695752664,-3.7250510424117214,4.421374448621206e-05,-0.10639988640041716,6.488969435092985,15.76139104607242,47.89046517641961,-8.989767346807259,-1.009217411271548,-263.138778120763,-24.660527096268513,0.047175005993880484,0.11887729735150795,0.05536059985636708,-0.0002150914270671825,126.70162443649025,37.502897928765144,21370
78.36586011973426,47.402297982316334,-0.007471181389790405,23.763815569065454,-0.010103373382726122,-0.1338318634452477,-232.11941549876136,-0.06026906226083026,-3.1398660758765633,4.175368205213165e-05,-0.10860529834053635,6.842612462846037,15.32431817405116,46.65187727760029,-9.700890217080717,-0.939543281847028,-273.1877827610325,-24.228608894128232,0.05971326642023838,0.11980072199514805,0.0019477272183601733,-0.00019610213471464558,126.69520502609744,37.50286720183397,21371
98.83490766791827,30.12031481087676,-0.008224219827658178,27.615456626414716,-0.008895241151776897,-0.159017604587647,-331.2632546526746,-0.12036522594277813,-0.37598362153816767,5.725989985696343e-05,-0.07043649362069962,9.939344281856162,11.48597452511272,33.907253911180135,-10.442122074358961,-0.933737528817749,-272.3038666460385,-19.751297497480746,0.10058283499832325,0.09503146454618262,-0.21527182218729943,-0.000149161184769413,126.7020675056008,37.49139964949855,21373
100.00381744282377,28.299679043994367,-0.00843103353966854,28.40398807662533,-0.008489818048758388,-0.1799753838582085,-342.6942381248539,-0.138307181780681,0.2235917820811588,5.4973744156577854e-05,-0.06844294733272444,10.621616663081182,10.152030401324454,33.96975345826418,-10.984807201986703,-0.9167907106990699,-273.97231671262506,-17.553908540112353,0.1165483526800151,0.09164219891966241,-0.2681800741423799,-0.00013292219896920927,126.70027029496818,37.488367611917496,21374
78.77441207934346,35.4880299773205,-0.007458740070539907,23.14783171601127,-0.01104895674126308,-0.12664790724677102,-213.24734410791723,-0.03683392538725288,-3.6642204923285306,5.0067362594632285e-05,-0.09877282764783485,6.694474119346942,15.726984738345669,46.95644333884916,-8.60924074840977,-1.0518810831013272,-259.12487494459305,-24.96217188860885,0.043472730216033324,0.11424857629525717,0.05520523703429188,-0.0002186209599120634,126.7055160291966,37.50116515207217,21376
74.6268065364463,25.466050266763546,-0.0074683648512642005,20.985649014951917,-0.012190499665752348,-0.1313772584616111,-158.4607974846431,-0.01658014602897347,-4.815112384714734,5.3673849869130954e-05,-0.09377029922577804,6.261224184407167,16.14872496118223,50.35626654213579,-7.352879492104908,-1.182708372970028,-244.0018459007954,-25.079580477242427,0.027462162959944535,0.1159089591619922,0.11466362006309037,-0.00023028385130196164,126.71217894136385,37.50126040269885,21377
72.89315481773221,18.791742557849165,-0.007652211570086339,16.422172471788624,-0.013060879356133568,-0.17500957497345648,-87.20993232182957,-0.02876136950929693,-6.354393751845949,4.847264656378097e-05,-0.09167554368505622,5.843946104191183,15.100857400554334,53.69197220075247,-6.273611741131768,-1.268549867785648,-231.02112024833895,-22.112074997748735,0.023415090357347814,0.12463173989601357,0.1124004051506082,-0.00020527131777026432,126.71819686460479,37.50113120429761,21378
73.75492538627664,15.723160722893109,-0.007778577007988256,14.383608074413692,-0.013223650130145339,-0.20926102886316442,-47.02586487038271,-0.04573090636455504,-6.725721768538236,4.215192956993174e-05,-0.09167033485421419,5.425409594102245,14.184951957692565,53.93439690499806,-5.818975136573372,-1.2942580738804021,-228.01148112412176,-20.215761425137586,0.02677137830255027,0.12704068296841586,0.1064906402349433,-0.0002012960625876971,126.72111409037743,37.50083427122422,21379
88.7223256424186,32.03607227795893,-0.007718701780905393,24.84618644491982,-0.01021250324667534,-0.1326737376115359,-268.2533494783192,-0.06727988082670819,-2.4054082825679792,5.512808428984608e-05,-0.08518501772651572,8.131089697300107,14.13883892641214,40.9173100025165,-9.292014989743816,-1.0066008100312687,-264.9570012372811,-22.805125375737106,0.060697741625333534,0.10441917043461019,-0.05529256546999716,-0.0001860749486287758,126.70516062378178,37.49703809190434,21380
95.1803011284991,24.522528094249033,-0.007927464149556434,25.727541333221943,-0.010003659951528437,-0.14438206813963675,-288.4737024111189,-0.08363803182936011,-1.5765457856328724,5.973372583474047e-05,-0.0725263344568064,8.982273178812163,12.85769569943371,37.23663372365516,-9.03660195373824,-1.027827065787108,-262.7795214458911,-21.706234951788147,0.06945343677301855,0.09473171018071794,-0.11090904167058602,-0.00016615986646315159,126.70834902087414,37.49416096052327,21381
95.23498726669656,28.31699266839359,-0.007965528850115389,26.247471533022182,-0.009637862689355894,-0.14595338157805932,-300.6510803976893,-0.09244718029222983,-1.3736126640709543,5.768766580572093e-05,-0.07506412305896548,9.16651509280285,12.697191854091507,36.74344059300729,-9.649219267010581,-0.9848895848054456,-267.0190705744332,-21.172077285104063,0.07707811228308355,0.09695992575074422,-0.13587202369935347,-0.00016368834930486915,126.70532290652942,37.49391420914386,21382
99.01310681301113,28.504468236687128,-0.00820470463917167,27.490061583468425,-0.009018342617966737,-0.15899199848944892,-327.72412459446275,-0.11700258191032056,-0.46197482642463844,5.788934702352884e-05,-0.0696264733718417,9.915369667103944,11.48109703909081,34.038285170789194,-10.223521900672038,-0.9474712629954456,-270.7522125004966,-19.821671058361105,0.09724598926340604,0.09370882346473197,-0.20728448891153534,-0.0001481643535776029,126.70343711948699,37.491455364876344,21383
99.93538241019864,22.059450598505997,-0.00825458691355925,27.171572309577353,-0.009259628413804209,-0.17514082471093134,-316.4728139801005,-0.11618100029963953,-0.4258605338219484,5.786994526335077e-05,-0.06639322241309129,10.026411730893589,10.447898535637586,35.45920691214295,-9.580699795773734,-0.9906056316851647,-267.53222994168885,-18.645981525516245,0.09546962963905345,0.08632671211620367,-0.20884271732386264,-0.0001306524176473816,126.70804895244628,37.48990519005655,21384
100.1515005586757,23.90007536701483,-0.008363318592170219,27.891694782928436,-0.00886471982250013,-0.1804440746989905,-329.49216381298504,-0.12669926400391118,-0.08100112901719929,5.650140048799984e-05,-0.0670561103107307,10.41306989205574,9.964231758781205,35.033178558299674,-10.215991338945258,-0.9563804914600639,-270.53314691380126,-17.656860702031267,0.1065919463881027,0.08682078061432234,-0.2430337494955902,-0.00012571023538322272,126.70529541862562,37.48856165373939,21385
92.28535807959454,18.590258048533542,-0.007850472565155373,23.817129141564546,-0.010878555010840701,-0.14813566278838913,-246.51286084658528,-0.06767461732694448,-2.190459889046997,6.0746919329884975e-05,-0.07100858770277736,8.308012137519539,13.341663432931274,40.465530507271346,-7.883273942370665,-1.1240961957131392,-254.82326884688146,-22.534875338451265,0.054262386232617685,0.09459431203777462,-0.052735299492299194,-0.00017375478340652013,126.71288726133925,37.495109283923775,21386
89.00423946124639,12.715176496576872,-0.00805384248982704,19.60849075256528,-0.012114660721342409,-0.16817285316164662,-163.56087039256423,-0.06547561210043971,-2.534003113957529,5.9295360150307743e-05,-0.06542675885842653,6.567651578195859,13.411007777892284,45.076673787241596,-6.060397356653869,-1.2716753065896,-250.00779812408433,-23.06766819739862,0.047264225195263715,0.09607785554948706,-0.02186382789659605,-0.00015912799699744476,126.71815353389549,37.495301000194544,21387
82.62346614350581,12.14385902631161,-0.008028637174727168,15.43507758765307,-0.013038242630622112,-0.2061258344625087,-83.88597744186464,-0.0662401464581167,-3.7758505695489615,5.0246836987094995e-05,-0.07409705628331717,5.235224952494204,12.618843547082164,51.795758842479145,-5.431390160804328,-1.3305512787614386,-244.1522065412957,-21.25157892048599,0.04204735140842332,0.10586855735941758,0.003054191374408423,-0.00015623025794026823,126.72141188147769,37.49621834155759,21388
91.11529974046726,14.677151240714487,-0.008200493212114862,18.013057275878122,-0.011962368207396712,-0.232101888037434,-149.42681982387484,-0.0894217168497454,-1.6176139977141462,4.7037200554986935e-05,-0.07294121001964256,5.17663739679493,10.441967485861838,48.852532190173,-6.236854018366366,-1.2356084722850624,-258.19999611540914,-19.235045639704325,0.06601105066726204,0.08920731242516955,-0.06539954669159712,-0.00013929102161943505,126.72114311621687,37.492424428814545,21389
78.22822835548402,12.175116976919327,-0.00797277564723933,12.905259450763705,-0.013390260915237673,-0.22998678252514462,-31.348640959061967,-0.06550607564516576,-5.105490785057173,4.245849652655671e-05,-0.08268645798268225,4.4391995433295435,12.372070686305475,54.596981120604845,-5.192595701019013,-1.3355699789440807,-236.62223451659162,-19.689166932775443,0.038336196687753496,0.11581218455926877,0.03684851584977038,-0.00016512040787396056,126.72357971401394,37.49748128892882,21390
79.46838268370162,13.133204260794137,-0.00806135041546031,10.39373698776993,-0.013577442443683006,-0.2584201412698325,20.256507005746297,-0.07229699202735422,-5.234241067365946,3.394776056838272e-05,-0.08786933741975816,2.5517344026446933,11.249876208562888,55.198653127617916,-4.796694027259315,-1.3376317302724723,-240.38974932200827,-17.82879508951424,0.04461856355373452,0.11410736640065709,0.04954333882570371,-0.0001728373514177902,126.72692259680042,37.496846043488155,21391
82.91607209832436,14.873066885557325,-0.008137003135627813,8.97757936789126,-0.013655112187188977,-0.27408684958638185,39.663781850665664,-0.07577501707104439,-4.57014487397122,2.971632714354759e-05,-0.08999769997708083,0.7606750475293377,10.260406122441918,54.87823159410615,-4.675627031741766,-1.3304904735000294,-246.77824897841367,-16.873919894263654,0.05176163914134589,0.1078451492254675,0.04516876865975684,-0.0001743147379440932,126.72898380458236,37.49556769359233,21392
83.63157362241837,13.306716788285978,-0.008144676953746348,12.91291876063115,-0.013194672910222437,-0.24734924693420912,-46.999306435233905,-0.07724929722976083,-3.3705195296813604,4.1407877837401435e-05,-0.07971266638409015,3.4104106247449177,11.08639649287898,53.75605648671767,-5.265285646234033,-1.3227299882022452,-246.45103313646987,-19.277394858365412,0.050834811304938665,0.10462737727365014,-0.005109106155225887,-0.00014950927604528527,126.72421092572307,37.49512308307309,21393
87.24580704478159,14.979462491262687,-0.008213468677323428,14.156701174872953,-0.01271401920819083,-0.2574713640069185,-79.30597874119724,-0.08336924705169119,-2.31142178553223,4.009575872613666e-05,-0.08048116225311482,3.0871621660258057,10.126431274332107,53.04556277489522,-5.679973373008881,-1.2769433378403932,-254.13368110230692,-18.30282958867533,0.061366317812646,0.09556893235093539,-0.03128506965098587,-0.0001438176726594306,126.72424638400412,37.4931416557936,21394
91.06733995293679,17.881895320130695,-0.00839056063832143,10.658138754757307,-0.013260235977428769,-0.28076195750567134,-34.3387709010212,-0.08446556511115932,-1.3839652574175316,3.442627547622683e-05,-0.0815468911614761,-0.4081646465477039,9.127726359371236,52.98608451390429,-5.29161629843478,-1.2893639439353464,-257.87036935634364,-17.73502489446508,0.06925805036553631,0.09190052879475845,-0.03607200082406062,-0.00013488404673541495,126.72662171464519,37.49224769081569,21395
88.18024930589414,17.25143819074646,-0.008266894551605624,9.280895364101816,-0.013454225244563155,-0.28538011775508176,5.182963693528843,-0.07976678789791093,-2.6699660763346866,3.0212865261237813e-05,-0.0882930290510903,-0.5974392102070543,9.228049062342183,54.31927816180964,-5.059998532047281,-1.2979624838276658,-254.10363895664696,-16.71127619840486,0.06286289186772577,0.09726803707284344,0.0024528486014600065,-0.0001545897044130928,126.72875070019806,37.49315576902194,21396
84.2518720539414,16.206169464839995,-0.008076531726504035,7.296597898248271,-0.01374175301225759,-0.2821819688927718,101.79582051605803,-0.07621796100208426,-5.669754120875138,2.1536949876441377e-05,-0.09694686752688143,-0.80974104148626,9.85922010680897,53.54945457839397,-4.1824671901498105,-1.3383997464126909,-252.09999230992034,-15.077537949106256,0.05268952640376249,0.10552590587464217,0.0999048955090055,-0.00021503536869310608,126.7335285600955,37.4958943330368,21397
89.15219814137784,18.38509627351556,-0.007985560324439395,5.652961306171697,-0.013844586277622499,-0.2868196526791221,157.2271243148288,-0.07911934432091684,-6.077643139526751,1.4360089410618532e-05,-0.10182841051307341,-3.006177169974234,9.166206127694943,50.66776810760524,-3.684994860039819,-1.3484115205308553,-261.250927353134,-13.591473253992769,0.056144932651355825,0.09790098825496753,0.1427705972584951,-0.00025409620883194895,126.73938802007658,37.495544531644576,21398
89.67571162565108,18.48675776988331,-0.00821968648131461,7.755124942421432,-0.013580455609067168,-0.29351732337927683,42.21262309362036,-0.07856749691336196,-3.20469831781791,2.472120299179378e-05,-0.0936067548846846,-2.047499476576024,8.842531657779288,53.863186817308126,-4.824958562261558,-1.297876274972973,-256.9092771998811,-15.421484424726904,0.06340257706571999,0.09543125597831859,0.03456013740431456,-0.00017815269743483967,126.73172652454332,37.492965960231075,21399
95.03787496330241,21.11758748582295,-0.008238818661887845,6.2055103335971635,-0.013736859910467952,-0.303903793020924,54.87762032712602,-0.0794138057530988,-2.3904161746468255,2.1183326686795583e-05,-0.09541995064272,-4.518696197560346,8.071880828198505,52.32553710387872,-4.827378406907708,-1.2843270455811757,-261.0198300682796,-14.616240074179432,0.06919038373095816,0.08823551300934726,0.03347839939916004,-0.0001831719491027266,126.73385536785966,37.4916385116362,21400
99.10295723047359,22.70114271136046,-0.00812936955322888,4.9113414100698805,-0.01383606320991229,-0.30711837541532727,90.01837585781364,-0.08099525640030913,-2.8194611753180414,1.5986428444733927e-05,-0.0997062013089967,-6.180419897384886,7.700649348182029,50.36275328800301,-4.541473336463257,-1.2898985091047839,-266.1895015442731,-13.38712604062711,0.06977234729185766,0.08291689517239242,0.06991327609809118,-0.00021682317776148898,126.73805315071594,37.491102177440354,21401
102.32764500289063,23.76334667729557,-0.008039439905620597,4.188844746604596,-0.013884270748522807,-0.30792890339244167,111.88781522518622,-0.08324868397232053,-3.0607872707144836,1.2798778944406759e-05,-0.10207413717119437,-7.258370773289285,7.468042403986327,48.7114511946392,-4.33335927567121,-1.2958705643378514,-270.15037397086195,-12.648180235779774,0.07023769391553403,0.07864588961332471,0.0934373373084085,-0.0002402332102950462,126.74135212742111,37.490648494906665,21402
96.15452324496769,22.48030149879769,-0.008302096736161961,8.193927974607623,-0.013261261638234543,-0.3066180776063486,1.6622298669596538,-0.07867171638320888,-1.3970966691685773,2.2792500394123623e-05,-0.09558604859850471,-4.392294523656015,7.579391133391672,53.098566801804175,-5.42170597754909,-1.2339992504948025,-265.204199979232,-14.078308061937463,0.07681713858298819,0.0818810569557472,-0.0007240688933391295,-0.0001652840507653097,126.73270623097748,37.48953454642509,21403
89.78044198806032,17.084195696681192,-0.008221979435412502,17.052438777778008,-0.011836606181128133,-0.25594879038131185,-134.76285990980986,-0.08481378082834537,-1.6458294778920044,3.9668759214890426e-05,-0.08333911472762058,3.608076454673089,9.02209734753426,52.42430826760341,-6.4936384144697135,-1.1900037945142,-263.784966998563,-16.455238125358388,0.07398826274976623,0.08520402215781028,-0.06781676642664987,-0.00013384221429746756,126.72350279514926,37.49037966390614,21404
99.0344936133598,19.1751496555218,-0.008323578243161649,26.392495122727425,-0.00945613115611509,-0.19227001384552306,-298.16239695001633,-0.11386985848598467,-0.3769885102165401,5.546753115153493e-05,-0.06711993694177859,9.47775743903302,9.298204282537087,38.67023212047937,-8.991718601423813,-1.0185538360826212,-269.00032581773354,-17.354338518852778,0.09836804837548624,0.07997316833604272,-0.20773209001173415,-0.00011369644926973917,126.71190655939117,37.48827801913773,21405
93.57968453361629,21.454490979303372,-0.00837637928394171,13.59496307683609,-0.012294874369293442,-0.28610172711000936,-93.4511614218464,-0.08097458035724422,-0.6126511104961656,3.116326300303534e-05,-0.08909474275494714,-0.9106372364065559,7.584894603647312,53.71767903911377,-6.25611397856792,-1.178143376689247,-270.0354303036796,-14.81503972844516,0.08527086885509765,0.07793849472365783,-0.06456879969473894,-0.00013012376617932533,126.72737099803639,37.48833961691259,21406
90.47957306108158,18.52100360829219,-0.008249800706769473,18.121621047230033,-0.011450047919271006,-0.2558085641865913,-153.93562747334985,-0.08348803518229521,-1.374958750675514,3.867963157301561e-05,-0.08572651259382409,3.49340712247384,8.304199851130184,52.67768598441912,-6.883823126764274,-1.145996005463014,-269.2029586993912,-15.24891422732195,0.0816044043601294,0.08003851034346181,-0.08719715033207738,-0.00012627531508493502,126.72347860560502,37.48862329371838,21407
95.50627891798285,18.54961050083192,-0.00836646348415864,21.812168064439003,-0.010619455986766205,-0.23093812788835696,-219.00933481867162,-0.09899537550668212,-0.4643796401338529,4.56843724979214e-05,-0.07438528086943852,5.657438369073436,8.267890136785839,46.88993670064753,-7.435315261521867,-1.1026134659558893,-273.305367948761,-16.329417501319252,0.0944967640529035,0.07476707735598813,-0.1460521150458932,-0.0001112694988396754,126.71952945056313,37.48791378424038,21408
97.24116840284879,18.544286519102656,-0.008384150630075778,24.45769301250591,-0.009918826932047478,-0.2124910349560578,-262.59990385995377,-0.10696056560140799,-0.32835003445689304,5.0458964310156415e-05,-0.07046459785701314,7.667447901087305,8.34495187264082,43.25854793230714,-8.17867438634345,-1.0545103047928548,-272.9558243140492,-16.41664439143355,0.10056150342213936,0.07470867300688606,-0.18594838729763236,-0.00010487479326260933,126.71629369822541,37.48732526129932,21409
96.35764772447445,19.91868033753555,-0.00848258293141246,25.587855330939316,-0.009435285793159639,-0.21212739677591627,-277.53255939297696,-0.1077674139017873,-0.12157378810734044,4.963539810007418e-05,-0.07318760687102416,7.982498934321189,7.453481804926079,44.105934277811194,-8.817181840956035,-1.0085851365672698,-277.4153521133971,-14.860364906923985,0.11258610661906342,0.07151605368548619,-0.21787988792346147,-9.38985749760958e-05,126.7150936484797,37.48495080379566,21410
96.76797707283308,20.167961872141518,-0.008503560576168141,26.512298397931783,-0.009152979074716846,-0.2067283538457567,-293.1419185247416,-0.11215744665535925,-0.05805020702442567,5.124223726573401e-05,-0.07221527052615635,8.822152128340848,7.5482140465819985,42.70152293059603,-9.25189479559245,-0.9886760965135455,-276.7103059113463,-14.77584683024368,0.11521404302993253,0.07282046556796591,-0.23576334398853582,-9.320893543698776e-05,126.71307511862561,37.48456806462932,21411
96.65378102698806,20.891852727104986,-0.008569556054870094,27.314604494487035,-0.008838674481855735,-0.2048830349573753,-305.82539858082845,-0.11610322910370616,0.10255645013994691,5.169005219407408e-05,-0.07242978516849166,9.373954757192765,7.339409511111864,42.18586228411419,-9.74983098977508,-0.9640794220181353,-277.66399629638033,-14.216027918413573,0.12163420545013236,0.07303694553321714,-0.25736156550989087,-9.027413842834552e-05,126.71107141143118,37.48336660569243,21412
96.8328074829557,21.269966494438332,-0.008598054237900828,27.71847156316851,-0.008688596863306032,-0.20369589861168974,-313.0409975902973,-0.1193291067143747,0.19103441582553768,5.210864032692634e-05,-0.07206292940688731,9.72044032939221,7.356869625976573,41.54904556922855,-10.014145674132406,-0.9531088021914143,-277.6167933700433,-14.094109560964917,0.12423661400557429,0.07387704767293714,-0.26805456559322205,-9.040007576944069e-05,126.70971286325026,37.48297866441356,21413
95.77979316306308,23.135789730670368,-0.008315480862233441,10.239498547718195,-0.012799699674486664,-0.30324614667544686,-38.021106551457926,-0.0766492583972316,-1.0590555550470107,2.4088608293659147e-05,-0.09637609088591713,-3.71808397557327,7.245401954948133,53.85420122713869,-5.877344965377032,-1.1920892694949843,-269.30140486866276,-13.455926244450604,0.08200968916833132,0.0777039393638186,-0.02257750444452467,-0.0001545635838442047,126.73181557540234,37.48800429388356,21414
100.4056841620306,24.657599536028794,-0.008209541918464304,7.295691452094638,-0.013236113530749615,-0.31256296467153805,19.09239140904324,-0.0781025192374299,-1.607950017872599,1.759601098099268e-05,-0.10101085150910481,-6.24277611288823,7.036096013691585,51.87471079512486,-5.364799786816442,-1.2181546767933014,-271.03773464495475,-12.395192308089864,0.0790727785890497,0.07499907616832313,0.02595147031337382,-0.0001928028917135132,126.73690993644202,37.48783076844946,21415
108.12737043057989,27.083358526720918,-0.008007697391782174,5.414715296365624,-0.013394126424897871,-0.31658913026663354,62.654912510804124,-0.08338525041467727,-2.109611859849871,1.0581861406554792e-05,-0.10610776770690716,-8.877637448369791,6.593027847279671,48.45823539547273,-4.927409152670158,-1.2307056523276396,-278.5418315122352,-10.717491741606393,0.07898331798148814,0.06576763430058603,0.07624771274003245,-0.000243813515918961,126.74507215985545,37.485964873332115,21416
113.00534072597348,30.178932670958467,-0.007880941023485235,7.209989749117006,-0.012742929082686887,-0.3170453147959905,24.79465029797594,-0.08161595122723148,-2.174708977321857,6.8539103393518304e-06,-0.11222097847153503,-10.0204442618282,5.737407300532094,48.07042163324253,-5.370889179558313,-1.16333179582094,-290.85720864023733,-8.044509501402334,0.08562603073339972,0.05276421247963244,0.07655716264757353,-0.0002620667466484954,126.75471685962937,37.47834825661552,21417
110.55838524645434,28.571562117991736,-0.007947832032698185,6.2454607655886605,-0.013090551904223615,-0.3172987840401741,44.46733416697569,-0.08274021502146456,-2.108675581861603,8.774120020087818e-06,-0.1090599556994716,-9.443603821693216,6.190393320896312,48.24309295893613,-5.135118183597489,-1.1992011095884627,-284.37822680370334,-9.459207818694873,0.0822146168654312,0.05948775592531983,0.07716812796321221,-0.00025303831949291755,126.74898561442397,37.48287241987407,21418
105.74489587676716,27.09641277510995,-0.008080208946089055,6.999041208814518,-0.013073545841079556,-0.3158059492619703,26.272852561309957,-0.07891393531729377,-1.8347669002776066,1.258395710637656e-05,-0.10628160481242875,-8.011716725194542,6.456135177441998,50.25836332836096,-5.354001181294262,-1.1959485209787795,-279.21783873638753,-10.494763800122358,0.08197704214607637,0.06571581974005596,0.05102063467323141,-0.00022387083935001157,126.74284871939717,37.4848722982534,21419
102.36369137720602,26.672938714234586,-0.00816540102148388,8.800223668406634,-0.01275332346406538,-0.31257526673439623,-11.309210139360962,-0.07447028370054147,-1.5070200118637258,1.5685216222682018e-05,-0.10539450557847382,-6.740498905966807,6.385034332251395,52.197334857877664,-5.799083118208752,-1.1643430570747952,-278.78869960529806,-10.612772443531137,0.08499146320227652,0.06690570329481452,0.019620629395369314,-0.00019781639561656755,126.7394528724412,37.4844016726677,21420
100.01767823659851,26.34251508058084,-0.008218076994665051,10.237894994870548,-0.012498526840343652,-0.3086420407770325,-38.767004035546435,-0.07185064294864038,-1.259242533401873,1.814212666798996e-05,-0.10446287344131415,-5.738290283432233,6.319702757261125,53.41235333850945,-6.12401681516138,-1.141930825805366,-278.8131195960955,-10.732659995718937,0.08755941461433954,0.06738669128622046,-0.004290273252859939,-0.00017905603758569806,126.73705790909489,37.484080234448285,21421
105.01716315869136,27.795945323156364,-0.008099844305760336,8.492717443336742,-0.012709745719361301,-0.3141530780758864,-4.516588444810616,-0.07505590731992212,-1.6759309617122957,1.314537788501514e-05,-0.10781979432359623,-7.654416671014496,6.138148057775718,51.33920444066776,-5.751019405675613,-1.1572049359318595,-282.5048324880675,-9.731029229019697,0.08580334928250874,0.06275223000696382,0.03356763544473241,-0.00021402287530311384,126.74284618265462,37.48274526216631,21422
103.46708284929042,27.968939676568432,-0.008136368754293601,9.746198535765258,-0.012442144650883174,-0.3115386780724112,-28.796295878847285,-0.07169567687001531,-1.5118064240761109,1.4432605330643841e-05,-0.10821000429700588,-7.072315997391212,5.950261229477159,52.428136189120366,-6.077390053977752,-1.1298664483579386,-283.8901846294562,-9.41921332162912,0.08869986168950424,0.061817356587081505,0.015068889365522321,-0.0002008767430082449,126.74165449694242,37.48161073619528,21423
91.85831638129697,20.294687007055686,-0.008331862530032739,20.232723449224185,-0.010818006471615725,-0.24822047544251638,-188.66973148725063,-0.08456798656264977,-0.8243714030520582,3.927848557566824e-05,-0.08566916683213348,3.796768683895965,7.371996907599926,52.07849270106573,-7.486934925488753,-1.0869821134943176,-276.95335504509205,-14.090193047914285,0.09493831168540737,0.0725329932533478,-0.12643532045637604,-0.00011239189748189967,126.72237107261779,37.486114291215785,21424
93.76815591310154,22.641806865627576,-0.008381901866474315,15.513788685393134,-0.011783326674426392,-0.28016532661097626,-124.74937805999909,-0.07872763460220165,-0.39679676572680606,3.137640812846251e-05,-0.0907677561631689,-0.5475583575029591,6.98381807591849,53.98024280245057,-6.7456667688152345,-1.128294685823494,-275.79580992941766,-13.720015571815301,0.09303161352259046,0.07232294405597219,-0.08598563516191798,-0.00012284274959407004,126.7269117548157,37.48644460274113,21425
96.1330012481852,24.337308031491688,-0.008305169866839287,11.661191247893033,-0.012405380293136342,-0.30099607624495617,-63.92291993284429,-0.07339699228110275,-0.9051895695974026,2.363644998547805e-05,-0.09890386185521159,-3.6958711282961474,6.753549411415056,54.361085560209446,-6.270684383428095,-1.1495755016743747,-274.29066588791585,-12.343450698648597,0.08731603257715206,0.0726455428023353,-0.03528004257171765,-0.00015101497397200194,126.73217724483142,37.48605426770212,21426
99.99421704790657,25.339168920148136,-0.008221704392669853,8.821691449114269,-0.012872692111648069,-0.3109280997485232,-12.056432899010717,-0.07526199673063076,-1.3884584519919685,1.8233618944746756e-05,-0.10234225036735162,-5.862620836939474,6.731214925902735,52.73767903749368,-5.745192855060191,-1.1814540775352946,-274.40671467984095,-11.711881954935736,0.08308214832713881,0.0716838103992512,0.009302002293840823,-0.0001841307831706782,126.7365898540276,37.48621821910901,21427
95.15114321964667,20.96094653466993,-0.008534963329740382,24.686843230356512,-0.009585189262629279,-0.22167943739360974,-260.5995714612534,-0.10137047335613196,0.001482141706383173,4.600548239853272e-05,-0.07684247958104336,6.576658450938772,6.733139610993057,46.92810018267059,-8.618533981051343,-1.0086451322177057,-281.8157661139615,-13.932426473878605,0.11770422671549816,0.06765210044994155,-0.21009894032775514,-8.99597361408686e-05,126.717177750415,37.48376835344411,21428
93.13440127736996,22.193395019720345,-0.008501222818093478,22.886788252973087,-0.0099883212066714,-0.23571537394634604,-229.592516553048,-0.08885365228724425,-0.1318012073724934,4.084335724102681e-05,-0.08378164681132903,4.479078878744638,6.247699659368728,50.86501173405464,-8.304505419064556,-1.0182697922018273,-284.9971557882858,-12.884918607712015,0.1154736472422988,0.06508762610265913,-0.18172160961569725,-9.371481838592678e-05,126.72024756764228,37.48294006904674,21429
91.37997881517359,22.30673001659955,-0.00840076052064975,21.009605848723655,-0.01044553258388683,-0.2482654286752112,-199.4229621362516,-0.07935666160179272,-0.5680285141419725,3.733243047312357e-05,-0.08976036299041519,3.169533821023353,6.382486249207669,53.4675540503165,-7.961221893338395,-1.0393554425806395,-283.3321733225538,-12.41431304050521,0.10580765733886967,0.06685391254071399,-0.1467431030998547,-0.00010311574323701871,126.72278842554158,37.48324345251364,21430
93.23011360711291,24.664577718653987,-0.00842192875966418,18.202636839998902,-0.011006514072186372,-0.26951797365740726,-164.35312185208224,-0.0734752532702584,-0.1320474909114778,3.138951355577858e-05,-0.09396389223210007,-0.20231253805569668,5.89702189019266,54.8499962217365,-7.558187144037895,-1.0512473922129286,-284.7125268455109,-11.794102718485412,0.10696422295855817,0.0640597654514778,-0.12191033351335583,-0.0001096129276285167,126.72638403027585,37.48279103909148,21431
93.85499587619574,21.972358871914718,-0.008648082579886163,26.246963730807966,-0.0089956479257219,-0.2155788609911505,-281.627081304828,-0.10216680721008883,0.1750449256564989,4.6817879096083745e-05,-0.07875345811979259,7.4646786093375646,6.046192093319219,47.30726109397182,-9.441313430734699,-0.961341510256057,-284.82803073190405,-12.551980581672415,0.13013407402682814,0.06566200370194061,-0.2456632132077017,-8.063985313666061e-05,126.7148430739005,37.48080919841136,21432
96.64509400079511,22.04566604107914,-0.008672923134544446,28.28951604353285,-0.008430069204684571,-0.20399669294597483,-322.3744250258514,-0.12373480937014662,0.38090044398169143,5.2081110326473534e-05,-0.0722802806036033,10.110768869412597,7.169540162471051,41.24855175354288,-10.457329051296227,-0.9337346058907539,-278.5716983555203,-13.57554108828006,0.13085445797536474,0.07434230286520419,-0.2868416006656337,-8.887671319484081e-05,126.70758047376522,37.48169871570618,21433
95.24922264462586,23.10551928713199,-0.008826056993129675,28.911339235137316,-0.008062274699418509,-0.20737827518596497,-330.01203685537183,-0.1261123431497634,0.6864711220188338,5.1032655903425576e-05,-0.07422770018781608,10.339323345781361,6.494752069069899,42.45792962716825,-11.043681296892736,-0.9066720860263225,-281.57591578511864,-12.272501757788904,0.1439285880689293,0.07281429252162641,-0.31226977501469855,-8.319468096029009e-05,126.70501865787928,37.478362591715,21434
94.07219171750242,22.650875298009847,-0.008796648386557549,28.295782931079312,-0.008264378879826565,-0.20858727628601045,-316.1092524661745,-0.11563208760189778,0.5150607274376117,4.984882668364117e-05,-0.07665895559892504,9.517221577155397,6.0755170093102695,44.74825579889473,-10.616714145190532,-0.917078623195989,-283.56060834731403,-11.939408619929496,0.14202434986157186,0.06901623647982534,-0.29523540316854074,-7.822840017875348e-05,126.7085079976983,37.47817386366074,21435
92.34578238313956,23.531911944331036,-0.008922353847635517,28.666280976869608,-0.008001667791983386,-0.2101750765964523,-318.8947715904826,-0.1130615720322109,0.7209049997580969,4.8796768713881454e-05,-0.07926103884918924,9.445725152459584,5.39975743417226,46.54789405787813,-11.024856807831933,-0.8959495826426745,-286.6979641110923,-10.750579645682922,0.15305618361331233,0.06654727941962418,-0.3102554999668728,-7.318777039784667e-05,126.70721419994298,37.47468659381059,21436
92.44742927456025,23.990266524102932,-0.008998653387479788,29.21185705456315,-0.007764546070305211,-0.21071412726416264,-329.2336498159941,-0.11970260984770378,0.925346899364065,4.925754337739537e-05,-0.07841257732803522,10.04393781842851,5.429976018402136,45.7085291767681,-11.459384788492713,-0.8830853925906147,-286.26797592881235,-10.523000036849963,0.15875490017730057,0.06825673174843953,-0.3276858286871187,-7.45610351512587e-05,126.70397172235378,37.47318102192242,21437
91.06669713548068,24.121262501086697,-0.00900657372119705,28.85566200321958,-0.00784314490546321,-0.21099010487892925,-319.7273412500206,-0.11027799378483844,0.8502882581142576,4.804613494851456e-05,-0.08118345998875019,9.323775762714588,4.936448456625197,47.931517019123795,-11.274048258407111,-0.8829106680488159,-288.86276116241856,-9.957520763478813,0.16050136813706492,0.06468780773744241,-0.3182130651084146,-7.026816738010672e-05,126.70643758842904,37.47198263683672,21438
90.37367582680552,24.542558518438327,-0.009079024438704028,29.13144098334695,-0.007681055247894788,-0.21149713211721025,-323.5252598582664,-0.11077337473066333,0.9855337666496122,4.785435047949e-05,-0.0819211189628625,9.468828490069642,4.70256294437955,48.427564510200106,-11.547249226235131,-0.8723116845956748,-289.7919404652837,-9.466013472960357,0.16643883023018544,0.064243224975046,-0.32775634956167704,-6.933384164771589e-05,126.70483955450528,37.469765617336265,21439
98.40063238557498,22.498090136101535,-0.00860073905070766,28.43814044151557,-0.008468568429342585,-0.19883174416089242,-330.242342801546,-0.13036975697842254,0.3492847314861667,5.360252835312612e-05,-0.06949610585348472,10.544079107154628,8.033537117395575,38.47523162613539,-10.549174435135063,-0.9363468602240994,-275.5097881438997,-14.746014817413931,0.12506129551745127,0.0790721835047117,-0.2844431172546485,-9.969195195615983e-05,126.70578803824107,37.48380875851737,21440
97.39761729592477,23.727541001797892,-0.008760842555693284,29.10921145443732,-0.008072286193467238,-0.20431762174415402,-339.7006950507964,-0.13668355778290953,0.7182020290950359,5.229629885110175e-05,-0.07085710846304329,10.874737037781134,7.396361294646048,39.228096127210655,-11.199814324181746,-0.9079334662818174,-278.3941306865079,-13.45890590910378,0.13885106262147906,0.0784016414851383,-0.3149533209079525,-9.455929609700384e-05,126.70250507865805,37.48083151256389,21441
97.60130287521895,25.30180364595205,-0.00884286671624885,29.56205414611428,-0.00781618234521045,-0.2071243006727841,-349.82518436700525,-0.14669465059905687,1.0125131135452083,5.161026265179088e-05,-0.070353120729569,11.253561434449544,7.4547982383954565,38.27933347979513,-11.74305554223493,-0.8893725449743372,-279.08497173205603,-13.2231882368661,0.1467049024296104,0.08125048707594072,-0.3355855785488009,-9.926898559897311e-05,126.6982352937803,37.479768325338654,21442
96.03542495856865,24.837214153737825,-0.008936131453533742,29.691450705148547,-0.007692236431018179,-0.21022413135168164,-347.4947273507866,-0.14187896430215713,1.0999924781432688,5.090725142704092e-05,-0.07238421852541907,11.152683908403494,6.747409139360939,40.355961563620276,-11.833621903580225,-0.8829948135560314,-281.1480507978606,-12.15060343124022,0.15355048841925878,0.07757922048586652,-0.3426065817862083,-9.070232270103922e-05,126.69854068956828,37.47697521518513,21443
94.75701868077135,23.927238412587904,-0.008927962480486766,29.384259448846528,-0.007803821846761445,-0.20953062078939216,-337.82904572689284,-0.130935980496493,0.9321063460648046,5.062907354971175e-05,-0.07457907181226393,10.671699769004034,6.265798875337266,42.50533497158073,-11.508173743253161,-0.8896229664800326,-282.6309115917509,-11.664326088953494,0.15240054658166208,0.07333742365001604,-0.33081004065984887,-8.287164690678269e-05,126.70202619501492,37.47620631922906,21444
93.04600418707079,24.278850373470267,-0.009026874551660832,29.520172212249047,-0.00764766960589442,-0.2114049407112111,-336.5149118260858,-0.12638388247075658,1.0531624775701156,4.966264911374902e-05,-0.07705487441165233,10.485955073323295,5.6358650708221205,44.52863509720142,-11.709560748593853,-0.877875380102225,-285.2549363160654,-10.652576141493142,0.1606872187687418,0.07044576863578048,-0.338090322816695,-7.756467134517211e-05,126.70153094779319,37.47301138641921,21445
91.08651929216305,24.675553788350555,-0.009116030467889374,29.539505049936164,-0.007532465869297334,-0.2122788500383353,-332.7947454000696,-0.11897270609993832,1.131186546598687,4.857963879218688e-05,-0.08010552574241349,10.108503389291833,4.960454851625318,46.96364566713809,-11.8415142359986,-0.8672196174733539,-288.2638154729878,-9.631542412721235,0.16853643222054804,0.06688840565405924,-0.34071381439353393,-7.235448133076075e-05,126.70174218856947,37.469454654473004,21446
98.93243848671422,27.75966495943008,-0.008785180370665615,29.553944818968798,-0.007798193916393682,-0.20444480612853394,-356.61999229796845,-0.1568007551431102,1.0817230479648805,5.1403674072627986e-05,-0.06888224551567168,11.376503650228086,8.299710340384886,35.873301849996174,-11.990781227671027,-0.8816635226317281,-278.37128011951955,-14.323018325858442,0.1449581828166954,0.08746501120431514,-0.3370316232346437,-0.00011391706993513246,126.69483404621613,37.48204593719541,21447
96.99181150597374,27.539659407461066,-0.009016874968733705,30.1462935310285,-0.007399184720717665,-0.21540153697601724,-361.68273422676464,-0.16071193836677578,1.5305073155952678,4.9611593965877794e-05,-0.07057526278917421,11.668785050671667,7.179538461187784,38.142809535311706,-12.56258188012912,-0.8623885896380838,-281.2676845837708,-12.358132995490172,0.1629566726930082,0.08404148954526468,-0.3685021146373888,-0.00010394497963460183,126.69062932404566,37.47635873189149,21448
95.94961843770479,27.61780615636179,-0.00912053031171518,30.379833100803076,-0.007224705796809502,-0.21931333890922575,-363.6267456767643,-0.1614676810254586,1.7201011120016994,4.886584191041743e-05,-0.07155568895802136,11.765243045676673,6.725213220947882,39.25365121230929,-12.822014402845582,-0.8536987280947913,-282.58720380803834,-11.543825247616017,0.17112338264192695,0.08265717923863437,-0.38034786228909756,-0.00010079576672609147,126.68816734269693,37.47328903992396,21449
95.38153998630207,25.918291527185975,-0.009060982048315408,30.10590885670593,-0.007416024785437466,-0.2148623264085038,-354.7728150183403,-0.14864259095498564,1.419131246850003,4.989427759230259e-05,-0.07278808566223312,11.436436501945076,6.476575476384462,40.592921080670884,-12.349277217658026,-0.8660148016239482,-282.5092348858385,-11.451560798381255,0.16430508060299678,0.07847278297859725,-0.3630654123862724,-9.196949123591166e-05,126.6940311275361,37.474062581305255,21450
95.2387165651447,25.245865299636588,-0.009019724938829654,29.91795659595446,-0.007529464788770178,-0.21284432258218378,-350.1150887770913,-0.14316669714552682,1.2657665805206146,5.027078342115672e-05,-0.07325339128053225,11.241493920426398,6.423144895488676,41.0957005850049,-12.098467190039633,-0.8729637846326058,-282.4207206186035,-11.525471293593009,0.16043045226998187,0.07689802974795779,-0.3535478575812041,-8.891731418540475e-05,126.69664142405678,37.4747875190257,21451
93.0949920153073,24.73376294075809,-0.009079543297392731,29.794583998128896,-0.007507708155863838,-0.21286312898306387,-342.16666313555885,-0.1311997655466324,1.208494612818027,4.959440174775374e-05,-0.07658850489178896,10.776213493519075,5.647983966640719,44.0745314881018,-11.986788549152692,-0.870121164003233,-285.18549951013654,-10.494760212189759,0.16491356073462854,0.0716705932340972,-0.34889602718002016,-7.939089356730152e-05,126.69904100534173,37.471885756985365,21452
92.69931400582281,25.04749039918853,-0.009130256637430365,29.951936784153173,-0.007403272286158805,-0.21408164999700932,-344.5616674867596,-0.13250673057581722,1.3167881575742677,4.931818206357028e-05,-0.0769359651902771,10.871336270774671,5.51082908071879,44.340694627536976,-12.171375512738182,-0.8638312711948346,-285.74074683135814,-10.18567594463124,0.1690721567808599,0.07162923547264312,-0.3556698692024089,-7.93541357187543e-05,126.69750605651875,37.47039123769449,21453
92.60435974711584,25.324945037907213,-0.009165445194958556,30.087919217893823,-0.0073226463721363586,-0.21519974388510854,-347.2530719901174,-0.13486993911174625,1.4109779720012292,4.9160336610833334e-05,-0.07684288463914327,10.99992652639031,5.4794054012092355,44.25063174206849,-12.328038339916475,-0.8593869295389681,-285.8698283632334,-10.042598624971268,0.17196583540299354,0.07213383068564755,-0.36159508980803723,-8.029137701237765e-05,126.69593885139915,37.46944290368492,21454
94.27625355090989,26.087249740967447,-0.009148566685495175,30.2809107938858,-0.007270580914031535,-0.2171774293055966,-355.6906924050546,-0.1475423131110819,1.5571527511224699,4.9293766712991636e-05,-0.07405771754817188,11.454874328668266,6.063596332137026,41.78046143025151,-12.558822606092226,-0.8577255264033422,-283.92667484482746,-10.730739731361075,0.17125099611709707,0.07694612989481821,-0.37137480692500935,-8.9019142968065e-05,126.69237158317031,37.471207649397485,21455
89.66857830084383,26.07969936161694,-0.00856522090651649,22.47102218849884,-0.00975284738792373,-0.24472278483894172,-217.57264374682072,-0.06736419444771197,-0.03816315877581408,3.4251324570071186e-05,-0.09693285361561117,1.8552585416482519,4.530922155124669,56.47441702085213,-8.939884619323408,-0.9547706427159142,-294.7157659657682,-9.336174168954386,0.12857576264169374,0.056458598469971207,-0.18440117306722487,-8.711641897869e-05,126.72368665566553,37.47607395902775,21456
108.86124238832215,29.670972938869134,-0.007999038916277682,8.686634558205492,-0.012491672639806871,-0.3147945207053694,-6.623248320941573,-0.07528842502098493,-1.8967470703964726,9.759910618797753e-06,-0.11160673777613994,-8.817404946691052,5.670715037699057,50.32910483633612,-5.812556059647256,-1.1335519949930486,-289.48535531990683,-8.18078356650492,0.08825471072675611,0.055282758537588704,0.04672113896073094,-0.00023470955341213932,126.74937733841922,37.47854565188116,21457
95.02371553450897,25.532948498707736,-0.008327863061653232,14.522764429907886,-0.011711579021436026,-0.29102713776922046,-110.67527911229233,-0.06860780476438007,-0.6065432569761575,2.5128415199198452e-05,-0.10054048890303609,-2.8606222738903195,6.053889999700903,55.4061202455563,-6.97842086144368,-1.0848348989846999,-281.1543480378325,-11.098116720123556,0.0967968169606182,0.0663464550914618,-0.06988841401205302,-0.00013459907054000364,126.73115394555708,37.483104761541625,21458
101.18743423391594,29.956353564386227,-0.008189866170535583,13.321117255181738,-0.011517588741501364,-0.30137473378664603,-89.2445460639093,-0.060927678362257986,-1.2604008461354064,1.5513992753837147e-05,-0.1123034348578694,-6.37106018431887,4.910763657444636,54.87335245721345,-7.098093176454282,-1.0363640173050293,-293.3824800766251,-7.251417879587765,0.10034304427258202,0.05365198114049704,-0.03021971840059693,-0.0001780233222298772,126.74291421944027,37.474121003386045,21459
