intercept,BAS_AR,도로길이고려_전체통합도,도로길이고려_국부통합도_R3,기초구역평균_전체통합도,기초구역평균_국부통합도_R3,도로율,평균 도로 길이,아파트시세변화_차분평균,평균최근접역거리,평균최근접정류장거리,건물노후도,공동주택 연면적 비율,근린생활시설 연면적 비율,단독주택 연면적 비율,아파트 가구수,외식업매출월평균변화량,서비스업매출월평균변화량,소매업매출월평균변화량,외식업매출비율,서비스업매출비율,소매업매출비율,외식업종다양성,서비스업종다양성,소매업종다양성,상가밀도,주중 / 주말 비율,06 to 18 / 18 to 06,개별공시지가 변화 차분평균,점포밀도,(주거인구+직장인구)/유동인구,주거인구/직장인구,x,y,BAS_ID
123.3010157,15.03786203,-0.005242397,0.001896713,-98.91939696,-20.20492683,-0.013439482,-0.005988347,-0.005701505,5.650560227,-204.774252,0.113119097,0.430243128,0.221357528,0.53427266,-0.001840486,231.6684318,2.775667676,-364.1912083,0.750141415,19.6432413,-3.720634902,-25.25245586,8.635520324,-21.25395748,0.002787849,-13.79170118,18.9135894,6.91E-06,-0.000313249,11.50557749,-0.102950032,126.6891349,37.51870774,21300
111.2803992,16.46755497,0.001743567,0.00102464,-90.76462702,-18.93859374,0.01997943,-0.013841939,-0.006179185,6.030245562,-205.3783266,0.107148768,0.469873364,0.300298077,0.540974138,-0.00217612,238.4545943,-19.50860605,-344.1860002,4.680243952,28.25002531,3.222446698,-21.45269231,8.715444139,-22.88511141,0.00229561,-12.67771029,19.69330515,5.41E-06,-0.000333824,12.13623602,-0.105847885,126.6954588,37.52241686,21301
103.4965869,17.2582584,0.008574115,0.00024761,-99.00629856,-17.07210358,0.045627864,-0.018868864,-0.006442304,6.303982336,-201.8274716,0.104057572,0.49177519,0.348713749,0.54348422,-0.002271165,238.7577702,-32.59219731,-322.0814765,6.663830913,33.48757899,7.343546365,-19.14282299,8.727532277,-23.82607026,0.001927086,-11.79095755,20.06627892,5.27E-06,-0.000341454,12.20425756,-0.107041107,126.7013417,37.52233878,21302
110.4468443,15.36455105,0.002719816,0.000949377,-98.3081017,-17.71858284,0.006827227,-0.013081222,-0.006169668,6.013782367,-201.4396203,0.107351436,0.46574313,0.299056387,0.54056123,-0.002015934,231.9144319,-18.71095002,-326.1767958,3.870833661,27.37429377,3.016148143,-21.81381143,8.705681908,-22.70116515,0.002226198,-12.09461623,19.47162912,7.30E-06,-0.000329005,11.74552483,-0.10548825,126.6987298,37.51898141,21303
103.1960255,16.27081105,0.009409676,0.000192943,-107.5397827,-15.82137241,0.032624993,-0.01789145,-0.006421964,6.267087661,-198.3622416,0.104479216,0.486761986,0.34441353,0.542589628,-0.00211772,232.7773594,-30.99458375,-306.6558545,5.742490778,32.3440325,6.868489293,-19.63177092,8.716053567,-23.5998328,0.001888374,-11.32509428,19.84049334,7.01E-06,-0.000336415,11.84245014,-0.106630773,126.7034188,37.519319,21304
108.0446243,13.96202974,0.005160081,0.000722163,-109.6449387,-15.74071174,-0.007071079,-0.01272886,-0.006201528,6.036375389,-195.4546213,0.107065237,0.463884703,0.305421972,0.540524293,-0.001812011,223.0366312,-19.76147945,-297.3217121,3.121197758,27.07710119,3.471495313,-21.97281423,8.700056384,-22.62221951,0.0020725,-11.18880735,19.23760458,9.94E-06,-0.000323874,11.22432119,-0.105394419,126.7030042,37.5153291,21305
116.8558834,13.76480849,-0.001646812,0.001491723,-101.805891,-18.29319515,-0.02186872,-0.008079564,-0.005897678,5.790716146,-199.2852527,0.110601137,0.441408199,0.254506687,0.537458453,-0.001748068,224.8085291,-6.005047475,-327.6906616,1.377051183,22.11548134,-0.840624581,-24.13534096,8.675842415,-21.72938068,0.002468166,-12.39182041,18.89481425,9.21E-06,-0.000315249,11.19521267,-0.103957424,126.6972055,37.51567899,21306
127.0143935,12.65225292,-0.006742975,0.002143819,-109.6919998,-19.50499718,-0.044469672,-0.001562585,-0.005476135,5.495735706,-198.2592002,0.115595748,0.408703287,0.191284323,0.533565811,-0.001445338,218.5912908,12.47148282,-343.9313408,-1.670843236,15.40960713,-6.446920928,-27.20234416,8.615507412,-20.43342797,0.002830425,-13.6055653,18.40715993,1.06E-05,-0.000299217,10.62157148,-0.101764568,126.6930996,37.51252926,21307
129.5915322,11.32014144,-0.007834925,0.002313502,-113.922803,-19.46403696,-0.06168367,0.001168879,-0.005323286,5.414689039,-194.8076567,0.11683364,0.395708508,0.174028033,0.534040528,-0.001215195,211.5514535,18.3448419,-334.2829016,-2.805887712,13.2053062,-7.860208936,-28.36952188,8.619255104,-20.02757099,0.002864311,-13.66771548,18.15041482,1.27E-05,-0.000292566,10.11649289,-0.101490613,126.6946359,37.50972403,21308
115.2312759,11.08058079,-0.000567305,0.001431509,-110.6199453,-16.51343733,-0.0518647,-0.005970413,-0.005860892,5.781695659,-190.5731447,0.110556708,0.43257414,0.253951943,0.538338735,-0.00139166,210.5717563,-4.605673791,-287.0632062,0.062868675,20.64410648,-0.794800378,-24.96920326,8.690619138,-21.45992297,0.002310143,-11.22494101,18.42434993,1.35E-05,-0.000306119,10.32196101,-0.10406298,126.7025716,37.51088024,21309
94.87531622,18.75753116,0.018966085,-0.000895796,-123.5058305,-13.96400525,0.088111457,-0.024999291,-0.006746799,6.621993285,-195.4754632,0.101296791,0.517167572,0.4030096,0.545469513,-0.002334379,237.6052222,-47.11759147,-292.8537963,8.573872672,39.5804152,11.7402039,-16.4773182,8.708291507,-24.85969321,0.001474692,-10.9598334,20.50493752,5.17E-06,-0.000346601,12.14967661,-0.108070518,126.7080274,37.52140435,21310
99.15222966,16.78356168,0.014190464,-0.0003274,-119.2544065,-14.2071545,0.049003802,-0.02055151,-0.006559481,6.406816764,-195.1636167,0.103189287,0.497684419,0.36881436,0.54317672,-0.0021304,231.7114441,-37.46376287,-291.4735049,6.520897115,34.98120738,8.866909773,-18.48006897,8.711229575,-24.06272514,0.001680493,-10.85738879,20.00145997,7.19E-06,-0.000338336,11.78042046,-0.107106093,126.7064514,37.51875081,21311
101.8241671,14.65016928,0.011900606,-1.54E-05,-124.4206725,-13.38819616,0.014644368,-0.01669305,-0.006417101,6.242358272,-191.4008367,0.104893631,0.480815843,0.342658301,0.541295826,-0.001853006,222.2226632,-29.72876882,-275.700813,4.385658665,31.06213947,6.590866344,-20.2281097,8.70342866,-23.35398346,0.001771715,-10.45986797,19.48820003,1.01E-05,-0.000327769,11.1893528,-0.106261181,126.7069195,37.51509834,21312
108.1422932,11.08333449,0.0054265,0.000772725,-121.2268223,-13.93334734,-0.041826949,-0.009396426,-0.00609892,5.9732316,-186.2951964,0.107935636,0.449217536,0.292592345,0.539637323,-0.001402279,207.7775901,-14.98337761,-258.4000643,1.167663348,24.30368058,2.508740791,-23.4265172,8.702778842,-22.12720744,0.001995195,-10.14652728,18.60738266,1.46E-05,-0.000310853,10.23952928,-0.10518222,126.7065206,37.51059783,21313
89.39068568,20.07614683,0.026422575,-0.001707762,-144.7973218,-12.21208977,0.123825076,-0.029875904,-0.006924741,6.871204892,-186.8446633,0.099936852,0.530936048,0.436737385,0.542170384,-0.002320806,236.5051886,-56.58330795,-273.0745153,10.01524959,44.02292869,14.93220385,-14.7119243,8.689142458,-25.6691241,0.001212887,-9.898479514,20.28484501,4.67E-06,-0.000344621,11.82715153,-0.10873377,126.7131926,37.5203754,21314
85.08797401,18.61930433,0.029282063,-0.001960407,-141.6011391,-14.27221321,0.137447768,-0.033868663,-0.006980906,7.040393375,-173.8804107,0.098022477,0.530650907,0.460958147,0.52644634,-0.002246998,234.9263394,-63.99866123,-275.2582382,12.65581651,48.11694089,18.65758864,-13.37226611,8.695504526,-26.50235176,0.001145718,-7.354805368,19.15839546,2.29E-06,-0.000345834,11.21271893,-0.10968195,126.7189188,37.52020717,21315
83.4230199,14.065242,0.028448589,-0.001743978,-121.967898,-19.04428049,0.126953563,-0.035241875,-0.006967458,6.981549897,-160.8885005,0.095994673,0.517518899,0.475000693,0.501353846,-0.002128018,230.4104255,-68.88282942,-297.3499769,16.06659051,51.58889902,22.37037174,-12.5121991,8.744749536,-27.1363314,0.001173955,-4.708095185,17.87762477,-1.71E-06,-0.00035497,10.52220006,-0.110596938,126.7251233,37.52075628,21316
83.41132339,10.59510402,0.026766162,-0.001486911,-108.7830332,-22.49202343,0.114586374,-0.03516488,-0.006928385,6.829826193,-150.9877076,0.095283755,0.501561309,0.480402507,0.480248426,-0.001975877,225.5805564,-71.28015947,-312.720075,18.45133528,53.94872693,24.9948073,-12.2356035,8.838364233,-27.50034371,0.001190338,-2.999724284,16.74283773,-4.69E-06,-0.000361616,9.888925287,-0.110924552,126.7305337,37.52055708,21317
83.44663916,8.378980471,0.025325768,-0.001304715,-98.94349826,-25.38376388,0.110871299,-0.035333694,-0.006917661,6.666604204,-142.8605972,0.094928122,0.4882843,0.487390258,0.462347943,-0.001852043,222.2182143,-74.42312488,-324.8785012,20.77738325,56.70255821,27.62891058,-11.91565285,8.933126065,-27.84597903,0.001172275,-1.77450586,15.73674116,-7.61E-06,-0.000368632,9.369802342,-0.111189053,126.7361576,37.52074546,21318
83.80686752,6.719481767,0.023445749,-0.00110601,-88.33778599,-28.51044386,0.110578128,-0.035578619,-0.006912461,6.47871172,-135.7247486,0.094674775,0.474564011,0.494936156,0.444583794,-0.001747317,220.4210292,-78.16450337,-338.6577868,23.4153625,59.95704559,30.53971823,-11.5640188,9.031241659,-28.19750966,0.001151944,-0.736866949,14.6977968,-1.09E-05,-0.000377382,8.905863606,-0.111416944,126.7432151,37.52190672,21319
84.79714161,5.166821327,0.021207717,-0.000869264,-83.26712167,-30.26285543,0.102612012,-0.034631603,-0.006850306,6.203648594,-128.6310339,0.09515808,0.456766317,0.495359235,0.428804153,-0.001546133,217.4739056,-79.17602283,-342.1960747,24.89146882,61.71647005,32.43686263,-11.74291622,9.211208647,-28.37982599,0.00112178,0.11032269,13.57366004,-1.30E-05,-0.000380878,8.309589104,-0.11107357,126.7488156,37.52051244,21320
84.70814939,5.611432946,0.022227341,-0.000955397,-90.76710856,-28.02856875,0.096704844,-0.033937935,-0.006821855,6.30411879,-131.6731137,0.095578125,0.462376143,0.487661011,0.43851033,-0.001555,216.5298031,-75.53763061,-330.9243996,22.82126221,59.00659445,30.27180352,-12.16784414,9.187873692,-28.12317094,0.00113761,-0.367624438,14.10333563,-1.04E-05,-0.000372893,8.463837708,-0.110752376,126.7432418,37.51850596,21321
85.77339592,4.073610473,0.018957532,-0.000649784,-77.40246411,-32.24215807,0.099270924,-0.033999252,-0.006807619,5.912436827,-122.5789757,0.095437261,0.440672241,0.498023098,0.414058487,-0.001378091,216.581847,-81.18478758,-347.1753535,26.69818884,64.01188077,34.62431801,-11.7815033,9.378540143,-28.58671349,0.001083161,0.800681521,12.51832212,-1.53E-05,-0.000386207,7.802492056,-0.110805356,126.7556659,37.52007689,21322
84.75865127,7.27625142,0.024642244,-0.001187056,-108.907094,-23.15232583,0.088760206,-0.032679331,-0.006791638,6.529458878,-139.9778676,0.096459848,0.477159496,0.47093376,0.461905101,-0.001617132,216.2349991,-68.27526478,-305.9379386,18.49169247,53.45303592,25.63814823,-13.04471423,9.07783795,-27.52389758,0.001176151,-1.697770845,15.40742128,-4.93E-06,-0.000356596,8.923059135,-0.110234258,126.7338089,37.51608671,21323
85.18808675,5.854347389,0.02304184,-0.001009829,-102.6239574,-24.84961836,0.083874597,-0.032251825,-0.0067507,6.357304862,-134.2092888,0.096618276,0.464800626,0.473403562,0.449300614,-0.001486534,213.8588052,-69.55647919,-311.6215025,19.80800705,55.01119453,27.24473592,-13.02043834,9.210679985,-27.72300635,0.001152901,-0.945538808,14.58416113,-6.72E-06,-0.000359971,8.490755183,-0.110083359,126.7373531,37.51538694,21324
85.62904816,4.714633632,0.021224994,-0.00082815,-94.69482915,-27.0236982,0.082829457,-0.032129588,-0.006725019,6.154659998,-128.6162439,0.096624432,0.452189078,0.478651447,0.435535765,-0.001373104,212.8396069,-72.07779906,-320.2441307,21.68634826,57.39013677,29.42199255,-12.84729785,9.345908897,-27.98298735,0.001120742,-0.210043061,13.686313,-9.22E-06,-0.000366057,8.083897259,-0.109989372,126.742111,37.51527984,21325
86.24490688,3.783132188,0.019128418,-0.000632159,-85.9944622,-29.56118663,0.08417866,-0.032108589,-0.006708177,5.89947815,-123.0361938,0.096543683,0.438487763,0.485413036,0.420574581,-0.001258691,213.0572597,-75.48554184,-330.2257662,24.0159125,60.4159903,32.0726464,-12.60926098,9.488179281,-28.27497929,0.00108041,0.50193358,12.69140424,-1.23E-05,-0.000374151,7.670179056,-0.109909373,126.7485031,37.51560939,21326
86.25153429,4.737287493,0.021872364,-0.000863467,-105.9734877,-24.07300749,0.069730215,-0.030336547,-0.006649689,6.198954513,-130.3767209,0.097771971,0.453452753,0.463987796,0.445120467,-0.001291454,209.6561101,-66.10302802,-301.1230768,18.75953711,53.48453162,26.48911148,-13.70553498,9.378863196,-27.59267585,0.001133541,-0.743181205,14.10596654,-5.67E-06,-0.000352729,8.061144911,-0.109337424,126.737103,37.51270182,21327
86.03704412,5.830640792,0.023424565,-0.001022632,-113.716876,-22.16183168,0.070789671,-0.030376347,-0.006675533,6.363052524,-135.3975457,0.097821684,0.464112824,0.458748997,0.457135242,-0.001386996,210.6318657,-63.90779935,-292.9305497,17.15640667,51.46133638,24.6197562,-13.896524,9.250386493,-27.34572832,0.001163682,-1.428227805,14.87711346,-3.50E-06,-0.000347548,8.412643099,-0.109436807,126.7335752,37.51295517,21328
85.06996089,12.04937409,0.027755338,-0.001593018,-132.2821975,-17.39695214,0.099138511,-0.032352475,-0.00684464,6.816509072,-155.8029225,0.097450333,0.502612848,0.456648198,0.496336001,-0.00185217,222.341229,-62.72376194,-280.049586,14.16618416,48.55287461,20.76495871,-13.73270854,8.849678201,-26.80482272,0.001203738,-4.236853817,17.32191821,6.41E-07,-0.000343665,9.914227834,-0.109831598,126.7248955,37.51642895,21329
84.87880215,9.213534153,0.026189873,-0.001370228,-120.0530099,-20.32806907,0.09071916,-0.032378672,-0.006806845,6.680458302,-147.2125085,0.09688043,0.489171342,0.462806175,0.478399011,-0.00171943,218.5096317,-65.03084845,-292.9122126,16.22103715,50.7158586,23.0823606,-13.42991751,8.964428946,-27.15952595,0.001199679,-2.816608974,16.3413823,-2.00E-06,-0.000349289,9.371742586,-0.110045221,126.729141,37.51599953,21330
86.19477565,7.659164013,0.025292279,-0.001228822,-126.4835354,-19.19468117,0.071765235,-0.03002336,-0.006699065,6.536569007,-142.6628356,0.098241011,0.477026695,0.449304214,0.47428138,-0.001491605,212.2081008,-60.34912655,-278.5051622,14.73581105,48.47716368,21.87860364,-14.33063052,9.100123921,-26.9416288,0.001196814,-2.5489267,15.88258702,-2.79E-07,-0.000339411,8.865846323,-0.109363614,126.7289697,37.51302316,21331
87.19577635,9.891383355,0.026426051,-0.001381065,-140.9023469,-15.92141805,0.070510604,-0.028960577,-0.006698079,6.650832451,-150.7210943,0.099241743,0.486763414,0.435493174,0.492068586,-0.001565109,213.8829494,-55.71918272,-261.2839929,12.01526317,45.1065577,18.82848019,-15.06553762,8.977459588,-26.41936098,0.001233032,-3.929288913,16.79930007,3.24E-06,-0.000330173,9.286713334,-0.108973904,126.7245615,37.51284889,21332
86.64065476,12.36261434,0.027820798,-0.001591918,-145.7834692,-14.77696636,0.086070877,-0.030139152,-0.006778632,6.764596067,-157.1837635,0.099015874,0.499178805,0.439781316,0.502922691,-0.001733849,218.8823258,-57.16941404,-260.6393523,11.74315498,45.34252526,18.37718431,-14.77961083,8.86778391,-26.35706205,0.00121931,-4.852330326,17.47951518,3.67E-06,-0.000332501,9.793031711,-0.109152905,126.7227241,37.51429492,21333
92.91728701,15.27591296,0.025654239,-0.001436286,-172.066329,-8.722043411,0.057550036,-0.023318418,-0.006673114,6.58718906,-172.8410803,0.10323395,0.497292705,0.391641597,0.531775104,-0.001660527,215.2970823,-42.82845963,-225.5693482,5.694971865,36.99752639,11.38669138,-17.77256436,8.753888601,-24.70982392,0.001308281,-8.30597603,18.84700265,1.11E-05,-0.00031571,10.25516644,-0.107413094,126.7152209,37.51234927,21334
89.51655505,8.881430325,0.025843418,-0.001277706,-154.7058215,-13.51238215,0.048685083,-0.025537358,-0.00657938,6.540878232,-148.5692399,0.101409506,0.476952741,0.412434619,0.495036249,-0.001333492,206.5535673,-48.26844698,-236.2357361,9.179030788,41.08440804,16.10647997,-16.46356684,9.05272434,-25.9007172,0.001246686,-4.295364487,16.69968111,6.82E-06,-0.00031392,8.864680498,-0.108184514,126.7231238,37.51022634,21335
87.72744685,6.228834007,0.02431288,-0.001084989,-133.2648879,-17.91490192,0.053494509,-0.027457394,-0.006583406,6.403824552,-138.5972834,0.099819362,0.465603566,0.434229539,0.471865689,-0.001269069,206.0684138,-55.15355564,-262.3403507,12.96921504,45.89522967,20.34316051,-15.28558022,9.243690934,-26.68033457,0.001190277,-2.469503764,15.519586,1.76E-06,-0.000327751,8.390834634,-0.108627854,126.7285193,37.51048242,21336
89.27023021,4.477417073,0.022898307,-0.000899144,-136.9778143,-17.24269682,0.036555661,-0.024914993,-0.006457106,6.240143205,-133.0733889,0.101443586,0.452064949,0.421103355,0.466744287,-0.001030017,199.9397717,-50.61290828,-248.5683691,11.58561968,43.83816399,19.24300207,-16.12491198,9.440501996,-26.5046202,0.001165881,-2.270872718,15.00046323,3.19E-06,-0.000316604,7.841164514,-0.107862251,126.7288741,37.50824363,21337
91.13623104,6.720981138,0.024916893,-0.001121116,-160.6603008,-12.79943597,0.03023926,-0.022811947,-0.006461311,6.401230226,-142.1928641,0.103044758,0.463988684,0.397610593,0.4899339,-0.001079316,198.7040231,-43.3606037,-219.4437596,7.663639717,38.77811073,14.86481266,-17.36744716,9.206263553,-25.69397436,0.001228213,-4.030508546,16.2327911,8.67E-06,-0.000301141,8.26354002,-0.107679396,126.7236745,37.50808789,21338
87.1131544,4.920859573,0.022671206,-0.000918237,-118.855324,-21.02679232,0.057547397,-0.028468703,-0.006584333,6.257954214,-132.689712,0.099027431,0.455801322,0.447765373,0.456011586,-0.001221528,206.5078616,-59.93918921,-280.4521269,15.72596509,49.44360693,23.38394017,-14.61121522,9.376908801,-27.15093317,0.001152568,-1.422406356,14.6213507,-1.91E-06,-0.000338615,8.075437437,-0.108784499,126.7328161,37.51084224,21339
87.73027311,3.869424107,0.021343576,-0.000771625,-116.3728086,-21.58739113,0.051016722,-0.027520391,-0.006520871,6.105988356,-128.4400478,0.099607545,0.44555775,0.445876762,0.448617887,-0.001085731,204.2305736,-59.31796932,-279.2901245,15.93875182,49.6399032,23.85770219,-14.82614582,9.531324482,-27.20977625,0.001123152,-1.045066502,14.04855347,-2.43E-06,-0.000337071,7.710533782,-0.108349523,126.734332,37.50968151,21340
87.49045467,3.296555371,0.019798991,-0.000636606,-104.7604344,-24.35436891,0.057440231,-0.02844674,-0.006536926,5.93716746,-124.3807006,0.098916395,0.437042707,0.458172441,0.43541289,-0.001058018,206.0712377,-64.11895985,-295.2235898,18.60445435,53.17336327,26.7604785,-14.23580745,9.631922843,-27.59719745,0.001086795,-0.312819936,13.253782,-5.89E-06,-0.000348358,7.484887527,-0.108468396,126.7388323,37.5103088,21341
87.05341877,3.352192809,0.019245716,-0.000604896,-96.58365623,-26.50768334,0.066792215,-0.029752784,-0.006591692,5.882579204,-123.1749813,0.098024025,0.435506965,0.469223258,0.428043744,-0.001111288,208.6826768,-68.62387074,-309.285651,20.8328224,56.14969421,29.01921394,-13.6197883,9.612423059,-27.88684583,0.001076651,0.09628892,12.90047392,-8.58E-06,-0.000358858,7.491631721,-0.108909337,126.7424846,37.511824,21342
89.1040186,1.955439547,0.017685011,-0.00040642,-106.15233,-23.87044633,0.04293389,-0.025907683,-0.006393568,5.649748254,-118.8476222,0.100518894,0.420470122,0.448397277,0.428769042,-0.000796793,202.6795418,-60.50140242,-283.6515378,17.57941248,51.78285772,26.17750571,-14.99320657,9.937712962,-27.48787441,0.001026208,-0.159818402,12.50863468,-5.19E-06,-0.000339348,6.899335374,-0.107241939,126.7393891,37.50756649,21343
88.99319318,2.835064148,0.020276838,-0.000639595,-120.611582,-20.58819109,0.038105126,-0.025395276,-0.006413558,5.968209927,-124.9905374,0.101034694,0.435678427,0.434682761,0.446756339,-0.000900204,200.2378674,-55.25028261,-266.4016542,14.47859595,47.6298217,22.6308906,-15.55041656,9.709393873,-27.02665412,0.001095503,-1.074632119,13.7204855,-9.40E-07,-0.000326962,7.322534093,-0.107548933,126.7338759,37.50772955,21344
90.73287991,0.912244446,0.01630965,-0.000247078,-111.3067613,-22.45819292,0.028424933,-0.023206414,-0.006251808,5.451587992,-115.1419344,0.102358192,0.408864966,0.434921199,0.428088845,-0.000574614,199.4344217,-55.36669322,-267.338667,15.54960512,49.11055646,24.44841173,-15.87028749,10.20112148,-27.24206424,0.000975118,-0.367351811,12.15774789,-3.25E-06,-0.000325664,6.459891602,-0.106006018,126.7382994,37.50524248,21345
91.05350849,0.656328815,0.014740984,-0.000111488,-103.9638063,-24.19722888,0.031484703,-0.023329541,-0.006238656,5.218263707,-112.3369294,0.10202529,0.400087478,0.442334994,0.418911885,-0.000511185,202.2855456,-58.30542137,-275.931304,17.24757805,51.42264968,26.41018819,-15.60438901,10.34178454,-27.46311833,0.00092959,0.014841279,11.48117226,-5.59E-06,-0.000332664,6.233782581,-0.105688692,126.7413602,37.50501277,21346
93.8850633,-0.65027674,0.011679053,0.000198274,-106.2467688,-23.40067318,0.016119354,-0.019537456,-0.006027013,4.714458553,-106.1439674,0.104321688,0.379168422,0.429364528,0.414096106,-0.000177191,203.7895654,-53.28892272,-259.4755914,15.3671255,49.13489325,25.11945352,-16.59826759,10.84943574,-27.21973779,0.000805659,-0.288371396,10.61440237,-4.42E-06,-0.00031677,5.532605528,-0.103400823,126.7416414,37.50199786,21347
93.50834392,-0.652168329,0.01362349,3.74E-05,-116.0107305,-21.08593584,0.010339151,-0.019150557,-0.006029093,5.047480906,-108.592302,0.105152155,0.388941655,0.417796182,0.424823603,-0.000233478,197.7178362,-48.85033908,-246.7089112,12.98961515,45.87761669,22.41332949,-17.02548728,10.68457035,-26.93575974,0.000864047,-0.709924256,11.43370657,-1.22E-06,-0.000305813,5.754332964,-0.103843183,126.7380193,37.50225175,21348
97.52941578,-2.348983968,0.010195622,0.000385376,-122.5025466,-19.44160042,-0.008373202,-0.013915537,-0.005741018,4.477019496,-100.8437434,0.108856284,0.365667047,0.396588999,0.42360733,0.000164229,201.1748328,-40.6957194,-221.8918861,9.372099614,41.48600234,19.41607113,-18.41250649,11.34611737,-26.46440483,0.000696602,-1.474968479,10.62756751,1.49E-06,-0.000276904,4.947578701,-0.100656014,126.7377303,37.49913639,21349
97.78919209,-1.941320057,0.008291865,0.000535333,-111.5002445,-22.11771812,0.000110909,-0.014766396,-0.005768067,4.093124996,-99.84571812,0.107243208,0.357703088,0.412115983,0.413183588,0.000185068,210.6227068,-46.52454749,-238.5074128,12.32866612,45.4994454,22.69870115,-17.82261596,11.47082623,-26.78366516,0.000644996,-1.046200913,9.824147446,-2.27E-06,-0.000292445,4.804351165,-0.100294287,126.7412584,37.49897506,21350
90.74328904,1.41773576,0.018587391,-0.000444354,-124.4803205,-19.62013329,0.022866723,-0.022601823,-0.006265415,5.753298366,-119.8055982,0.102989883,0.421500059,0.421311533,0.443136702,-0.000651096,195.7903513,-50.38182529,-251.0156282,12.76616079,45.32312243,21.25685015,-16.42207418,9.988540151,-26.82825848,0.001042165,-1.11739926,13.20303784,6.26E-07,-0.000313749,6.785783695,-0.106392247,126.7338416,37.50545989,21351
93.72878855,-0.606509683,0.01606798,-0.00016089,-131.3611568,-17.92653144,0.001578534,-0.018082388,-0.00602532,5.418786994,-112.1561005,0.106359891,0.400991519,0.399490326,0.44016659,-0.000281921,190.6313038,-42.39848835,-225.6770511,9.664704272,41.28958714,18.62627419,-17.77311037,10.45748802,-26.46467696,0.00094097,-1.471530345,12.54011938,3.40E-06,-0.000289718,6.017389388,-0.104391723,126.7335503,37.50247742,21352
97.93264358,-2.922460063,0.012891544,0.000180105,-140.3599078,-15.84038051,-0.020807155,-0.012257259,-0.005708527,4.962570773,-102.6876842,0.111040415,0.376692356,0.372174962,0.43924102,0.000151462,188.6467151,-32.28577227,-194.4180961,5.298541121,35.83688763,14.79918587,-19.39357458,11.11674842,-25.93993174,0.000779708,-2.262480707,11.81484113,7.03E-06,-0.000254624,5.139320536,-0.101426083,126.7332556,37.49941079,21353
93.5808232,4.820633219,0.023748354,-0.000946756,-169.3567731,-11.50364607,0.009540421,-0.019217003,-0.006317927,6.274667219,-137.1804885,0.105308296,0.451378823,0.376445186,0.489100266,-0.000816458,190.3754973,-36.5311042,-196.4719832,5.311283105,35.32961416,12.65384592,-18.61087561,9.351860155,-25.30484509,0.001216642,-4.205724487,15.95825621,1.16E-05,-0.000283938,7.705172379,-0.107055746,126.7233572,37.5061012,21354
91.60803789,2.621944233,0.021438745,-0.000704327,-145.1919014,-15.6810747,0.015857645,-0.021278774,-0.006289827,6.069384907,-127.4436379,0.103952452,0.437587273,0.40044619,0.465037085,-0.00074189,192.3564462,-43.53612833,-225.5640481,9.026150578,40.2549759,16.93969444,-17.35495874,9.67832812,-26.15187908,0.001131884,-2.440376586,14.61486526,6.02E-06,-0.000298054,7.235928336,-0.106825842,126.7283918,37.50578151,21355
95.19430183,-0.144215956,0.01909427,-0.000409553,-155.1004866,-13.82530247,-0.010440176,-0.015936271,-0.006030249,5.808654001,-118.4088708,0.107928715,0.416163467,0.371721604,0.462468328,-0.000329786,182.5977218,-33.63967464,-193.1188453,5.356947165,35.25247686,13.62687784,-19.0180228,10.09406067,-25.68732116,0.001051689,-2.831314826,14.0446304,9.83E-06,-0.00026898,6.366611785,-0.105219828,126.7281668,37.50283688,21356
96.89197903,1.385303695,0.021408946,-0.000627917,-175.3635795,-10.73942743,-0.017197352,-0.014243642,-0.006079515,6.061027656,-127.009136,0.108621747,0.430041214,0.350845182,0.483295145,-0.000415348,178.8585575,-27.90416974,-168.2053315,2.541838876,31.25017268,10.18046895,-20.09649544,9.689819704,-24.9582043,0.001158797,-4.225396224,15.31991207,1.48E-05,-0.000258967,6.792535732,-0.106105756,126.7240006,37.50352189,21357
99.24477399,0.486019604,0.020845666,-0.000536069,-184.3126587,-9.475307731,-0.031495198,-0.011147561,-0.005976975,6.031529002,-125.583481,0.110441493,0.424192505,0.33215001,0.488510069,-0.0002546,172.7449458,-22.05086914,-146.098798,0.384719853,28.13452078,7.948520717,-21.2153891,9.720204909,-24.53487523,0.00115987,-4.822416246,15.44526956,1.79E-05,-0.00024447,6.525300377,-0.10600889,126.7229469,37.50268174,21358
103.9678931,-3.836260651,0.017637958,-0.000115026,-189.6477887,-8.880203785,-0.061830136,-0.004369487,-0.005615156,5.796586762,-112.4073139,0.115170852,0.396789642,0.301169903,0.484621793,0.000253489,159.6756799,-10.81592857,-107.023382,-3.369509231,22.82796118,4.510084993,-23.08241141,10.25031396,-24.15200976,0.001036467,-5.257829136,14.77195252,2.22E-05,-0.000207925,5.453423309,-0.104914978,126.7236401,37.50006989,21359
100.3392903,-3.624361116,0.016055574,-4.05E-05,-167.7470134,-11.54023057,-0.040163294,-0.008706735,-0.005661086,5.47504363,-106.387477,0.113807389,0.389207659,0.334280404,0.462148577,0.00018288,172.7353177,-20.4823867,-149.6635657,0.104822903,28.34944829,8.750800406,-21.12077268,10.71817339,-25.05477993,0.000905953,-3.727205563,13.43420524,1.50E-05,-0.00022519,5.332799058,-0.102883636,126.7278921,37.49975563,21360
113.8568238,8.30840652,1.80E-05,0.0014293,-115.3808949,-15.25364775,-0.08221017,-0.003513792,-0.005800898,5.800761921,-181.9312846,0.10998832,0.423281103,0.254569177,0.539992449,-0.001027226,196.6345045,-3.209510789,-246.3812456,-0.83133515,19.57793099,-0.314408186,-25.91500177,8.724044325,-21.30515533,0.002166933,-10.14101608,17.94841159,1.79E-05,-0.00029874,9.43826953,-0.104954808,126.706259,37.50751514,21361
118.4863006,6.322342249,-0.003889487,0.00191335,-109.5491869,-16.66137422,-0.110161241,0.000892119,-0.005551757,5.697827307,-179.0962415,0.110977001,0.403822889,0.228822072,0.542057758,-0.000740375,188.821441,5.413500225,-239.0357881,-1.82794856,16.64844881,-1.992760315,-27.72216921,8.757729101,-20.82918197,0.002290273,-10.34866041,17.54633853,2.02E-05,-0.000292582,8.849164132,-0.105423915,126.706039,37.5054288,21362
104.8296423,6.98944974,0.009845985,0.00042835,-144.5138178,-10.31475013,-0.078496151,-0.006098586,-0.006053575,6.055185573,-169.582618,0.106971644,0.438542807,0.2994419,0.540376525,-0.000784416,184.4453655,-14.31591554,-182.0203328,-0.29180432,23.47837989,3.895585165,-24.7134832,8.75462354,-22.12901921,0.001689407,-8.41691911,17.89944286,2.20E-05,-0.000295369,8.700693994,-0.107242385,126.7117259,37.50593509,21363
98.53410195,7.908247198,0.022685911,-0.000891107,-192.1869893,-6.834828981,-0.015232509,-0.013542184,-0.006276207,6.297910286,-152.2840703,0.107753618,0.455795794,0.336667517,0.521259591,-0.000788632,186.2544003,-25.41232498,-158.3737855,0.685536512,28.68767391,7.211712689,-21.45569451,8.976920131,-23.75981022,0.001336969,-6.973813114,17.30823216,1.94E-05,-0.000273172,8.159882789,-0.107075617,126.7172763,37.5058967,21364
100.6964276,4.409509194,0.021437451,-0.000661327,-195.8424677,-7.008720209,-0.037271191,-0.009903774,-0.006090479,6.205256284,-141.933411,0.109526556,0.439401389,0.319856573,0.514894876,-0.00044087,174.9731221,-19.51536861,-133.1600106,-0.831522243,26.16631229,6.06199885,-22.50947665,9.174922075,-23.65668924,0.001299859,-6.496401668,16.7049103,2.19E-05,-0.000254387,7.292698708,-0.107235234,126.7185258,37.50397114,21365
97.65263676,4.269329995,0.022998832,-0.000833339,-188.2943614,-8.547943422,-0.015400834,-0.013972227,-0.006179111,6.223140112,-137.9431109,0.108308693,0.443935285,0.342374368,0.501698529,-0.000579628,180.9700015,-26.2491801,-157.9605731,1.366945501,29.69043644,8.520822607,-20.71918453,9.311873928,-24.41072503,0.00124697,-5.460996352,16.32302572,1.75E-05,-0.000261872,7.3841078,-0.1067911,126.7207804,37.50460855,21366
131.4437347,10.11388856,-0.008686496,0.002448905,-115.7398712,-19.55835213,-0.076893848,0.003366559,-0.005199399,5.367724069,-191.8025348,0.117387365,0.385581606,0.162963982,0.535414842,-0.001017233,205.5798349,22.5441886,-324.4580632,-3.462039698,11.79593456,-8.604461951,-29.26344386,8.639095077,-19.79621572,0.002875545,-13.68507996,17.94699717,1.44E-05,-0.000288498,9.681893187,-0.10172045,126.6961085,37.50761086,21367
139.0458465,10.26642127,-0.01048143,0.002733612,-124.199152,-20.5106406,-0.080807602,0.007297405,-0.004849821,5.20792196,-192.5673178,0.120414494,0.363437853,0.123294221,0.53409111,-0.000837175,204.1407295,35.60235446,-346.9647987,-4.642062426,8.522974097,-11.90449914,-31.19299122,8.605927838,-19.14133702,0.003130097,-15.1929167,17.91522242,1.45E-05,-0.000284806,9.382794796,-0.100971312,126.6927399,37.50583065,21368
124.9973331,8.283395587,-0.006722359,0.002215351,-110.6193305,-18.33242972,-0.093313845,0.001929229,-0.005393519,5.523218308,-186.1239101,0.114176232,0.395839221,0.196329007,0.539172637,-0.000909075,198.1293574,13.54637509,-283.6967131,-2.615801385,14.23154483,-5.323664674,-28.36046082,8.707724916,-20.33160578,0.002585662,-12.03205952,17.75824212,1.71E-05,-0.000290581,9.335219215,-0.103497841,126.7015275,37.506592,21369
134.7473206,5.613655211,-0.009513394,0.002673767,-120.0868799,-20.1634473,-0.114478281,0.00789924,-0.004905679,5.419510153,-178.5789526,0.117167815,0.364278935,0.151197534,0.537736213,-0.000461599,188.7751373,29.13031996,-280.2877274,-4.166970502,10.06339734,-8.51627955,-30.48278694,8.769919226,-19.92437305,0.002770905,-13.27269926,17.25150929,1.92E-05,-0.000269865,8.200447259,-0.103380019,126.7016244,37.50289793,21370
143.7142094,7.783855427,-0.01010076,0.002806157,-136.139902,-20.98583947,-0.09095774,0.009894812,-0.004597538,5.236144646,-183.5887597,0.121714197,0.348510513,0.105627914,0.530817255,-0.000541666,196.6282264,42.42184721,-333.2309682,-5.390714495,6.909556287,-12.98238948,-31.64832006,8.645427751,-19.22227072,0.003124803,-15.73212239,17.58189428,1.60E-05,-0.000264671,8.404407799,-0.100628282,126.695205,37.5028672,21371
169.7358978,-3.57236767,-0.006076859,0.002984945,-203.0957161,-22.91861803,-0.123731267,0.024300191,-0.003057617,5.475771711,-146.280378,0.130384722,0.279916026,0.030163104,0.532054346,0.000780494,174.0776139,79.26663191,-283.9114523,-9.116823264,-1.083392534,-19.72117678,-34.43378263,9.053937912,-19.56865756,0.003036405,-21.11002104,16.92173408,2.36E-05,-0.000175256,4.234878913,-0.100129873,126.7020675,37.49139965,21373
176.5070591,-4.073786513,-0.003587103,0.002839206,-227.8780027,-22.0619963,-0.109717956,0.025708432,-0.002693765,5.557902237,-140.8188997,0.133605758,0.268493002,0.006524447,0.527015191,0.0008707,179.0402295,89.47315534,-308.427316,-10.20421495,-3.080389371,-22.58026427,-34.77154242,9.032948018,-19.37334093,0.003139722,-23.29880839,17.01460212,2.26E-05,-0.000155286,3.536769986,-0.096807007,126.7002703,37.48836761,21374
134.2767135,2.404976907,-0.008472005,0.002627586,-125.5117907,-20.07410247,-0.127476919,0.008825953,-0.004837931,5.540635685,-167.410034,0.116889683,0.359814065,0.158308323,0.534739562,-0.000196103,179.8746776,28.36360638,-244.0845291,-4.476050432,10.07346211,-7.565803418,-30.12887948,8.900907888,-20.35768576,0.002586875,-12.53674855,16.79713873,2.15E-05,-0.00025113,7.293620605,-0.103767502,126.705516,37.50116515,21376
118.009731,-0.512572996,-0.00232322,0.001931142,-120.3858538,-16.43381116,-0.148713122,0.005191693,-0.005266976,5.919634883,-155.2061201,0.110276183,0.38308557,0.234768352,0.537031552,1.32E-05,164.2216585,8.06755707,-154.6758052,-2.548347241,16.04332719,-0.018811437,-28.49366855,9.019022525,-21.48084184,0.00197249,-8.485074667,16.37251302,2.67E-05,-0.000260443,6.749254942,-0.107860623,126.7121789,37.5012604,21377
106.8417895,-1.293298058,0.01486393,0.000185073,-184.7391347,-8.634455301,-0.09821609,-0.000319022,-0.005639809,6.119062234,-132.802133,0.110966352,0.407018172,0.284837099,0.520441593,0.00020406,153.8646894,-6.100429873,-82.81539574,-3.23765362,20.82746392,3.783079475,-25.75884392,9.360606636,-23.01996589,0.001310001,-6.664303285,16.2032099,2.88E-05,-0.000233076,6.018055067,-0.109114878,126.7181969,37.5011312,21378
104.9813581,-2.370228663,0.018307852,-0.000172587,-196.2959282,-8.024694866,-0.070292871,-0.003276706,-0.005681918,5.982308069,-121.3609146,0.113714412,0.406277829,0.293305674,0.500285069,0.000182012,156.8414119,-9.103101659,-94.09794349,-3.61493021,21.8695115,3.856241126,-23.98080005,9.799035381,-23.68843664,0.001153322,-5.999996898,15.59756397,2.52E-05,-0.000215783,5.7881019,-0.106760715,126.7211141,37.50083427,21379
148.8762112,-1.297734782,-0.00988872,0.003040096,-146.6124472,-22.43988257,-0.144296545,0.016969022,-0.004082602,5.474831122,-158.0562759,0.121246812,0.321171627,0.105155321,0.53821903,0.000365792,171.1986583,49.49572778,-241.8281417,-6.210990403,5.194643532,-11.91373634,-32.53224276,9.043981872,-20.09001571,0.00275776,-15.41588936,16.63873781,2.41E-05,-0.000222647,5.885529055,-0.104312053,126.7051606,37.49703809,21380
155.3092485,-6.403337582,-0.009317234,0.003173852,-162.416481,-23.59450146,-0.16314099,0.022103151,-0.00356168,5.664553025,-142.6205035,0.123814133,0.298995315,0.094813582,0.542874114,0.000907711,161.772739,58.55434617,-195.7735581,-7.580066994,2.815635519,-13.2098647,-33.34439468,9.353419652,-20.5233204,0.002573928,-16.2185784,16.13696802,2.85E-05,-0.000186366,4.450387522,-0.105685054,126.708349,37.49416096,21381
160.0512883,-4.213851594,-0.008711876,0.003133096,-172.6968389,-23.52368235,-0.147046153,0.02240449,-0.003459819,5.51492576,-148.4515805,0.125751387,0.294865135,0.069821592,0.539954229,0.000762723,167.426865,65.3639457,-238.1527187,-7.81911594,1.656866906,-15.51292073,-33.83041287,9.164499634,-20.031008,0.002808434,-17.95955871,16.5634851,2.61E-05,-0.000192537,4.727970742,-0.104082749,126.7053229,37.49391421,21382
168.6664737,-4.382633259,-0.00632835,0.003006981,-200.7835955,-22.9788488,-0.128287751,0.02427536,-0.003078166,5.529193427,-143.9046758,0.130010957,0.280908108,0.036953039,0.533508043,0.000837516,172.8421893,77.28680675,-269.7198973,-9.172114499,-0.909599249,-19.17405112,-34.2516004,9.131535501,-19.74800799,0.002955174,-20.64637421,16.74935997,2.45E-05,-0.000170316,4.099779379,-0.100544822,126.7034371,37.49145536,21383
168.2549803,-8.015016774,-0.005928279,0.003012783,-207.2404574,-22.5242201,-0.136305239,0.02489893,-0.002906521,5.827422656,-129.6683761,0.131214407,0.276261313,0.050759871,0.53585436,0.001145453,173.682054,75.7244016,-226.3198275,-10.47450705,-1.748118103,-19.04987014,-33.69597077,9.528226849,-20.39261486,0.002660433,-19.9855465,15.98279024,2.73E-05,-0.00013341,3.103089465,-0.099700489,126.708049,37.48990519,21384
173.3303208,-6.768013837,-0.004460915,0.002916452,-221.9021111,-22.12092806,-0.122340738,0.025522507,-0.002727023,5.763853811,-131.994003,0.133019796,0.270756162,0.027994681,0.532342684,0.001074056,177.8360064,83.35129782,-262.4500517,-10.7405799,-2.89154062,-21.21077254,-34.14784964,9.347364348,-19.98685081,0.002856013,-21.83514717,16.3423344,2.54E-05,-0.000133796,3.037903127,-0.097703263,126.7052954,37.48856165,21385
142.4441479,-9.920412484,-0.009856975,0.003160638,-136.7814233,-23.19311617,-0.196198733,0.020760923,-0.003851474,5.946639966,-133.8057289,0.118532307,0.310125028,0.154779606,0.545912073,0.001132181,147.8919876,42.71386678,-114.2009342,-6.382280848,6.435306096,-7.373530678,-32.4788726,9.641426446,-21.39277621,0.002107967,-12.04093842,15.43866903,3.29E-05,-0.000191,4.205937878,-0.109393742,126.7128873,37.49510928,21386
126.8634411,-14.40855535,-0.005639465,0.002706249,-130.9575933,-20.35755142,-0.215158828,0.019629252,-0.004044895,6.26627804,-114.8346406,0.115459392,0.314542896,0.226276441,0.536528371,0.001533693,126.9540548,26.8094118,-14.64693858,-6.315383201,10.53010239,-1.320721438,-31.24420917,10.22647834,-22.58073393,0.001383442,-7.443593798,14.57345321,3.74E-05,-0.00018042,3.6190925,-0.111635272,126.7181535,37.495301,21387
116.6961829,-12.16988941,0.005011734,0.001468779,-166.153353,-13.17662437,-0.161228662,0.012552949,-0.004583608,5.976845504,-103.4941011,0.118189695,0.33733618,0.252385219,0.509859763,0.001309914,131.4435128,14.22642164,-17.26807315,-7.777550451,13.36964501,-0.213871408,-28.45040721,10.69566544,-23.26760392,0.000997392,-6.452456992,14.38527557,3.39E-05,-0.000165208,3.819085495,-0.107691402,126.7214119,37.49621834,21388
131.6238663,-14.73441622,-0.007940857,0.002858701,-146.7434583,-18.86382582,-0.188554532,0.018744892,-0.003646529,6.146132728,-98.71038738,0.126207279,0.290285245,0.207202953,0.519988497,0.001646094,159.2319278,35.65897934,-47.60358595,-11.81440994,5.080015684,-7.672636994,-30.20049452,11.30911753,-22.60249504,0.001191697,-8.226583346,13.01194427,3.37E-05,-0.000114104,2.83780248,-0.100875518,126.7211431,37.49242443,21389
110.3064581,-8.680389185,0.013253811,0.000461175,-192.2256912,-8.798927014,-0.102130218,0.004584248,-0.00509591,5.63739732,-99.77177678,0.120231743,0.363349669,0.268228516,0.488889112,0.000870624,145.0997768,3.384604456,-53.7165711,-7.844160123,16.35437557,0.338626938,-25.59762547,10.85981485,-23.69462067,0.000871723,-6.112078638,14.26320271,2.83E-05,-0.000164469,4.373018702,-0.104361641,126.7235797,37.49748129,21390
107.5483115,-7.808508114,0.012370867,0.000419562,-182.9593012,-9.140242335,-0.076281209,0.000841563,-0.005150349,5.170030748,-92.93829407,0.121624296,0.358089043,0.288026531,0.469356905,0.00077651,163.3325415,-3.04300905,-91.40002506,-7.139101375,18.88908605,1.737879574,-23.84824001,11.47153838,-24.15519019,0.000702838,-5.252721628,13.01884958,2.25E-05,-0.000163534,4.28276934,-0.100151312,126.7269226,37.49684604,21391
108.8552749,-7.473379853,0.006060328,0.000961419,-160.2711346,-11.73407307,-0.078980093,0.000432438,-0.00499843,4.923741187,-91.43490187,0.122372567,0.343839092,0.293735477,0.460740669,0.000765473,183.9199148,-3.993565198,-123.7440811,-6.524018342,19.4872621,2.243443193,-23.57289011,11.84256376,-24.096612,0.000702251,-4.803510714,11.80910134,1.91E-05,-0.000164921,3.985205585,-0.09634734,126.7289838,37.49556769,21392
115.5539811,-11.56684987,0.004612818,0.001361212,-170.6175017,-11.44147205,-0.134172145,0.009950857,-0.004570946,5.525482109,-92.3698359,0.124522839,0.329992244,0.252496361,0.489971252,0.001233437,151.3630302,13.63949574,-45.90159131,-10.74453465,11.67011449,-2.844338001,-27.02329316,11.49378797,-23.30030695,0.0007885,-6.153630016,13.1210378,2.99E-05,-0.000133934,3.62267882,-0.100726792,126.7242109,37.49512308,21393
122.1814844,-12.28150188,-0.003598658,0.00218073,-154.3993489,-14.42167855,-0.15000166,0.012443774,-0.004155047,5.615588712,-91.51648626,0.127945906,0.308840787,0.232858609,0.494470111,0.00133951,171.5854993,22.66330158,-68.35588414,-12.59030457,7.741448562,-6.248633146,-27.89471951,11.75463067,-22.79461564,0.000903433,-6.804811868,12.30048021,2.94E-05,-0.00011316,3.123125095,-0.096379272,126.7242464,37.49314166,21394
121.8673255,-10.4697878,-0.005152669,0.002189993,-152.8505058,-14.10629947,-0.125361689,0.009219127,-0.004226742,5.301811309,-88.46998987,0.129811512,0.309992974,0.237393921,0.481788471,0.001146289,198.616094,18.78614322,-110.0991439,-12.9002999,8.486132338,-6.58212396,-26.70118158,12.11872283,-22.75756903,0.000864461,-6.865027774,11.41563576,2.50E-05,-0.000107834,3.017093314,-0.091462045,126.7266217,37.49224769,21395
115.8977802,-8.939621979,-0.001917367,0.001761363,-151.3768958,-13.20626018,-0.103270753,0.005293485,-0.00454505,4.913155171,-87.64105267,0.127219361,0.320529898,0.266258854,0.46823746,0.000986513,201.9832722,7.602676111,-123.2228004,-10.48396935,13.36446043,-2.653928297,-25.14674401,12.26129999,-23.2826233,0.00072007,-5.757031427,11.06563707,2.14E-05,-0.000129456,3.315018924,-0.091717768,126.7287507,37.49315577,21396
104.9274138,-5.147201081,0.005465642,0.000904092,-139.9739144,-15.12570504,-0.050075923,-0.005041432,-0.005225673,4.426015206,-93.43784831,0.117182152,0.344517219,0.338661432,0.441080189,0.000575488,203.5270748,-19.4176943,-173.9508003,-0.247302281,28.57778656,9.442622998,-21.39555202,11.98617615,-25.03699379,0.000634456,-3.430058921,10.67412028,1.06E-05,-0.000208515,4.137986469,-0.095885245,126.7335286,37.49589433,21397
104.3282355,-3.439489125,0.001700418,0.001185136,-114.4764548,-20.38159188,-0.033494766,-0.008237977,-0.005311602,3.877784612,-95.6794718,0.112560312,0.334825096,0.374599883,0.422425661,0.000477342,227.1811403,-32.13624156,-220.1356465,6.173038355,37.04418151,16.34387377,-19.93879823,12.12039169,-25.74699453,0.000625326,-2.344778872,9.254165486,2.37E-06,-0.000248876,4.064294472,-0.095162104,126.739388,37.49554453,21398
113.6014544,-7.258795723,-0.002608842,0.001729259,-140.9494922,-14.66945311,-0.084530733,0.002039436,-0.004684057,4.519663532,-88.32537871,0.124408319,0.321125077,0.291966319,0.45575472,0.000856805,220.3975379,-1.712367194,-155.9681971,-7.29601061,18.38349659,1.277508076,-23.81664924,12.46819412,-23.74912492,0.000663402,-5.048003313,10.26281665,1.62E-05,-0.000152409,3.356234212,-0.090454649,126.7317265,37.49296596,21399
115.9718526,-6.446331841,-0.006609664,0.002079971,-130.2416746,-16.8671671,-0.081897992,0.001547278,-0.004578814,4.40231529,-89.53053424,0.123690545,0.313222963,0.295682314,0.451818839,0.000812636,242.9773625,-3.013454466,-184.8632985,-6.0366749,19.72801116,2.182870214,-23.59619906,12.64418131,-23.77594639,0.000731263,-5.163943319,9.546688212,1.30E-05,-0.000158352,3.125798875,-0.088141449,126.7338554,37.49163851,21400
114.9623389,-4.940674969,-0.008245314,0.002167714,-116.5503485,-19.7883463,-0.067674862,-0.000847828,-0.004676056,3.934591189,-91.47111367,0.119740682,0.309270441,0.323454999,0.439335321,0.000731677,263.7429619,-12.9414144,-215.2773251,-1.611464911,25.94619444,7.27964804,-22.48275964,12.80195969,-24.31259287,0.000705979,-4.453207595,8.622485688,7.28E-06,-0.000187932,3.105070217,-0.087704783,126.7380532,37.49110218,21401
114.7941829,-4.050688432,-0.009450165,0.002247358,-107.757937,-22.05238465,-0.058994841,-0.002115525,-0.004730997,3.587620036,-92.76072589,0.117043882,0.30547309,0.341128833,0.431090611,0.000697094,277.9258811,-19.47451495,-233.2821622,1.529488961,30.22987226,10.80839822,-21.8293101,12.88609122,-24.66052853,0.000694608,-4.036605374,7.994269865,3.49E-06,-0.000207736,3.072496782,-0.087631274,126.7413521,37.49064849,21402
123.389969,-7.162168435,-0.01058734,0.002535062,-135.7353035,-17.10469765,-0.093080887,0.004460687,-0.004227152,4.80981396,-89.10478693,0.12748202,0.303584149,0.260755219,0.463406179,0.000878699,257.0247832,8.929648696,-194.2345145,-9.420427812,14.00172449,-3.087672921,-24.86114069,12.68455411,-23.14185206,0.000914697,-6.864251819,9.641918862,1.50E-05,-0.000127548,2.669695422,-0.085154974,126.7327062,37.48953455,21403
134.4077873,-12.57246667,-0.009422651,0.002847976,-158.6369686,-16.91494846,-0.151298822,0.015170206,-0.00360907,5.91009972,-91.93408115,0.13216711,0.289379522,0.192777098,0.506087968,0.001431758,199.6505121,37.09582665,-107.3287117,-14.81149004,2.595546867,-11.70190096,-29.0023681,11.82874746,-22.26117022,0.001172526,-9.408734139,12.00722341,2.88E-05,-8.23E-05,2.443639523,-0.091835958,126.7235028,37.49037966,21404
167.1628322,-10.82773777,-0.005838424,0.003023921,-212.3155845,-21.65016149,-0.139870255,0.024791646,-0.002711768,6.138168445,-116.4281398,0.133171448,0.270574917,0.065132952,0.537668203,0.00140705,181.5342233,74.82344544,-194.7178169,-12.23016751,-2.902964701,-19.5383823,-33.17213992,10.00623683,-20.9323722,0.002379993,-19.20553227,15.12356472,2.93E-05,-9.75E-05,2.262452476,-0.097700105,126.7119066,37.48827802,21405
134.216573,-9.964352499,-0.011321216,0.002837126,-159.2461493,-16.00525422,-0.116325599,0.010813212,-0.003708236,5.561958629,-87.67063502,0.1340368,0.292751167,0.199477046,0.489922359,0.001157283,242.5941111,31.27233168,-166.7806473,-15.33524423,3.752481247,-12.10075522,-27.46431836,12.33185334,-22.15827798,0.001120819,-9.741932179,10.82135943,2.28E-05,-7.45E-05,2.173996716,-0.084673464,126.727371,37.48833962,21406
140.5538074,-12.43141109,-0.010777252,0.003020811,-167.5168831,-17.25785727,-0.143195402,0.015883971,-0.003348397,6.041167296,-90.79689572,0.134590266,0.281872171,0.172961108,0.510918382,0.001455207,217.793333,43.9873138,-132.991896,-16.17858491,0.152294728,-14.68333956,-29.34572288,11.90008161,-22.0098209,0.00128024,-11.02780642,11.84946719,2.81E-05,-6.34E-05,2.031662225,-0.088797178,126.7234786,37.48862329,21407
152.8389589,-14.567639,-0.009994865,0.003257797,-182.0453143,-20.31662929,-0.163015354,0.021876878,-0.00277087,6.5046625,-96.55424617,0.13451688,0.265106779,0.134812391,0.536349634,0.001747544,201.3091888,60.84834882,-122.0879964,-15.5593498,-2.728171484,-17.32972134,-31.4918495,11.33598802,-21.93494003,0.00161152,-13.85471141,12.92959404,3.19E-05,-5.70E-05,1.711758253,-0.093870414,126.7195295,37.48791378,21408
161.8928321,-13.26087968,-0.007342105,0.003118067,-204.4020785,-20.66861103,-0.147985393,0.023497124,-0.002627947,6.442079331,-103.6147983,0.134776135,0.266126748,0.094851696,0.539026969,0.001634006,195.1744625,69.92808206,-158.8033674,-14.36077318,-3.584262694,-19.31393648,-32.35690542,10.70245803,-21.51043035,0.00199569,-17.07561455,13.94484414,3.09E-05,-6.57E-05,1.693234183,-0.095111353,126.7162937,37.48732526,21409
168.6693038,-12.60931572,-0.005608401,0.003015271,-224.8387078,-19.85874124,-0.130829058,0.023849408,-0.00234885,6.535107064,-102.8172672,0.137082371,0.261118003,0.070261623,0.540295641,0.001611929,206.7183833,78.67301786,-195.9515662,-15.15099485,-5.474665786,-22.275386,-32.72874602,10.56422306,-21.18338464,0.002166195,-19.40591552,14.07967491,2.96E-05,-5.27E-05,1.243687467,-0.092070708,126.7150936,37.4849508,21410
172.1035371,-11.71318645,-0.004375929,0.002937324,-233.5806618,-19.95900869,-0.12425365,0.024546242,-0.002297713,6.444508547,-106.7271027,0.137080155,0.260918135,0.0539863,0.539187954,0.00153979,202.5551042,82.79045264,-215.8057966,-14.5180434,-5.62506037,-22.97551888,-33.1295773,10.27607276,-20.91802699,0.002341526,-20.70733492,14.55283712,2.88E-05,-6.09E-05,1.315253101,-0.092374126,126.7130751,37.48456806,21411
175.9630653,-10.85222291,-0.00299068,0.002845766,-244.8500469,-19.69250854,-0.1152544,0.025043391,-0.002179365,6.404122258,-109.1263762,0.137678177,0.259000836,0.03737219,0.537905037,0.001480803,202.9345258,88.17620142,-240.8496059,-14.30527426,-6.1685495,-24.210368,-33.50961611,10.05079475,-20.62532639,0.002506486,-22.15668153,14.90070004,2.77E-05,-6.42E-05,1.244524778,-0.091504422,126.7110714,37.48336661,21412
177.6810534,-10.26561478,-0.002339479,0.002801357,-249.3578101,-19.67958848,-0.111442043,0.025359556,-0.002145489,6.34863609,-111.2927839,0.137755197,0.258383675,0.028890151,0.536626767,0.001435778,201.3563001,90.6496372,-253.6214921,-14.01768769,-6.255564379,-24.63880759,-33.72978751,9.908186437,-20.45499735,0.002603123,-22.83514585,15.14725334,2.71E-05,-6.94E-05,1.29375662,-0.091396757,126.7097129,37.48297866,21413
128.9599898,-7.650487274,-0.012309668,0.002764337,-143.4687416,-17.04790773,-0.096684291,0.006368161,-0.003982641,5.090685371,-88.54187978,0.130064019,0.297760814,0.235728502,0.472038275,0.000932024,266.1320772,17.39737204,-201.965357,-11.66361736,10.18805105,-6.785378834,-25.69840298,12.67188234,-22.73390683,0.001037936,-8.301999608,9.795232567,1.64E-05,-0.000105568,2.332832929,-0.083223144,126.7318156,37.48800429,21414
124.3901172,-5.642156149,-0.013231028,0.002730652,-124.7917775,-19.56748321,-0.081080862,0.0026178,-0.004222475,4.53631192,-91.03451331,0.124570407,0.298550078,0.277371809,0.454742826,0.00077803,285.8409334,2.655104009,-231.7213283,-6.325572177,18.30148975,0.160459989,-24.06600799,12.91236532,-23.50525876,0.000967018,-6.731001402,8.761964007,9.63E-06,-0.000146754,2.505337652,-0.08346399,126.7369099,37.48783077,21415
123.7061251,-3.624292034,-0.015775281,0.00289377,-106.1115823,-23.95599314,-0.064808081,-0.000118,-0.004335236,3.888076064,-94.28794319,0.118590456,0.291857407,0.314245828,0.438037507,0.000668216,319.2898863,-11.0078858,-270.954933,0.058570393,27.17845119,7.477562569,-22.71540106,13.15386214,-24.2750187,0.000979193,-5.80577547,7.459342054,1.44E-06,-0.000188344,2.450996892,-0.083290398,126.7450722,37.48596487,21416
132.5731899,-2.521354261,-0.020003799,0.003341889,-107.0061179,-26.4212233,-0.0574191,0.000686969,-0.004022961,3.999950376,-96.4211411,0.117484413,0.280770119,0.29864646,0.441040272,0.000589026,370.5445493,-7.423984546,-320.0882405,0.93215461,27.65863567,6.713130632,-23.08536557,13.42068792,-24.26391038,0.001280272,-7.743779845,6.753210849,-3.39E-06,-0.000182426,1.823814376,-0.07983814,126.7547169,37.47834826,21417
127.8428872,-3.107707637,-0.018029927,0.003127072,-105.7422229,-25.22388362,-0.061853838,0.000277567,-0.00418607,3.930401233,-95.31433592,0.118137882,0.286164549,0.307155182,0.439196484,0.000634557,343.3130799,-9.35754012,-294.0487022,0.473041573,27.38135528,7.134673063,-22.88584125,13.28593504,-24.26245467,0.001116441,-6.664754006,7.103899684,-8.25E-07,-0.000185688,2.15761575,-0.081596506,126.7489856,37.48287242,21418
127.2357563,-4.186974651,-0.016356736,0.002998422,-115.1585973,-22.56100192,-0.070249257,0.00143319,-0.004155256,4.282915307,-93.39491376,0.121473615,0.291038527,0.289553519,0.447632904,0.000690771,320.8887797,-2.448881989,-271.4967223,-3.070705893,22.5635122,3.243017168,-23.50305323,13.14343115,-23.8533108,0.001077007,-6.971888211,7.845338271,3.89E-06,-0.00016427,2.239606554,-0.081742582,126.7428487,37.4848723,21419
130.6769677,-5.089345845,-0.0161363,0.003039631,-127.5346086,-20.67710198,-0.076378775,0.003310795,-0.003978817,4.701722821,-91.78051419,0.125063893,0.291106875,0.261591513,0.458724686,0.000745647,315.5170689,7.312658592,-264.3328273,-6.751011972,17.15510549,-1.624423258,-24.42412691,13.05771198,-23.3431437,0.001148389,-8.22467564,8.413007058,7.49E-06,-0.000136139,2.050848081,-0.080503593,126.7394529,37.48440167,21420
133.4985268,-5.826300947,-0.015815203,0.003061773,-137.5304173,-19.4031793,-0.080424865,0.004818895,-0.003842109,4.986980911,-90.4652369,0.127746043,0.290603792,0.240615288,0.466959191,0.000800407,310.9095295,14.61261596,-258.0691687,-9.351595822,13.2467303,-5.164889936,-25.13456643,12.96782066,-22.95832818,0.001196692,-9.212022562,8.837547614,1.02E-05,-0.00011534,1.897692379,-0.07968349,126.7370579,37.48408023,21421
131.6372633,-4.324906997,-0.017380917,0.003140345,-122.4962062,-22.10780925,-0.070694679,0.002575249,-0.003967171,4.563357457,-93.06143701,0.123204995,0.288186386,0.269625586,0.454696457,0.000694351,332.3778252,4.076232381,-283.2673872,-4.930508729,19.6315525,0.234304909,-24.08575835,13.17176699,-23.56113489,0.001198976,-8.24956005,7.961533494,4.51E-06,-0.000146806,1.947775216,-0.079905015,126.7428462,37.48274526,21422
134.7516172,-4.676083988,-0.017508485,0.003193627,-130.5934616,-21.23458525,-0.071839217,0.00363507,-0.003827414,4.819816747,-92.27222296,0.125115521,0.287123715,0.251862838,0.461424357,0.000715812,335.3431273,10.10300882,-286.5902831,-6.89667388,16.65148261,-2.652934069,-24.62758994,13.13987406,-23.26407361,0.001271686,-9.272435623,8.205068002,5.94E-06,-0.000130099,1.747594844,-0.078679818,126.7416545,37.48161074,21423
150.5002191,-12.83350414,-0.011063017,0.003183823,-184.5225379,-17.84982653,-0.137226043,0.01792593,-0.002894783,6.378886835,-90.59482278,0.137033729,0.270232146,0.14187471,0.524010789,0.001562959,234.3756349,56.35644512,-160.7615575,-17.56223832,-3.230419496,-18.73776119,-30.27290703,11.80116289,-21.71845576,0.001480911,-13.71039434,11.9943959,2.84E-05,-4.02E-05,1.41001566,-0.086441973,126.7223711,37.48611429,21424
140.6152247,-10.14488831,-0.012288498,0.003000423,-169.4137529,-16.22060946,-0.112719674,0.012158848,-0.003436722,5.792242962,-87.23076668,0.136022583,0.286015376,0.177271157,0.497679164,0.001206234,256.1706446,39.08446221,-185.4529572,-16.7344136,1.019421181,-15.1811806,-28.09585951,12.29885807,-21.85680779,0.001249385,-11.47682044,10.8741795,2.30E-05,-5.64E-05,1.754767143,-0.082433678,126.7269118,37.4864446,21425
133.9462924,-7.553271052,-0.013802622,0.002945277,-149.4070632,-17.32513163,-0.093364719,0.007211118,-0.003780818,5.267409989,-88.3380261,0.131411648,0.292683939,0.219075597,0.477057461,0.000938973,282.218602,22.78191185,-221.2377,-12.73846455,8.213475406,-9.089998419,-26.12016665,12.71115214,-22.4967647,0.001153599,-9.620908739,9.71706976,1.60E-05,-9.19E-05,1.985498716,-0.080989104,126.7321772,37.48605427,21426
128.816894,-5.860100111,-0.014587624,0.00290455,-131.1454125,-19.3778529,-0.082514401,0.003900008,-0.004031725,4.778632842,-90.6496825,0.126445814,0.294649178,0.257729243,0.461388913,0.000797704,296.1963478,9.125300771,-241.6340524,-8.113582085,15.37763271,-2.768504344,-24.66895404,12.93338937,-23.19825171,0.001077453,-7.927611824,8.851595961,1.03E-05,-0.000129469,2.22114711,-0.081673756,126.7365899,37.48621822,21427
167.2827526,-13.28040998,-0.006608424,0.003073848,-222.7683492,-19.09581687,-0.129772396,0.022745771,-0.00225873,6.720275937,-96.85413998,0.138427941,0.258177849,0.0813551,0.542165836,0.001684153,222.7420879,77.85070709,-193.8197503,-16.6746352,-6.347714793,-23.05964371,-32.33401876,10.93516947,-21.3062352,0.002005372,-18.80073112,13.39541417,2.97E-05,-3.41E-05,0.876594222,-0.089110814,126.7171778,37.48376835,21428
163.0072991,-13.56006273,-0.009285069,0.003214499,-210.6146341,-18.30551816,-0.130225937,0.020587658,-0.002293371,6.83766685,-90.6383866,0.139472819,0.256805968,0.104186886,0.54191973,0.001711987,246.8019486,73.07727038,-191.5371246,-18.62843601,-6.818941728,-23.28204212,-31.55809384,11.51188236,-21.39149246,0.001745182,-17.25563942,12.35785044,2.93E-05,-1.70E-05,0.617067169,-0.084863423,126.7202476,37.48294007,21429
156.4221806,-12.14321415,-0.010829219,0.00317559,-199.8565322,-16.96950505,-0.119259168,0.017433405,-0.002662447,6.540736269,-88.45124625,0.139253908,0.267097544,0.123204689,0.526821388,0.001516429,258.4223244,62.45027767,-199.6338687,-18.91091885,-5.223163703,-21.76189568,-30.38386109,11.82611198,-21.37311762,0.001586536,-15.71649357,11.76987171,2.69E-05,-2.20E-05,0.853314231,-0.081976041,126.7227884,37.48324345,21430
150.5377776,-10.26395626,-0.012583575,0.003135099,-188.9140499,-16.00987565,-0.102564936,0.01372798,-0.003006004,6.174949104,-86.04544003,0.13874299,0.276892068,0.144952073,0.509853978,0.001269045,279.4255295,51.02321237,-220.0553181,-18.70331239,-2.772501482,-19.79077652,-28.97768588,12.21500203,-21.38728548,0.001439761,-14.37596347,10.92122966,2.31E-05,-2.95E-05,1.011403226,-0.07852099,126.726384,37.48279104,21431
174.776163,-12.33902651,-0.003864637,0.00289662,-246.4718648,-18.21345128,-0.112406504,0.023357391,-0.001976546,6.797835512,-98.2489167,0.139779921,0.255123958,0.052898681,0.54318805,0.001627907,228.190504,87.84314295,-235.5042531,-16.6685585,-7.733403118,-25.65044566,-32.93769925,10.58820953,-20.88824591,0.002260672,-21.54132263,13.81277045,2.84E-05,-3.04E-05,0.463807175,-0.086908939,126.7148431,37.4808092,21432
180.6302731,-9.456731262,-0.001149364,0.002718859,-258.383365,-19.38682956,-0.104133257,0.025729055,-0.002042369,6.306774533,-113.4132639,0.138243704,0.256366976,0.015687234,0.534676387,0.001380768,201.6459172,95.39037326,-275.8986272,-13.83515767,-6.64415427,-25.63491558,-34.06096866,9.727116341,-20.18933282,0.002744909,-23.98661656,15.44610557,2.60E-05,-7.36E-05,1.254275871,-0.090502112,126.7075805,37.48169872,21433
184.7382782,-8.831423648,0.000770586,0.002584179,-273.8932502,-18.41852268,-0.093023508,0.025902942,-0.001806782,6.367732392,-113.0264478,0.139425866,0.252322383,0.000509374,0.53301179,0.001354165,207.1612532,102.9528886,-305.8610766,-14.10077948,-7.587919918,-27.42456634,-34.43331882,9.583737532,-19.89702931,0.00289475,-25.56692782,15.61888908,2.47E-05,-7.07E-05,0.919201872,-0.088017161,126.7050187,37.47836259,21434
182.8556134,-10.16035992,-8.16E-05,0.002644304,-270.7180738,-17.98984592,-0.096250763,0.025086097,-0.001776306,6.580263042,-106.786326,0.139895984,0.252684496,0.014247182,0.537601059,0.001464604,216.1528364,99.87828467,-287.1981921,-15.09958881,-8.032016689,-27.38926089,-34.00171645,9.884764579,-20.21303397,0.002704845,-24.71860907,14.99017734,2.60E-05,-5.22E-05,0.555473464,-0.086989942,126.708508,37.47817386,21435
185.754592,-9.938161209,0.001354582,0.002540424,-282.9196969,-16.96656904,-0.087855865,0.024872756,-0.001566664,6.70814905,-104.9550585,0.14077851,0.25013135,0.005875914,0.538009686,0.001463052,223.7466741,105.5682304,-308.55973,-15.51864878,-8.864618435,-28.82524733,-34.20875271,9.828578296,-20.03881501,0.002786442,-25.8358687,14.95539394,2.53E-05,-4.60E-05,0.152513948,-0.084507769,126.7072142,37.47468659,21436
187.994444,-9.019857134,0.002569329,0.002454794,-289.8284792,-16.86215777,-0.083060162,0.025411474,-0.001503176,6.604309602,-108.3073686,0.140779939,0.248738117,-0.006267295,0.534584136,0.001394464,219.367483,109.9453116,-327.8868284,-14.96393283,-8.836127087,-29.32119608,-34.58637066,9.604581676,-19.77807377,0.002946028,-26.79036442,15.38633901,2.42E-05,-5.63E-05,0.245567108,-0.084370979,126.7039717,37.47318102,21437
187.4333388,-9.852228279,0.002243326,0.002474332,-290.4950465,-16.23389468,-0.082792059,0.024622796,-0.00142769,6.811181139,-103.4428347,0.141275715,0.248759392,0.001784263,0.538656428,0.001464934,229.3803371,109.163294,-321.6200538,-15.8215677,-9.383249563,-29.71201171,-34.3196851,9.807461542,-19.94099751,0.002829977,-26.49566646,14.88914841,2.49E-05,-4.15E-05,-0.13816495,-0.082772938,126.7064376,37.47198264,21438
188.9996139,-9.524075924,0.003142596,0.002408975,-296.792955,-15.79434986,-0.078756557,0.024660943,-0.001331557,6.833408211,-103.6926741,0.141491717,0.247685483,-0.004076087,0.53787488,0.001444377,230.6537263,112.5593161,-334.4629214,-15.77751279,-9.621812215,-30.30795502,-34.50355819,9.721382694,-19.81015929,0.002905616,-27.14309345,14.99610544,2.43E-05,-4.27E-05,-0.267126097,-0.081826168,126.7048396,37.46976562,21439
179.6846208,-8.293860015,-0.001722647,0.002752362,-250.4481006,-20.33819551,-0.107400346,0.026116532,-0.002232285,6.075919912,-120.4896343,0.136871492,0.259388362,0.012629478,0.531974706,0.001263732,191.8473432,93.48197065,-279.184788,-12.70177396,-5.570653583,-24.57142066,-34.24474431,9.520758819,-20.01576516,0.002843694,-23.80058633,15.92395601,2.54E-05,-9.54E-05,1.853925013,-0.092774345,126.705788,37.48380876,21440
184.1262557,-7.422687807,0.000258141,0.002614049,-266.3454142,-19.48068767,-0.095394511,0.026492677,-0.002001362,6.089734361,-121.0628189,0.138229433,0.254401602,-0.005443559,0.528821278,0.001220672,196.2344758,101.6150584,-312.7431194,-12.90558953,-6.522283667,-26.47164324,-34.68636335,9.349998417,-19.66367201,0.00302209,-25.51518522,16.20318649,2.37E-05,-9.50E-05,1.603080511,-0.090371103,126.7025051,37.48083151,21441
186.3753957,-5.940772712,0.001242659,0.002537369,-271.9204565,-19.39376908,-0.088783947,0.026901333,-0.001953198,5.95345022,-126.0753675,0.138434987,0.252210339,-0.019646371,0.52407046,0.00110808,194.2142318,106.4570922,-340.6887742,-12.40631029,-6.50997292,-27.19746923,-35.12965423,9.122079858,-19.28188624,0.00321516,-26.54728265,16.70348675,2.19E-05,-0.000109721,1.837715648,-0.089851747,126.6982353,37.47976833,21442
188.0063238,-6.648901477,0.002273727,0.0024703,-281.4718316,-18.50868862,-0.08477693,0.026743955,-0.001765551,6.120597262,-121.2304903,0.139374502,0.249755277,-0.020969414,0.525565051,0.001183478,200.4092236,109.735592,-344.3323992,-13.07309515,-7.333078509,-28.17998674,-35.11299953,9.196772004,-19.3421741,0.003192143,-27.068954,16.45657337,2.22E-05,-9.54E-05,1.327762861,-0.087923043,126.6985407,37.47697522,21443
187.2980955,-8.01976119,0.0020633,0.002490853,-282.7190754,-17.9855774,-0.086391499,0.026189503,-0.001689407,6.332608964,-114.9075754,0.139844308,0.250019265,-0.01125716,0.530295159,0.001299817,207.3960802,108.1243787,-328.4762741,-13.910747,-7.88686111,-28.3436953,-34.77674272,9.416914515,-19.63208431,0.00303857,-26.62895587,15.91534034,2.35E-05,-7.62E-05,0.867294792,-0.08692067,126.7020262,37.47620632,21444
188.9722001,-8.262984728,0.003078662,0.00241832,-291.6717209,-17.06360958,-0.081273818,0.025874227,-0.00151259,6.481356749,-111.6932785,0.140596434,0.248095021,-0.013909075,0.531471844,0.001333738,214.3951013,111.9321718,-338.8605825,-14.43868762,-8.597439554,-29.37011292,-34.83538303,9.446731038,-19.59801619,0.003054372,-27.25054655,15.74480821,2.33E-05,-6.69E-05,0.450976876,-0.084840518,126.7015309,37.47301139,21445
190.2206521,-8.683235005,0.003880112,0.002358673,-299.5459362,-16.05269691,-0.076866674,0.025316602,-0.001338148,6.676115211,-107.6441054,0.141266523,0.246847311,-0.01355781,0.533920202,0.001378464,223.3758726,115.0703616,-346.3902236,-15.09542926,-9.322035584,-30.32790528,-34.81434426,9.521774915,-19.61136013,0.003038256,-27.70493995,15.45251923,2.34E-05,-5.52E-05,-0.024741317,-0.082559659,126.7017422,37.46945465,21446
185.4566267,-3.99141274,0.000523003,0.002570863,-263.2026903,-20.224611,-0.088660312,0.027020851,-0.00214125,5.695013198,-135.1478093,0.13747007,0.254107159,-0.025529852,0.519754191,0.000934606,188.136401,105.6425888,-356.5409649,-11.39919535,-5.544988301,-26.56786895,-35.42690801,8.91415622,-18.95262811,0.003363819,-26.48535842,17.26072415,2.03E-05,-0.000136547,2.612243934,-0.091475996,126.694834,37.48204594,21447
189.857954,-4.10210627,0.003068311,0.002397756,-283.2610777,-18.80726625,-0.078097373,0.027361172,-0.001796113,5.833347309,-130.9755724,0.139236146,0.247337729,-0.039417321,0.516880874,0.00098029,194.4879301,115.1358494,-382.5002208,-12.04541949,-6.803227132,-28.64182414,-35.76940424,8.862193541,-18.76527187,0.003481534,-28.13414561,17.31620331,1.93E-05,-0.000125679,1.973903184,-0.088117329,126.6906293,37.47635873,21448
191.5512814,-4.07543134,0.0041598,0.002321339,-291.4109808,-18.15691787,-0.073815421,0.027415575,-0.001650304,5.892830276,-129.4550816,0.139856108,0.244862319,-0.044748386,0.515712933,0.000992143,197.2303644,119.296354,-394.2482723,-12.2687152,-7.266516193,-29.46532902,-35.92511703,8.83397859,-18.67954362,0.003538298,-28.80360623,17.34893166,1.88E-05,-0.000122386,1.715480601,-0.086668404,126.6881673,37.47328904,21449
190.4276976,-5.696159578,0.003625891,0.002369841,-290.2353831,-17.99151335,-0.077958316,0.027005338,-0.001636466,6.07698007,-123.3364133,0.139890775,0.246736463,-0.033010604,0.521688654,0.001120269,201.0111486,115.6072083,-369.6840823,-12.90552639,-7.608295551,-29.15921266,-35.49686452,9.03903447,-19.0471574,0.003351354,-28.13282028,16.79078731,2.07E-05,-0.000102801,1.30362011,-0.086599491,126.6940311,37.47406258,21450
189.5762647,-6.404319836,0.003188643,0.002404645,-288.2142199,-18.00437205,-0.080459238,0.026789542,-0.001652476,6.151482653,-120.8353593,0.139851236,0.247810976,-0.026752302,0.52436729,0.001174699,202.6071803,113.3571774,-357.1774463,-13.18216268,-7.691087328,-28.9082105,-35.28322071,9.143916489,-19.222831,0.003258855,-27.706627,16.5342422,2.16E-05,-9.48E-05,1.168051593,-0.086745218,126.6966414,37.47478752,21451
190.1728068,-7.622212704,0.003742357,0.002369459,-295.2753411,-16.98396645,-0.078383671,0.026152249,-0.001476099,6.413633399,-113.8968205,0.140634181,0.246990234,-0.021039078,0.528948995,0.001285731,212.3018077,114.6852858,-351.7705411,-14.13391812,-8.563186396,-29.68436327,-35.06778307,9.322780956,-19.42422495,0.003153868,-27.79433947,16.01018521,2.25E-05,-7.40E-05,0.531442457,-0.08463352,126.699041,37.47188576,21452
191.0940116,-7.355750824,0.00430215,0.002328333,-298.9977419,-16.72350964,-0.075902431,0.02620392,-0.001417469,6.414397593,-114.2626864,0.140802602,0.246039956,-0.024979197,0.527921556,0.001268992,212.844147,116.9547936,-360.5179882,-14.0970571,-8.691397354,-30.05716239,-35.19690724,9.269408447,-19.33126124,0.003207289,-28.19205255,16.10336188,2.20E-05,-7.57E-05,0.477330215,-0.08404592,126.6975061,37.47039124,21453
191.7511714,-7.027958865,0.004695283,0.002299047,-301.2342086,-16.62132641,-0.074205143,0.02631846,-0.001388383,6.387220574,-115.2327532,0.140862646,0.245323168,-0.028667539,0.526570564,0.001245259,212.1971965,118.640277,-367.874581,-13.97135075,-8.70227256,-30.26972419,-35.32158049,9.210051715,-19.23901824,0.003260264,-28.49426788,16.23266328,2.16E-05,-7.91E-05,0.499221666,-0.083801412,126.6959389,37.4694429,21454
191.8160951,-5.720760649,0.004548261,0.00230448,-297.2824888,-17.3636167,-0.074209994,0.026938769,-0.001506041,6.148366711,-121.7311761,0.140385071,0.244986233,-0.036715434,0.521350848,0.001133449,204.199221,119.0696406,-379.3493809,-13.13779887,-8.032960736,-29.87640738,-35.60856992,9.02361417,-18.98687933,0.003391845,-28.68130621,16.77322296,2.03E-05,-9.89E-05,1.049298205,-0.085239561,126.6923716,37.47120765,21455
167.1582832,-11.33720069,-0.010087197,0.003142285,-226.6375429,-15.19857449,-0.093370218,0.016658409,-0.002159308,7.03972811,-84.42048157,0.14190446,0.26050927,0.096138107,0.538205018,0.001481634,304.712575,74.73594338,-266.3775632,-21.19388258,-8.549680782,-26.85070448,-30.83588352,11.82703747,-20.68147189,0.001751982,-19.31523171,11.24031211,2.50E-05,7.53E-06,-0.389778281,-0.073742894,126.7236867,37.47607396,21456
134.9920743,-3.290060255,-0.019365533,0.003328257,-118.7195436,-24.10591203,-0.062456185,0.002063718,-0.003876585,4.457274015,-94.86373245,0.120934468,0.28276657,0.273494598,0.451677282,0.000621994,362.4063161,1.755749749,-314.6088981,-2.809955541,22.34284547,1.946450203,-23.85480694,13.33830117,-23.78570927,0.001331702,-8.844354284,7.349711327,2.50E-07,-0.000156156,1.676825004,-0.078549939,126.7493773,37.47854565,21457
142.4886601,-8.030190715,-0.014407071,0.003105726,-166.656165,-16.79522379,-0.090093972,0.009349329,-0.003420281,5.672676279,-87.16745819,0.134585976,0.285766085,0.184724036,0.489513903,0.001006884,297.0743394,34.60126051,-240.5446861,-15.41933555,3.550219934,-14.0734898,-27.16468558,12.61838121,-21.96540983,0.001327164,-12.11566975,9.961321966,1.73E-05,-6.26E-05,1.409326603,-0.078004134,126.7311539,37.48310476,21458
146.1671454,-4.76809498,-0.018051473,0.003360615,-154.4697598,-19.81294802,-0.06374305,0.005763218,-0.003360734,5.484484442,-90.9738731,0.128421001,0.281284959,0.206557173,0.478104114,0.000715045,365.5700968,25.15016325,-324.7620586,-10.51375766,10.78779698,-9.293773538,-25.88644891,13.09195591,-22.5775471,0.001562756,-12.85583708,8.426156461,6.60E-06,-9.24E-05,0.89921777,-0.07392255,126.7429142,37.474121,21459
