intercept,APART_DIFF_AVG,점포밀도,주거인구/직장인구,소매업매출월평균변화량,외식업매출월평균변화량,아파트 가구수,단독주택 연면적 비율,상가밀도,근린생활시설 연면적 비율,BUILD_DIFF_AVG,평균최근접역거리,(주거인구+직장인구)/유동인구,평균 도로 길이,INT_LOAD_R3,BAS_AR,외식업종다양성,공동주택 연면적 비율,평균최근접정류장거리,x,y,BAS_ID
102.28908565720822,-0.009533034561722503,-0.0007813074141262772,-0.03117525115976873,-7.113371419357335e-08,-5.634927421834772e-09,-0.011370045256899736,-0.06338717310933759,-0.00922891661353515,0.5854904296639296,1.6802576333291966e-05,10.018098846602586,19.76238820228383,-0.0706179548183863,0.0032770638771105285,97.45463776008202,-34.68918782913225,0.13192205769180876,-166.6765770777271,126.68913490770505,37.51870773736182,21300
102.899520772029,-0.010693955316809504,-0.0007275717014151274,-0.032669522738949394,-5.800084686546507e-08,-4.8957851603230476e-09,-0.010914639302138594,-0.09777491150950661,-0.009870944528812747,0.6808383246799266,1.7947667607882184e-05,10.08314872272862,18.922959454894976,-0.09252984068994681,0.002562289184742049,92.0360992993614,-29.56267013629179,0.13365482720405,-138.34584307674106,126.69545880461988,37.52241686372307,21301
103.82060540066955,-0.011151037047202795,-0.000694716318543216,-0.03155264689580988,-5.1605853439295085e-08,-4.64484546795401e-09,-0.010768179074499168,-0.11800394096285634,-0.01001835891111572,0.7104459792573574,1.8789768111851294e-05,9.790287277488106,18.241878091601667,-0.10408253941335092,0.0020582738693310184,91.65527385623979,-26.514576576955402,0.13137790219408843,-121.75207290607487,126.70134171772969,37.52233877708572,21302
102.35147123130429,-0.01086416955217325,-0.0007219048747819295,-0.03368697971616426,-5.500145565721903e-08,-4.907204944776848e-09,-0.010906479096542967,-0.09692594974467007,-0.009700551924132935,0.6771541629651698,1.9301349806166394e-05,10.032987889526336,18.78523133824229,-0.09103590731578824,0.0023957475786888336,93.02036589955947,-29.16396252888913,0.13667510793630652,-133.31813296521366,126.69872979436714,37.51898140944887,21303
103.45571713364572,-0.011280917520807805,-0.0006868369988478017,-0.03246436555954707,-4.9479163415329415e-08,-4.664538849246378e-09,-0.010767953507709161,-0.1159729772555882,-0.009824359059277575,0.7001548715604701,1.947707992888252e-05,9.780734851841078,18.119496400349224,-0.10247288276583848,0.0019513410920957788,92.54049759232561,-26.330572812363627,0.13366746865509233,-118.57149706186254,126.70341884326405,37.519318995056054,21304
102.78210495567001,-0.011100609009530214,-0.0006910773021624333,-0.034602883862608534,-5.171437531133095e-08,-4.951685373237919e-09,-0.010962569947135728,-0.10552111055938981,-0.009403034170482988,0.6568538695966772,2.0094267938144847e-05,9.857843972188489,18.25456495956863,-0.09239486061224482,0.0020438729997130996,94.98413901559445,-27.808174001769316,0.1359389439839785,-122.58092384145908,126.70300423971963,37.515329100586754,21305
101.4854646210098,-0.01038448072688492,-0.0007489982883736576,-0.03455532312374047,-5.982585007807925e-08,-5.298598733948083e-09,-0.011159053768093124,-0.08136992867661787,-0.009291373813123827,0.6308041388405434,2.0002053661725866e-05,9.98650937500791,19.21651807847651,-0.0778822206997793,0.0026566504358814733,96.08593051972342,-31.633116124330048,0.1383079294230607,-144.02435495595785,126.69720548857926,37.51567898613793,21306
102.46826733892732,-0.008881621458485823,-0.0007884966546705911,-0.02891005218330837,-7.72600603249963e-08,-6.293726890962591e-09,-0.011907527364588524,-0.06948746073253406,-0.008665853053453625,0.5182147716487585,1.9588604299704626e-05,9.417530337239283,19.60820085513668,-0.059841117527291855,0.0031171796100009233,104.37442414793638,-35.16316329898504,0.12643689627343216,-165.90188553473976,126.69309964043227,37.512529261238306,21307
102.10402320834257,-0.008207008928173805,-0.0008205429192655271,-0.02493768049231661,-8.118484986267635e-08,-6.721266160358727e-09,-0.012291652023686638,-0.07340551064930423,-0.008431662275274997,0.4849659405975521,2.212675592166326e-05,8.924575661871627,19.793853986892415,-0.050535596153423894,0.0031404762550980236,108.49335919488847,-36.21097879958668,0.12320617071234045,-169.3898605570444,126.69463592515947,37.50972402615308,21308
100.754217250883,-0.010604040188218299,-0.0007253946032896619,-0.03674494919539317,-5.466810096658594e-08,-5.42993290031836e-09,-0.01131038233317364,-0.08753929173782028,-0.008880459283476173,0.6079210780885022,2.293219246354441e-05,9.742314095657676,18.83234854087261,-0.07423973712797013,0.002216575363717774,99.08341296471366,-30.38319156733048,0.14193614227550697,-130.80987235288885,126.70257157044347,37.51088024429188,21309
104.93037391285479,-0.011573802510901576,-0.0006617826502941123,-0.02982938936867671,-4.448497631651333e-08,-4.402530526252332e-09,-0.010603110766340624,-0.13581425859502477,-0.010044975281992843,0.7294457884442171,1.917839733022979e-05,9.300157141311878,17.532871712176227,-0.11520612711424662,0.0015516758062348475,91.96636149726477,-23.55922111310266,0.12838256608218898,-106.26737748054255,126.70802741158735,37.5214043470635,21310
103.81560936717582,-0.011520676258690599,-0.000670366442668762,-0.03183506394212526,-4.561120195362499e-08,-4.5295924220673124e-09,-0.010676478203324886,-0.12352154937129642,-0.009835237961913329,0.7104297349864885,1.974974317526593e-05,9.595289591218336,17.79334044332504,-0.10767312524696127,0.0017106461777009177,92.50276757864437,-24.899612634025008,0.13320068355657816,-110.9699305472098,126.70645139187884,37.51875080500249,21311
102.69495397683343,-0.011568398900087892,-0.0006695146489628335,-0.03399271840757885,-4.4408014700858666e-08,-4.649726372515357e-09,-0.0107456863492267,-0.11312084216282918,-0.0095030422468048,0.6857429633726438,2.0898121667057148e-05,9.743223351172414,17.880457885067926,-0.10054102019624937,0.0017168153410197769,93.86944046409293,-25.66634541171446,0.1384353209764949,-111.48699954773366,126.70691946411556,37.51509833713639,21312
102.0066054099578,-0.011249731385124003,-0.0006687014000405852,-0.03708646447841644,-4.785147387220217e-08,-5.092657491851359e-09,-0.011111537727995235,-0.10461642124066918,-0.008896155070436102,0.6177411151835009,2.1878717701797362e-05,9.729605490395302,18.021174724565082,-0.08609004562964274,0.001775443073057627,97.40386698289312,-27.368153275801824,0.1398093744268725,-114.81239386185767,126.70652058482338,37.51059783447811,21313
106.8545004061342,-0.011772398378386366,-0.0006270365852669993,-0.02763952512766519,-4.125317051380359e-08,-4.302281141116169e-09,-0.010535740924163369,-0.1553938366771789,-0.009899440641091628,0.7184133320049962,1.7670093308368697e-05,8.713873961354476,16.78514280793391,-0.12349446264387075,0.001176681100015907,92.77317868315258,-21.227832669057264,0.12027695256405967,-95.8036210772642,126.71319259164342,37.52037539808062,21314
109.92117806592641,-0.011789009179967544,-0.0005811180185574583,-0.0239049750216199,-4.054823665223236e-08,-4.202739637135213e-09,-0.010460661314638176,-0.18270713462067253,-0.00961466794244919,0.6810232937197511,1.3773527039088577e-05,7.907042163380703,15.822155727793698,-0.13131915590232845,0.0008959228323697039,92.02862833070047,-18.75015834972579,0.10435704771452013,-88.60469283741641,126.71891876142693,37.52020716759903,21315
111.2837968032722,-0.011997610842061735,-0.0005683990142194057,-0.020183018949031722,-3.1804517065514274e-08,-4.0559532234034236e-09,-0.010107114590745224,-0.19172088546295873,-0.009574867871374954,0.6961099301392187,1.3920505877201623e-05,6.597904910077827,15.167680480187377,-0.140849722923024,0.00044097761978335414,95.62568316035629,-16.53411659126199,0.097279807741448,-79.6975750219863,126.72512332161521,37.52075627781089,21316
114.21997199275206,-0.011849455001449483,-0.0005229050166286146,-0.016144095205277625,-3.2805059517314305e-08,-3.929997407320196e-09,-0.009896914395578067,-0.2114870201267575,-0.009168076347825583,0.6393227011693539,9.521180684669635e-06,5.522295792797202,14.36628048531401,-0.14345821242964593,0.00037287448802381595,92.3797920512708,-14.832925189545668,0.07980909133765235,-80.81520181447729,126.73053373535897,37.52055707999099,21317
116.67483852445403,-0.01167948360160738,-0.0004828452843135352,-0.012071291664567963,-3.397832436702645e-08,-3.734232810894483e-09,-0.009573762144135828,-0.22546353293458882,-0.008836675491800207,0.5885561337977402,5.902551401620043e-06,4.324079869650561,13.644595925136706,-0.14422978938977937,0.0003973671139783653,87.12043338057606,-13.416483599485854,0.06489324497579177,-84.44073674324528,126.7361576234256,37.52074545539758,21318
118.97010329687517,-0.011473723738350244,-0.000447102602989945,-0.007692126766151676,-3.481622301169279e-08,-3.512617690288353e-09,-0.009143546448254256,-0.2358635120730858,-0.008563695530011673,0.5421844243201991,3.1026761526596043e-06,2.9213967207688323,12.902530910218665,-0.14413303438342803,0.0004474462207348092,81.27455767096518,-12.151515879057795,0.050358615705529124,-89.41127061997389,126.74321514378205,37.5219067233361,21319
121.4509343603266,-0.011390871106274222,-0.0004065100495345415,-0.003367080433300266,-3.67187123860775e-08,-3.279325522370295e-09,-0.00862854478640909,-0.24495588870250964,-0.008192018748613762,0.48412861493738024,-7.410658081663558e-07,1.335056661569784,11.994185539421258,-0.14166945293852629,0.0005445998057679791,74.10576482188262,-10.92484674210531,0.03659153323360347,-96.99249534281076,126.7488155826459,37.520512435412016,21320
120.30243326295246,-0.011552583756816394,-0.00041984430678096955,-0.005947732021539174,-3.712186141500054e-08,-3.3832354822486637e-09,-0.008911316154636292,-0.24150056878017465,-0.008266058574974647,0.5017728841938285,-2.3484542676058415e-07,2.2205303202360693,12.392100620960987,-0.14142612173653432,0.0005402878869317183,76.36862610242203,-11.481489650545535,0.044762058092025575,-94.38969185423264,126.74324183744143,37.51850596365194,21321
117.09872909833695,-0.011896991516307028,-0.0004614205372848624,-0.01243402876228769,-3.598785796648968e-08,-3.6691641314604624e-09,-0.00953400013458096,-0.22755335108754682,-0.00853701302912647,0.5550676964942745,2.9554207799290145e-06,4.278075913809612,13.400222634290031,-0.1406168755070446,0.00048815173997761925,83.68793018086059,-13.14397993534649,0.06550394800133229,-87.51047920355636,126.73380894864344,37.51608671250486,21323
119.17058566707145,-0.011803619500889373,-0.00042856697473900296,-0.00888681314588087,-3.8063132847749614e-08,-3.4828212680374994e-09,-0.009181925099161235,-0.23741448314340588,-0.008256663958591951,0.5105644149212683,-4.1120632547678314e-07,3.110814094366065,12.72944170607679,-0.13964265428427208,0.0005607331445918268,77.89766809989656,-12.052893293511236,0.053985521554112965,-92.90757368229363,126.73735307054208,37.51538694098997,21324
121.4512305350895,-0.011672290599175156,-0.00039681682804324723,-0.0046889015801822075,-3.9814018239540025e-08,-3.2923822628817888e-09,-0.008732862804410954,-0.24633216772932182,-0.007993937136920948,0.4661885304066278,-3.438377490550683e-06,1.634810880786775,11.956781141278945,-0.13856728987760156,0.0006262391589345563,72.16732365254246,-10.957503499358848,0.04104621849466612,-99.32617094476977,126.74211095416764,37.515279842530006,21325
123.98081586230246,-0.01157734757054056,-0.00036904188942177036,0.00021780175988285515,-3.9187186033167334e-08,-3.116488648211562e-09,-0.008136358355982589,-0.2518524698948107,-0.00775396114933649,0.4263913195035017,-5.6262916848121705e-06,-0.4403419884108215,11.036719249988359,-0.13784503005061727,0.0006163911177978615,68.28649574189727,-9.84622997188625,0.02766974076877228,-106.61276195116727,126.7485031464966,37.51560938874926,21326
118.33779305850156,-0.012024795645794294,-0.0004313304761566043,-0.011212534643810522,-3.886113422185232e-08,-3.5469806238436684e-09,-0.009358744797831125,-0.2336525240587937,-0.00819445379375722,0.5106097691248126,-7.645271081225788e-07,3.727925837408034,12.93680244608636,-0.13724474275198106,0.0005884073016530912,78.47784747115057,-12.470344697644391,0.06119979147603898,-92.56206924288234,126.73357519465186,37.5129551650066,21328
111.76641380461571,-0.0121666245112073,-0.0005398628429951252,-0.020731848347980395,-3.261458178231795e-08,-4.016454591096087e-09,-0.010115121396156139,-0.1946652076567934,-0.009175099301523252,0.6531569915942915,1.1239923861677988e-05,6.603274783835641,14.89961453416065,-0.1375472253998355,0.0004865753961721325,93.29272560723015,-16.186862882016978,0.09661718978078342,-81.13551480109437,126.7248954590203,37.516428945139154,21329
114.51637036444882,-0.012068631662126964,-0.0004996192407180419,-0.016765784861347808,-3.388803149142738e-08,-3.870737964194908e-09,-0.009875371979197424,-0.21272206170598537,-0.008833269346590948,0.6038182676297844,6.87458078443434e-06,5.523065444789236,14.139718191906477,-0.139860644120621,0.0004432157764386514,89.51772162623114,-14.565899111637533,0.0808594126881973,-83.0450307692704,126.72914095377996,37.51599952583299,21330
115.33855413830727,-0.012209216402133962,-0.00047241068665574093,-0.016373815244783662,-3.573765691749025e-08,-3.7811554328157785e-09,-0.009787438044065821,-0.21723873910128236,-0.008504300293532566,0.5639558900614018,3.829243765566937e-06,5.25160760136367,13.805916269285204,-0.13675936081681142,0.000515288108966033,85.62560999060697,-14.040635332652641,0.07843251246578045,-86.26674490807491,126.72896966340448,37.513023161354845,21331
112.50301413667866,-0.012277791096681796,-0.0005061522727902063,-0.021234629010012367,-3.5598026312379855e-08,-3.957563009364924e-09,-0.010128274766389072,-0.20002720217614622,-0.008752605460514241,0.5994923187690716,7.82664443304444e-06,6.644523669440026,14.612342156792302,-0.13273976912616892,0.0006031235625256201,88.88801983802816,-15.845177090554266,0.09400387031441655,-84.28314108262138,126.72456153357894,37.51284888767801,21332
112.03552899043899,-0.01204608644234941,-0.0005196807576414572,-0.02245664333671826,-3.975791844124228e-08,-4.050723132839573e-09,-0.010319172337002662,-0.19859009191676882,-0.008918968191089584,0.6049003562166888,8.522230342217477e-06,7.287674487573032,14.937503109924581,-0.13054057946401196,0.0007811204942979016,88.16422975111297,-16.86634334576248,0.09463930098630471,-86.50449963249486,126.72272411487454,37.514294919956676,21333
107.05835215676967,-0.012077813859384506,-0.0005762382568131298,-0.03062145840034693,-3.975322713234813e-08,-4.3742780535495736e-09,-0.010661334055116585,-0.1559943740717763,-0.009076002447074261,0.6372787579943886,1.5527792149541934e-05,8.792830445237595,16.342558876737133,-0.1158669708701542,0.0010680808789199627,92.4234797496921,-20.81660205702395,0.1216563357115255,-92.41500686215899,126.71522085131534,37.512349271270885,21334
112.79701371429208,-0.012279768028828448,-0.00048088548005342444,-0.022910815699522954,-4.102320530734499e-08,-3.954245486733846e-09,-0.010244179316195678,-0.20317078715762732,-0.008429805994726687,0.5490792249332077,5.133746642166726e-06,7.044586247395905,14.547295285017565,-0.12575086182864412,0.0008112683633359135,83.79326895948343,-16.134237927513848,0.0928640836397828,-88.34308424045712,126.72312378787706,37.51022634485727,21335
116.07635608615495,-0.012357680852713274,-0.0004470967876964556,-0.016144546413981924,-3.807279116516621e-08,-3.7004136300881873e-09,-0.00970305767034703,-0.22101437972544413,-0.008195055407594864,0.5259019208423699,9.189282808992439e-07,4.977725204097355,13.506719177682633,-0.13313722126581276,0.0005944658541435897,81.57484388942333,-13.58977729803853,0.07689386027603513,-90.06549174349891,126.72851926211857,37.51048241928701,21336
117.71734736067008,-0.012465492690239523,-0.0004124967573475453,-0.014446272102684345,-4.2124164023697513e-08,-3.574389795721523e-09,-0.00950516237624221,-0.22961158120742942,-0.007819389402299131,0.47500672575353203,-3.393567627029792e-06,4.21036637621301,12.978342649068855,-0.12939810010501954,0.0006966586847750372,75.52331779547134,-12.742894005748303,0.07110092818831325,-96.55496188718175,126.72887410436182,37.50824363218556,21337
113.7883839102589,-0.012413895929823381,-0.00045047628783566877,-0.022425944466668218,-4.3083287102000023e-08,-3.862878671630774e-09,-0.010140197161226302,-0.20929072332975232,-0.008086185912035125,0.5064829595953795,2.055075620092229e-06,6.640602629607637,14.189223790663261,-0.12258582044269264,0.0008419631604375701,79.61287631941605,-15.392950807172607,0.089367277456228,-90.99774937338356,126.72367451730786,37.508087894345195,21338
119.0606242718923,-0.012148124757387342,-0.00041244475071167553,-0.010747561393351316,-4.120894538380993e-08,-3.4852145262665206e-09,-0.009267112906498893,-0.2370339410979353,-0.00796176266088661,0.4814533025971017,-3.2834991165858602e-06,3.408016472489067,12.661778499857217,-0.13441897231164798,0.0006582762394074081,75.11832046843347,-12.106915939909724,0.0597173914924197,-96.3488293471261,126.73281609389528,37.51084224358553,21339
120.92204007589612,-0.012143457942604872,-0.00038516007565336346,-0.007884634982668087,-4.4177983544988666e-08,-3.3583264341829357e-09,-0.008976880029407634,-0.24538867481471943,-0.007697652651648692,0.4419330273716209,-6.705689196413715e-06,2.3307938384381743,12.067265639111746,-0.13269933794890648,0.000731097021194141,70.15535987149566,-11.250047125927091,0.05138246359959895,-102.53421288379035,126.73433203369085,37.50968150840593,21340
123.24858758998623,-0.011964033715980734,-0.0003620180437435937,-0.0032617837342051805,-4.521617033846221e-08,-3.2088788356102455e-09,-0.00852373929018503,-0.25387768972740166,-0.007533504388268484,0.41000686506305506,-8.981786565239119e-06,0.7103116860027359,11.319746900194,-0.13327768620731673,0.0007548103871594301,66.22148913123014,-10.244423315857286,0.03806859017798915,-108.3732558227087,126.73883225082633,37.51030879926104,21341
123.9830639445915,-0.011827486529864048,-0.0003598879964879749,-0.0011397053717471803,-4.316523912162753e-08,-3.1492831682818528e-09,-0.008291204556998376,-0.25443574701990923,-0.007566142997186997,0.4092818959895127,-8.374692811513843e-06,-0.06704745573051163,11.054123498204817,-0.1348874649122941,0.0007065115657773104,66.32485701242712,-9.904446297693843,0.032334430967339546,-109.18066379200262,126.74248463225899,37.51182400323176,21342
126.48205815938685,-0.012170334845242575,-0.0003241137119885521,0.0012457378514902917,-4.893289386497644e-08,-3.125729221032658e-09,-0.008043627540803084,-0.2632426116156678,-0.007054339602548857,0.3498174291750647,-1.455174172705594e-05,-1.6744430299967918,10.272223016517204,-0.1298661128603618,0.0007986723698163455,61.8076123689599,-9.119805018664323,0.02952795971577492,-121.52419814282256,126.73938905241498,37.50756648853063,21343
122.35508330170393,-0.012268747555767501,-0.000360952939102253,-0.0063688687679864875,-4.7812283905465964e-08,-3.2993959856816868e-09,-0.008805523357716961,-0.2515222699200256,-0.007402165822189642,0.4037321465013829,-1.0230106448984988e-05,1.5108770662564734,11.610821762546575,-0.12956081720505214,0.0008052729490280333,66.13130798397316,-10.679487356981458,0.04780663051992768,-109.0884820673524,126.7338759401278,37.50772954620715,21344
129.0910066802949,-0.01241897394391308,-0.00029535655594860007,0.004150363476996405,-5.308450370121733e-08,-3.162886752388793e-09,-0.007818569105802847,-0.27146895794040227,-0.006625134297198085,0.30104499435996246,-1.9503639297655097e-05,-3.5898163575326163,9.541421597646776,-0.12680968146432725,0.00083210113528156,60.03977966792168,-8.469969751925705,0.026556978669104944,-133.57904643985043,126.73829942679801,37.50524247607829,21345
131.57643709716567,-0.01235349962388748,-0.00027439371475939083,0.008106386098410029,-5.41809591288048e-08,-3.1433699429342725e-09,-0.007429612604035616,-0.278129254999684,-0.00639249104086239,0.2648879518687927,-2.1946549135815e-05,-5.445048575422096,8.766371916981354,-0.12656596350969876,0.0008283599902438686,58.99122939027895,-7.831348385477468,0.015566853416134696,-140.70389588786176,126.74136015694967,37.50501277134439,21346
136.98433033726099,-0.012596998024800438,-0.00022048836732176908,0.013642379787460295,-6.22761420588272e-08,-3.3429357231307227e-09,-0.0070452087959562955,-0.2978623125817012,-0.005612674013201516,0.16838124589808506,-3.0290786194419377e-05,-9.473294935953296,7.425349554710696,-0.12313378208623402,0.0008596988616171684,58.590477425162014,-6.84446692556259,0.0034497281318907618,-159.1302553560255,126.74164138803316,37.50199786241285,21347
134.38466857143592,-0.012714428899176525,-0.00024227992884188633,0.009797672664203692,-6.115559218949597e-08,-3.33295810081014e-09,-0.007457313895890199,-0.29054595006768646,-0.00584944388831663,0.20823485602446715,-2.8028975575595578e-05,-7.587271850425026,8.227523840845153,-0.12288302753826126,0.000873131036026296,59.005932730691065,-7.44190532091163,0.017640156042227007,-154.2473235245545,126.73801933246972,37.502251746191796,21348
140.42609831286407,-0.012969476496891374,-0.0001785504956866137,0.014469566426421753,-7.230315762539048e-08,-3.6759983829287897e-09,-0.007203382690510231,-0.31867756410893094,-0.004939969321034473,0.09565278631835601,-3.7618485839215787e-05,-12.74922055719135,7.151574551626635,-0.1195122795017526,0.0009030274013140309,59.78143358009868,-6.382832537441194,0.004065045377674084,-170.4668306038273,126.73773032874193,37.49913638917341,21349
142.30682318559857,-0.012863744553089213,-0.00016339959818758809,0.017428034228136005,-7.151279803713297e-08,-3.669232473877708e-09,-0.006809352852171836,-0.3214797625966214,-0.004784009729688106,0.06731929478921969,-3.862752218717376e-05,-14.127111993999899,6.481711732841801,-0.12067962113468059,0.000865793128798155,60.34375152022594,-5.966653955996973,-0.009047921549475703,-171.62203867989996,126.74125844589769,37.49897505789148,21350
125.07790750260806,-0.012430586070373032,-0.00032519555344135776,-0.00309398820707956,-5.3320927238778923e-08,-3.2528075600143635e-09,-0.00850848751458983,-0.26246833976412737,-0.006953472452926539,0.34628523630946223,-1.5741493094015984e-05,-0.2389073923538188,10.819008656508329,-0.12577046965547356,0.0008846354779662746,61.299993142491225,-9.744030161960325,0.04107948022042103,-120.68813265520306,126.73384158447207,37.50545989278808,21351
130.1276173712857,-0.012753264484550613,-0.0002725893950614074,0.002666333011121142,-6.155207063647342e-08,-3.355305363078053e-09,-0.008139494296476014,-0.2814643563865204,-0.006197628851633185,0.2577430796367638,-2.4618955987874333e-05,-3.9608858386498835,9.543388251657987,-0.12119609107664073,0.0009334129542957154,58.49107830325775,-8.484076098979129,0.0336414147374236,-142.50037646731954,126.73355031757578,37.50247742264862,21352
136.88348223677582,-0.013072661204709764,-0.00020564838565371952,0.008801156782832883,-7.326402482248753e-08,-3.6809193770164955e-09,-0.00784261044410586,-0.3116041830555357,-0.005234881632271345,0.14229752709510915,-3.522529255363134e-05,-9.812312753547909,8.265942646134455,-0.11684965162395534,0.0009633643399556415,58.54433506725112,-7.213382218240546,0.02354556789317427,-165.904627155777,126.7332555918207,37.49941078769118,21353
114.2314151282684,-0.01255800153833045,-0.00042589199801311477,-0.023026418705979854,-4.5588813069498334e-08,-3.821203982881487e-09,-0.010101172729659758,-0.21124918015880245,-0.00776917712389471,0.4682460953477072,-2.2449320396840268e-07,6.358440695758843,14.02477958057657,-0.11764259862122203,0.0008888053058968878,75.88282328380627,-15.04094685316519,0.0895555808077721,-94.17101406242455,126.72335723816101,37.506101199065874,21354
119.39333220329682,-0.012645528758005026,-0.0003770457837223941,-0.013140545199244943,-4.7436453992702276e-08,-3.494384914135293e-09,-0.009338791054957999,-0.23754058364627267,-0.007390361179280511,0.41992476364269715,-8.133143192237806e-06,3.2943048200901637,12.473052147290682,-0.12404848848506758,0.0008050514157223995,69.49450049195886,-11.999768652375367,0.06779790119892057,-105.17708819520244,126.72839182561799,37.505781506408944,21355
123.38219769998467,-0.012885795452283329,-0.00032149084344386896,-0.009067658798007328,-5.7426778329407583e-08,-3.482201032675101e-09,-0.009059637802946047,-0.25619676122880736,-0.006682783549423527,0.33076023345216055,-1.6844087121640295e-05,0.7607972355257914,11.496200556778366,-0.11715206744688013,0.000929718671146662,62.18756958123742,-10.658606965864372,0.06049078074883964,-123.7296173688314,126.72816675135655,37.50283688323916,21356
116.92639766695115,-0.012748003114624762,-0.0003732633041688034,-0.02065243783539256,-5.292619032818417e-08,-3.7146557778633068e-09,-0.009869996889734969,-0.2262149750609067,-0.007173956807083831,0.39196135243719565,-7.099632497905149e-06,4.820676403051389,13.348588595025433,-0.11151972960882221,0.0009618426324106099,67.73995436922853,-13.578180283835847,0.08210379211753287,-104.60562341171043,126.72400061951048,37.5035218880192,21357
116.34779665623601,-0.012800837605835419,-0.0003680552125965525,-0.022764185781710158,-5.46782388382738e-08,-3.803017073510966e-09,-0.010010900486613922,-0.22226792104680637,-0.007028128418090904,0.37732086388714037,-7.117403678143967e-06,4.830292323399289,13.637504998690291,-0.10651242599530902,0.0009800857274270078,67.3048059445736,-13.92603225763331,0.08707401284155734,-105.98910038110796,126.72294689379429,37.50268173515215,21358
122.92351820099357,-0.0128646718364994,-0.00029525982654361624,-0.016278124021682303,-7.171575106068847e-08,-3.9465916057032476e-09,-0.009818132442770185,-0.2613158444607435,-0.00614650514492417,0.25818775746860223,-2.0445727620193665e-05,0.8741885569968932,12.470349565774749,-0.09961500069333075,0.0010938501531304486,59.13009260683387,-11.8486676844973,0.07029118951124906,-130.30854792869198,126.72364014682157,37.50006989086598,21359
130.37239779204015,-0.01317421411544591,-0.0002496354793041917,-0.0023231753994050943,-7.226389896188894e-08,-3.745748188266003e-09,-0.008818783041656888,-0.29067220625198786,-0.005685342020482321,0.210061386910734,-2.9238517029633547e-05,-4.768269157245796,10.191552381994173,-0.11017905032167744,0.0010129212946058533,58.403113663912784,-9.054924954746774,0.052209883833723006,-153.04616573229293,126.72789212345697,37.49975562666252,21360
101.64116212866574,-0.010690811051229118,-0.0006767110334142192,-0.03877341705838961,-5.312048330967875e-08,-5.605547957196522e-09,-0.011586546650154801,-0.10411226839195113,-0.00840761167639102,0.5536009299268845,2.280714562666839e-05,9.379993377332736,18.274600527615817,-0.0719384763813417,0.0018264305659195818,101.12287820057496,-28.80703744516289,0.137809270121044,-117.99216376193108,126.70625897179377,37.50751514282017,21361
103.25608851015411,-0.010023308637337379,-0.0006688580537515835,-0.0389540279768441,-6.220163451462778e-08,-6.110147987488147e-09,-0.012131249032323366,-0.12086366226969106,-0.0080384502353709,0.4762629884778247,2.065329339796426e-05,8.801128759175194,18.24784697623439,-0.06214258909047343,0.0019003776162707779,103.14082997830116,-29.41016459412298,0.12579672842965461,-119.85389026619714,126.70603903400313,37.505428800513634,21362
102.59035798453138,-0.011651252103268223,-0.0005888839568178363,-0.04016829825482918,-4.23136100213209e-08,-5.089269894827011e-09,-0.011320005213416792,-0.12051697826414552,-0.008120314223894821,0.5415331606074139,2.0934976566297602e-05,9.255395281020494,17.436190184485945,-0.08290111098324501,0.0012583255324766468,97.26157918481518,-24.777831916680494,0.13898608907359158,-98.84094817873027,126.71172592855608,37.505935087045756,21363
108.52990274446377,-0.012299060244143827,-0.0004915592487320186,-0.03367986879069623,-4.386197032453516e-08,-4.378349565691351e-09,-0.010821855049170388,-0.16917416536597887,-0.008012907313514622,0.5054438942323385,9.894501380706369e-06,8.44101500973331,15.79649794240529,-0.10310726132650393,0.0010369613424949676,85.47330185339227,-19.579578844723247,0.11569143991795557,-91.55055439067888,126.7172762651082,37.505896698687394,21364
109.96185355126279,-0.012424794135070043,-0.0004466482793807394,-0.03332543110549295,-4.7744959966170565e-08,-4.284518524567322e-09,-0.010763233737835338,-0.18102848337758004,-0.007565288978008468,0.4477359437755222,5.562866787098536e-06,7.762815255538241,15.477597797659769,-0.09891250162140468,0.0010196305521190318,79.60121539460944,-18.266580674205944,0.10993953014574723,-93.2356340584676,126.71852583137303,37.50397113772221,21365
112.45878038515279,-0.012532870407906706,-0.000427489474617741,-0.02817910100426822,-4.8341392863914905e-08,-4.0145342212907855e-09,-0.010424309904116351,-0.19932187119128944,-0.0076104839802347436,0.4469950330261692,1.4875330635629027e-06,7.105604979003353,14.650657028335342,-0.10769702023821713,0.0009941286563807984,75.78437620550112,-16.46484125458718,0.09871103022651102,-94.53046858810129,126.72078037435098,37.50460855291769,21366
102.93161764355652,-0.0077255488806751045,-0.0008218685320549732,-0.021548376494067944,-8.549840376342372e-08,-7.1453148910872264e-09,-0.012681452057000043,-0.08509268477088193,-0.008209884763799781,0.4397599648877735,2.3199481857141515e-05,8.458199762256044,19.468718153977278,-0.04523671142242497,0.0030064128200167854,112.69788058111963,-36.12290573196545,0.11454128627377991,-166.52054033000041,126.69610854079217,37.50761086235353,21367
108.64976874223173,-0.006493246946110932,-0.0007638980866940011,-0.007829308508295515,-1.1280338987772114e-07,-8.27093722978285e-09,-0.01368723837150259,-0.10049253240659552,-0.007963147893688361,0.264541667266867,1.6233123628452746e-05,7.934667923354396,18.074025983061315,-0.04237145064243894,0.003131316909507622,120.02690650333624,-34.03469021856549,0.07535594434250867,-176.08983851228078,126.6927399380419,37.505830653325894,21368
101.56767519949602,-0.009011671268901275,-0.0007677117709043098,-0.03310713643656227,-6.964694337556727e-08,-6.566003237393532e-09,-0.012325303924213597,-0.09949753572099078,-0.008202891940679802,0.4911281841415612,2.416075030382184e-05,8.672137937179851,19.15393820441605,-0.051827435656489944,0.0024053500067226503,108.28853401181935,-33.130936489664535,0.12774988595774225,-141.15033191425545,126.70152751391542,37.50659199812723,21369
104.12710126461597,-0.006992872366882604,-0.0008314303388518414,-0.01852089670165587,-8.736629151069322e-08,-7.92371222193904e-09,-0.013550302456608777,-0.13417595660515116,-0.007701337696232747,0.3483964841758657,2.5077944848124904e-05,7.098726937311659,18.88974714166793,-0.028954885983100996,0.0025001387315678283,119.25335737057287,-35.167242746769716,0.09383502281806344,-146.64583414740358,126.70162443649025,37.502897928765144,21370
110.51630551872559,-0.005692821356629523,-0.0007896218910609038,0.0021757189809773706,-1.22707738584918e-07,-8.934096597434622e-09,-0.01435887923765098,-0.12884249915659549,-0.007830774802433159,0.18541182714125667,1.5147967213204453e-05,7.10352657159828,17.687776666502973,-0.032006724263183996,0.0030770834650752647,123.72044204629297,-33.41725615011244,0.05252947682563205,-174.05658412291095,126.69520502609744,37.50286720183397,21371
133.67021481828223,-0.0031806366541086337,-0.0023112197588731767,0.06293525033563024,-2.2137958237970616e-07,-1.27975695962223e-08,-0.0177429555018312,-0.3357637165644432,-0.007642186425767293,-0.2900573301615458,-4.3221519099356e-05,2.1302144963775436,12.565788725621148,0.005776743702565697,0.0030695726258707875,124.87304347160736,-14.910113310445318,-0.14924500498828033,-206.6992797938879,126.70027029496818,37.488367611917496,21374
105.03705751188905,-0.00754104304564464,-0.0007573761996510145,-0.02973355116990182,-8.292042719826053e-08,-7.764676027529762e-09,-0.013708697350921499,-0.1666527227289148,-0.007330833473210452,0.3065420575045735,2.053119437168741e-05,6.524129187765507,18.763817693067224,-0.02593925298563299,0.002094924035247148,113.91347801856132,-32.38340145036881,0.08927480921156747,-125.96943589688009,126.7055160291966,37.50116515207217,21376
105.47035025724254,-0.01042466037940561,-0.0005308441584130979,-0.043816813317426234,-6.361218217567271e-08,-5.932919342774321e-09,-0.012439130861680815,-0.16342400457436257,-0.007030358348041505,0.35253722154267086,1.3085806634768292e-05,7.320329373522681,18.119489684632608,-0.05449740199076711,0.0013775923989946582,92.58739888337789,-24.96032488689125,0.11441381140271567,-100.33608736417511,126.71217894136385,37.50126040269885,21377
111.94498834582451,-0.012181898361327806,-0.00039121170191381096,-0.035117688656884215,-6.219592127046302e-08,-4.533028954168508e-09,-0.011059408110650688,-0.19783455940404768,-0.006806420067123286,0.3398050894574412,-1.4596079543445446e-06,6.238108948650684,15.80431158740781,-0.08305713655863253,0.00112261505844137,71.7301497732936,-17.672145203422268,0.10111505590349577,-101.50432376135531,126.71819686460479,37.50113120429761,21378
116.45373812733703,-0.012705140953582814,-0.0003455231712831593,-0.026265423021730093,-6.36490330960017e-08,-4.112124432110637e-09,-0.010391876148976768,-0.22417556755938547,-0.0065689698131489995,0.3198720238018968,-9.863844414753795e-06,4.0640257367162125,14.296168867469365,-0.09355864428584887,0.001047634646165692,65.2196319802811,-14.416106801795472,0.09022173698772776,-112.54468164371397,126.72111409037743,37.50083427122422,21379
116.81986524280234,-0.005739696577060342,-0.000778299231281337,-0.018095645542287136,-1.3410359639776142e-07,-9.19372621369566e-09,-0.015258624794511289,-0.2589564503170962,-0.006858008863873607,0.014860947292378641,-4.987511874924283e-06,4.069056628363519,18.163956601682443,-0.006039972711792322,0.002656363776139617,105.65652120875926,-28.738097831168705,0.003939240170850309,-142.52545294579798,126.70516062378178,37.49703809190434,21380
124.82287096879243,-0.004313732722120863,-0.0013167602252220413,0.010880140006611467,-1.7286537353992388e-07,-1.0804810101320591e-08,-0.016401378847941794,-0.33392960686361456,-0.006682515323814559,-0.14784324026265153,-2.458004475705006e-05,1.1486265213985176,17.517380404079795,0.012385634048496413,0.00284606140835857,108.92330124694391,-24.782781803872783,-0.07200809143150982,-159.98692013276357,126.70532290652942,37.49391420914386,21382
129.89298844703336,-0.0036188954542588575,-0.002004190155079908,0.036478335283636594,-1.992982572899171e-07,-1.1968012526510956e-08,-0.01717441278467409,-0.34421176500961337,-0.007023497173261701,-0.22623556354053534,-3.581660445050789e-05,1.0196742108735855,15.344286892047553,0.01096356845003421,0.0029557090428101837,118.06279752546662,-19.841258560407805,-0.1164705900173527,-182.6761653587453,126.70343711948699,37.491455364876344,21383
138.5216435855069,-0.005313515384036472,-0.0012897919610753619,-0.014577736820579425,-1.9965904681242708e-07,-1.112318925271318e-08,-0.016277861810374203,-0.40749085671989416,-0.006068241944898131,-0.27791889397952285,-5.485636678221264e-05,-1.8708333849760117,13.383982326109905,-0.0002398651435077648,0.002517864250498719,100.31560866730261,-17.061707341319536,-0.10057387924635293,-187.39695586880924,126.70804895244628,37.48990519005655,21384
138.02984497900906,-0.004346778324038855,-0.0020695842422287928,0.007713497563196768,-2.1146639500308566e-07,-1.2163650514007561e-08,-0.017078338732322684,-0.39095239145331795,-0.006602863623989026,-0.2903629293868574,-5.398859509312082e-05,-0.5320553481286979,12.569813544365985,0.0015469680915913833,0.0026282053935217757,115.0044996004698,-15.033074059304527,-0.12836643170772705,-196.86541922029681,126.70529541862562,37.48856165373939,21385
131.88226757777173,-0.010735203365059245,-0.00023592552203800842,-0.023882562216344883,-1.256382124023815e-07,-6.305748965464668e-09,-0.012043095758600656,-0.3514454905147128,-0.004802173758149187,-0.019410470209805613,-4.060642770645291e-05,-4.762225819898243,13.577235937726371,-0.052015722532096804,0.0014799136489683901,61.67893408966284,-15.173237051646046,0.02895412190191404,-151.90327673906128,126.71815353389549,37.495301000194544,21387
132.87362715136334,-0.01199023256852844,-0.00021101458891553023,-0.015096820373680566,-1.1000924272870182e-07,-5.228366690144816e-09,-0.010738503681398632,-0.3396751383345118,-0.004899347010723873,0.04455478720172082,-4.0202116936206004e-05,-5.067290936666659,11.828490556926608,-0.07757619044366383,0.0013198287685667795,56.91370347398795,-11.826105993655101,0.03744230725308165,-155.42400515285672,126.72141188147769,37.49621834155759,21388
145.74709174368076,-0.010900328981485057,-0.0001421339845266328,-0.011638372847050027,-1.4212747977037155e-07,-6.8904100226373674e-09,-0.011401520846278062,-0.442194155032813,-0.003846495287470186,-0.16910944050171345,-6.251511778270821e-05,-13.507144337770713,9.51197390947368,-0.060167641700490195,0.0014966329873023717,63.74030677682312,-11.371592291389312,-0.01689496384489341,-174.67093235064164,126.72114311621687,37.492424428814545,21389
131.3107108638369,-0.012698776618632685,-0.00022212711268218598,-0.010200234948121145,-9.404856584689789e-08,-4.511897292448134e-09,-0.009905825363976864,-0.31737530947489684,-0.005182724977461866,0.11874786120388303,-3.562221091542151e-05,-5.007432799253129,11.36655136334228,-0.09149133130988524,0.0011878377006037555,56.0417993440242,-10.307713186075945,0.049045941243341495,-155.4498702371778,126.72357971401394,37.49748128892882,21390
137.66995524128086,-0.012993468754531813,-0.0001780460854483543,0.0007676745755839029,-9.461646025134337e-08,-4.411500703150896e-09,-0.009037729119138273,-0.3460999712108246,-0.004725389070692193,0.06899744118939,-4.308708234924428e-05,-10.600603417576341,9.647878020626552,-0.10183568939350146,0.001124698984394242,56.83424805872964,-7.822362198654532,0.02947448085638049,-169.02252714366568,126.72692259680042,37.496846043488155,21391
142.6499049003192,-0.012806807445650034,-0.0001403345617837547,0.006013823690242625,-1.0237088932203772e-07,-4.646696672215986e-09,-0.00875147751665187,-0.3747324124955118,-0.004279822370407909,-0.004051402842682498,-5.023313588810966e-05,-13.66700542628173,8.529533286850327,-0.10484327004075586,0.0011459621613099868,57.49731571840547,-6.631920391028483,0.003656540687951201,-173.1916936417984,126.72898380458236,37.49556769359233,21392
140.14991303050488,-0.012357399960442446,-0.00015600913568084663,-0.004521564589060819,-1.1367119402538412e-07,-5.244095471634291e-09,-0.009973668397825057,-0.3814214543348611,-0.00433314350179923,-0.01869814455737401,-5.030184637388981e-05,-11.28906591579028,9.968046308349347,-0.08734260826028958,0.0012523684172276314,57.605357269035956,-8.927618265151358,0.01645048129118298,-169.95727939635887,126.72421092572307,37.49512308307309,21393
145.68713984244897,-0.011875219829872052,-0.00011794308372830873,-0.0033757636342658685,-1.28331814665185e-07,-5.994193218279475e-09,-0.01027475218075091,-0.42673530032512635,-0.003815002179666169,-0.11942823238161102,-6.0230793413725024e-05,-15.21957095992636,9.155425381301251,-0.08109291940390767,0.001336390685096468,60.74711646375416,-8.482681840537076,-0.010157352604893232,-174.59222703189658,126.72424638400412,37.4931416557936,21394
148.80704432779623,-0.012038278490066815,-9.231410392159537e-05,0.0023264985405665817,-1.2801862633334108e-07,-5.940516164465006e-09,-0.009774943849373809,-0.43966202650379077,-0.003572777358123606,-0.14693182741055352,-6.396346960197907e-05,-18.12186014858128,8.305065298301404,-0.08970869354940043,0.0013171865406084214,61.733923471563855,-6.796683332702233,-0.024576309889784514,-176.7620922560437,126.72662171464519,37.49224769081569,21395
147.69775106125795,-0.01250623780113759,-9.219093269166007e-05,0.006697811302162423,-1.169496858342753e-07,-5.375846231196479e-09,-0.009052588901758763,-0.42068593232607654,-0.0036695239598819964,-0.10581958703104831,-6.0197052799285506e-05,-19.202848617160654,8.603464708102523,-0.09911274945762764,0.001198744183053471,60.43930965194636,-5.465205763645,-0.021612023701519035,-175.11364823366688,126.72875070019806,37.49315576902194,21396
144.25033009850813,-0.01282618515433467,-0.0001329345564304743,0.012255843276704158,-9.495172528299544e-08,-4.340182952318205e-09,-0.00794926038030409,-0.3657533619571685,-0.004263716805143999,-0.0055584020107488545,-4.9192257697730755e-05,-14.58632145352837,7.36926725232441,-0.11268705955907646,0.0010745263152851733,57.87156149931792,-5.793717796024667,-0.010241738571758733,-173.71997054582744,126.7335285600955,37.4958943330368,21397
146.8065408507072,-0.012769631560527296,-0.00011293577105976981,0.017786218937801954,-9.000278932384452e-08,-4.207906803626133e-09,-0.007151534350987794,-0.36305902658409284,-0.004073925080652422,-0.036296114285332436,-4.9534504508088684e-05,-16.782039673902343,6.220923328423119,-0.11713456568277597,0.000991528229989879,59.211402230258074,-5.007532753538057,-0.02983369809672821,-173.70346470306274,126.73938802007658,37.495544531644576,21398
149.06799775487568,-0.012681838769254735,-7.825173179289884e-05,0.011526853611290388,-1.1162197192207851e-07,-5.1422822865671415e-09,-0.008426194309615187,-0.4158384110941071,-0.0035522112245010003,-0.11336666563234866,-6.0143407169009185e-05,-20.987710817787555,8.111426006931598,-0.10618477137202774,0.0011264952578063179,61.05592820119248,-4.353114227045984,-0.03294191584503176,-174.3065800753125,126.73172652454332,37.492965960231075,21399
151.70289088231115,-0.012543825797018265,-5.9732341828778225e-05,0.014076473256996978,-1.1502050453381449e-07,-5.307440977239137e-09,-0.008258851879994002,-0.4274766280463705,-0.0033240762761274378,-0.15584593076804726,-6.360121405003525e-05,-22.203119866864803,7.22111269037376,-0.10770610701818746,0.0011452177536374988,62.17008732695268,-3.9183643230734333,-0.048724140874702476,-174.53303227219862,126.73385536785966,37.4916385116362,21400
152.88729204723495,-0.012571457237489814,-4.9750525986056e-05,0.017919160643601807,-1.1064778980013549e-07,-5.0997158871623535e-09,-0.007655299830319906,-0.4187033307142919,-0.0032343616859795265,-0.16837595813290193,-6.291492853107434e-05,-22.389213333929014,6.226688359844268,-0.11255292998583839,0.0010939801391636956,62.156763088322194,-3.544995737092485,-0.06008139962766704,-172.9760083157735,126.73805315071594,37.491102177440354,21401
153.59859469596893,-0.01257212786960208,-4.250880455341146e-05,0.02017428582437575,-1.0764815573965486e-07,-4.9702531539208415e-09,-0.007246411526520948,-0.41305211426018956,-0.003173481542263056,-0.17803791154121176,-6.229167203719456e-05,-22.572450192992758,5.618666065971698,-0.11513397218836151,0.0010553319722389292,62.108420298309625,-3.311134828371437,-0.06802698413096771,-171.49862497505978,126.74135212742111,37.490648494906665,21402
154.60938527088493,-0.012223084320358743,-3.9176237633682574e-05,0.012224077539819557,-1.260659731253267e-07,-5.992907704056787e-09,-0.008808204780432562,-0.4639342778815333,-0.0030665614262347374,-0.21781302140248557,-7.047815136876327e-05,-25.262800330701154,7.369967506885286,-0.10097082532939679,0.0012458906901585466,64.80844698555119,-3.4567381917189617,-0.06397774961568083,-175.57301918092654,126.73270623097748,37.48953454642509,21403
151.61636428420405,-0.010956757866085997,-0.00010166218359136953,-0.005634951401820828,-1.4692343146644802e-07,-7.164499878445749e-09,-0.01097558440506812,-0.47845687406929,-0.0034534799889679667,-0.231664817425847,-7.144095998176809e-05,-18.37726246984444,7.887689949540475,-0.06791595572246083,0.0015316435871434461,66.222648764404,-8.999452618293247,-0.0420799857704234,-180.58985423799933,126.72350279514926,37.49037966390614,21404
146.9127284713372,-0.006865575838013275,-0.0006240629175495818,-0.021076891097180445,-1.9631395485249153e-07,-1.029849007748505e-08,-0.01514014987392961,-0.4485786787971626,-0.005247214560056598,-0.32443761094281864,-6.982728659435173e-05,-5.0613430107139905,9.575345133202653,-0.014990866741345728,0.002258577989264518,87.9047500224023,-14.433953090734,-0.09216704375221221,-200.9511854889603,126.71190655939117,37.48827801913773,21405
155.68839065770146,-0.011311488854769835,-5.886822914564985e-05,0.0015013244986587316,-1.4347981794751166e-07,-7.18263891612488e-09,-0.010220643700925507,-0.503578133655155,-0.0031547486783842418,-0.26575507561192746,-7.652187905788206e-05,-25.250657683682068,7.5468599542504675,-0.07863693459975062,0.0014958626381150646,67.96916378231607,-5.591104893333843,-0.06508096722816253,-181.0663584475165,126.72737099803639,37.48833961691259,21406
154.6109527657917,-0.010501170914023233,-0.00010726295068879841,-0.005842576727875374,-1.5468829741861012e-07,-7.738890720441053e-09,-0.01127352811372183,-0.4994431999501445,-0.0034349650608403765,-0.27422675588115564,-7.671489042264282e-05,-19.83384005037274,6.929767891221003,-0.0631375302565046,0.0016388952893850218,69.47200118587938,-8.80928907483408,-0.0576106276700158,-187.10988507022074,126.72347860560502,37.48862329371838,21407
154.84650764912226,-0.009226361647899842,-0.0002047537800444561,-0.014774490505301451,-1.712588918618215e-07,-8.80922328392468e-09,-0.01264680800504306,-0.50319697901197,-0.0038666563630066117,-0.31256544140876086,-7.964569137474828e-05,-15.397034288355384,6.527705889413424,-0.041565737452861816,0.0018216571037271041,75.05886688154118,-11.332563307447279,-0.07191550369442902,-197.97245436174836,126.71952945056313,37.48791378424038,21408
153.80547482121946,-0.00816707504820132,-0.0003450581492155268,-0.020569298358639736,-1.8523495787882324e-07,-9.644024559973918e-09,-0.01380840716043374,-0.49005217961625663,-0.0043814940966805434,-0.3391875804863713,-7.967584574546319e-05,-11.000003639525858,6.704796671576656,-0.02845256941393853,0.001982194316569724,81.46059090034272,-12.492072097137383,-0.08553267178650224,-207.13133861321393,126.71629369822541,37.48732526129932,21409
155.80398824262423,-0.0075338117148528215,-0.00045468780909106737,-0.02191153719441523,-1.9665611521218525e-07,-1.0396729129661092e-08,-0.01435721982819136,-0.4792131653921911,-0.004741315642524406,-0.37704365324835015,-8.286717554994146e-05,-10.311821564919446,5.3191514679917455,-0.026078137654863474,0.0020501941375245295,88.27605162692808,-10.92306953803041,-0.09979407785029291,-224.18088108838123,126.7150936484797,37.48495080379566,21410
154.41425061835574,-0.006925385451006122,-0.0006141708441490702,-0.023341098012396644,-2.0467918188867536e-07,-1.0873299494512555e-08,-0.01498937712790747,-0.4654872609600752,-0.005122295250645022,-0.38846752087529196,-8.142564927419645e-05,-7.95437211904156,5.750332659633916,-0.02046256367369879,0.0021395936960024496,92.92051014159726,-10.90516643246704,-0.10959329939972318,-227.76682379418762,126.71307511862561,37.48456806462932,21411
153.3730591955287,-0.006347776662598596,-0.0007897294297074044,-0.018926220740831112,-2.134372882647385e-07,-1.1365428667543228e-08,-0.015551031177044056,-0.44683089753869176,-0.005564258197044262,-0.40121385337993515,-7.998072549576046e-05,-5.895495121911687,5.686695816694038,-0.017963912796133588,0.0022341874494491943,98.14505478298497,-10.116128386071496,-0.1198713448528269,-234.19348533515088,126.71107141143118,37.48336660569243,21412
152.38819759857532,-0.005952964222244563,-0.0009594620259660948,-0.017080989750243438,-2.1824137711951478e-07,-1.1691809196406337e-08,-0.015919232088391994,-0.43795889956650114,-0.005832598559490582,-0.40509744888454324,-7.862784374014782e-05,-4.7212483318064224,5.9393524794836825,-0.015314477205444578,0.002288198149589209,101.83777300566857,-9.840701562847967,-0.1273432956521436,-235.70239670415089,126.70971286325026,37.48297866441356,21413
156.51858530107035,-0.011891203438871772,-3.256176024526325e-05,0.009884582897480116,-1.3360246275449371e-07,-6.562873080790364e-09,-0.009253459472322373,-0.4914721159538764,-0.0029796225693123008,-0.25755433351985224,-7.503007316809958e-05,-27.158280512463346,7.328149759722705,-0.09419622676137591,0.0013550770012138987,66.83654218487482,-3.4303663585790467,-0.07464206788587428,-176.9528370038698,126.73181557540234,37.48800429388356,21414
156.8625060544664,-0.012231641958272164,-1.908467632351003e-05,0.01656864209428171,-1.2431363267069252e-07,-5.9396521288968455e-09,-0.008284968578394608,-0.46721519947523604,-0.0028679034350465402,-0.2503408005084574,-7.204338838209149e-05,-26.6025318974866,6.417228716107973,-0.10607810798123961,0.001218644140330598,65.29787104397721,-2.56079712299799,-0.08262705202344843,-173.11638037747215,126.73690993644202,37.48783076844946,21415
158.1039828821119,-0.012276067419663058,-3.5651992834733248e-06,0.022071307582868807,-1.1779140530301586e-07,-5.54116582592777e-09,-0.007319997920802946,-0.4485638289978213,-0.002732165735007966,-0.2671999954765237,-6.986940548238612e-05,-25.734680446087758,4.71404379248186,-0.11381313171373726,0.0011453955608417634,64.12735662587424,-2.288178376154687,-0.09615377272732285,-169.45886128417956,126.74507215985545,37.485964873332115,21416
161.91050864931174,-0.011859993673268216,2.294373654470213e-05,0.026081404534093758,-1.231262019634549e-07,-6.020880046739501e-09,-0.007095108349226095,-0.47075097787122444,-0.002525937933034997,-0.3365961462023404,-7.422280711503951e-05,-27.3194106839257,2.940249962855267,-0.114194314594739,0.001258968799172467,65.19285264174121,-1.3429639567824116,-0.12297766906722107,-169.17554425556926,126.75471685962937,37.47834825661552,21417
159.72882521245336,-0.012093827109165796,4.310924543463025e-06,0.023680955964893974,-1.2085426820324457e-07,-5.7508711169668714e-09,-0.0073075656627869506,-0.4542718510698038,-0.002672069135966632,-0.29438094219810956,-7.160554702332165e-05,-26.122168841283003,3.732697419483739,-0.11332492362845396,0.00121567512079064,65.17408235661811,-2.2939535401847366,-0.10255604968128705,-171.71990994506294,126.74898561442397,37.48287241987407,21418
159.12778688400232,-0.012109345357749914,-1.4018619090900399e-06,0.020546457407270863,-1.239370426414481e-07,-5.94178921205173e-09,-0.007797248610814309,-0.4676260140596725,-0.002702113390689286,-0.28692042823590547,-7.312647293473513e-05,-26.895716732012215,4.867265987888086,-0.10982955132326254,0.0012388002486476003,65.60189905880688,-2.2570046876160763,-0.09820704547174924,-171.84791111791404,126.74284871939717,37.4848722982534,21419
159.7770452067281,-0.011898826161554911,-5.87917452434137e-06,0.017767060051466634,-1.3018814096836632e-07,-6.4141096331375086e-09,-0.008414538789062695,-0.4887734034542397,-0.00274702374245799,-0.2995132876812487,-7.628099449389482e-05,-28.164599518190474,5.310354531018914,-0.10379057788176091,0.0013415929042067307,67.31767741244775,-2.3291408769322977,-0.0981126316502131,-175.14128145433654,126.7394528724412,37.4844016726677,21420
160.19413928841433,-0.011690268296478857,-1.2624166030605383e-05,0.015109787910247153,-1.3474277255216595e-07,-6.8065463979443895e-09,-0.00889408258556722,-0.5047515267405087,-0.002817833397048026,-0.3077021889610399,-7.849497786092369e-05,-29.052629074480485,5.617176021113624,-0.09820357232459942,0.0014236428275435232,68.65645220243464,-2.469489031264734,-0.09801768220262365,-177.98437077097046,126.73705790909489,37.484080234448285,21421
160.61448509911597,-0.01187157037239514,1.3924802296885867e-06,0.02024087411224755,-1.2892617150694534e-07,-6.359220264103131e-09,-0.00812374952071857,-0.484912616853343,-0.0026965249141697573,-0.31177097402627485,-7.615587742544748e-05,-28.089411438521257,4.558583474058945,-0.10635784683884567,0.0013361154546719818,67.2111051978452,-2.090153839400923,-0.10463712533646723,-174.69564913993446,126.74284618265462,37.48274526216631,21422
161.26945116958686,-0.011670798703131025,-4.735028337519518e-06,0.019376186265011735,-1.3276233665999027e-07,-6.701577069853505e-09,-0.00850961158055121,-0.49371239435160846,-0.0027845644066301473,-0.31995895393294316,-7.789139003629263e-05,-28.64429281985736,4.38247878146276,-0.10246309309286147,0.0014192258936811856,68.85043190765158,-2.22684374965454,-0.10354652536031902,-179.42177328020918,126.74165449694242,37.48161073619528,21423
157.18448705691958,-0.00973351588043997,-0.0001459752538086324,-0.005683162059173864,-1.6662634798731255e-07,-8.540708489176183e-09,-0.011984248859068682,-0.5013278983542467,-0.0037006328084662984,-0.31374203782740245,-8.11600971829109e-05,-18.605245825853753,5.23910349246359,-0.05666952353847294,0.001787600770330701,74.99257178040405,-8.889123386730548,-0.06853553617092349,-203.1961951181129,126.72237107261779,37.486114291215785,21424
157.94479372205794,-0.01077652057657676,-7.318801510562682e-05,-0.0006257599449909371,-1.50875606497922e-07,-7.827324024046342e-09,-0.010657195481022525,-0.5207941007855509,-0.003246869304042418,-0.2994585414389928,-8.063294122662135e-05,-26.03480168272476,6.649049722042126,-0.07135163985776169,0.0016235702444707383,70.95782295786448,-5.841192287939629,-0.07610416777408213,-187.63668808581164,126.7269117548157,37.48644460274113,21425
158.49701069671872,-0.011549524554481612,-3.2701329669573735e-05,0.009410588994715042,-1.3901542616198686e-07,-7.009127632735926e-09,-0.009527262139505612,-0.5071168512020544,-0.002976505420224808,-0.2881552736886288,-7.82315447117626e-05,-27.95691044203934,6.466793167916169,-0.09031132603790082,0.0014729178317551338,68.93624847804553,-3.646013941046992,-0.08219978078150417,-180.9738458349883,126.73217724483142,37.48605426770212,21426
158.49735956957045,-0.01198463475211172,-1.3281851654251254e-05,0.015437481481324794,-1.3002958503120425e-07,-6.3730830471761735e-09,-0.008612446352390796,-0.4888610770733078,-0.002804667741883878,-0.2810912534894341,-7.558968485607061e-05,-28.035095488196657,6.230594313398,-0.10193878370460704,0.0013165586585248367,66.85067618731333,-2.473237826100093,-0.09097249091672278,-174.49235181742415,126.7365898540276,37.48621821910901,21427
156.84399013076452,-0.008164199864838252,-0.00031050983939198674,-0.009477579138370447,-1.9059555114040437e-07,-9.896512919037298e-09,-0.013726938094119859,-0.4718453273954637,-0.004544482060114328,-0.36286467437881337,-8.267150061259541e-05,-11.893711140946012,4.168822076616429,-0.03946925580569887,0.002006114623628174,85.09859709590854,-9.63413434982319,-0.08535644298713045,-226.93744002342925,126.717177750415,37.48376835344411,21428
158.5298387900598,-0.008821104786343981,-0.00021918945943725794,-0.004715882329991611,-1.809567132850846e-07,-9.459928209307031e-09,-0.012916126118357869,-0.47926269653498443,-0.004245012298105639,-0.3471277050274872,-8.30933070590234e-05,-15.947344702351126,3.5151420637458157,-0.050386200522023146,0.0019216002033703142,82.40775359304583,-8.368485550616256,-0.07469519795325719,-225.95869968427053,126.72024756764228,37.48294006904674,21429
158.9132807609021,-0.009427672774646095,-0.00015928168776731656,-0.0011213758766645742,-1.7161314322231693e-07,-8.948880320021443e-09,-0.012209471340486121,-0.488366272521657,-0.0039438549715900655,-0.33006402234133275,-8.251054839796369e-05,-18.804770059755924,3.7544483438424487,-0.05913455142730842,0.0018533097685953144,79.17404632869429,-7.675560031268917,-0.06933965805436747,-218.2532150127326,126.72278842554158,37.48324345251364,21430
160.06528444345355,-0.010024520040114478,-0.00010958355245780876,0.0017720170324189842,-1.609511663854359e-07,-8.57121316148787e-09,-0.01135922889058051,-0.5053215230770267,-0.003647326889363658,-0.3234532898849338,-8.286831718950693e-05,-23.942769726003817,4.203348016777608,-0.06753695306447766,0.0017881545614542452,76.82144951241266,-6.037226019798036,-0.0742075860799218,-209.1101643325905,126.72638403027585,37.48279103909148,21431
157.4897006285457,-0.007284699023265875,-0.0004723420737957333,-0.013942790013382377,-2.0401127723925019e-07,-1.0835038817261039e-08,-0.014509613118411046,-0.45065238892347226,-0.005179489195598051,-0.39209547964749286,-8.31857723175244e-05,-10.581018264323756,3.1872122479419263,-0.03350039121347589,0.0020940361143902777,93.0265838231344,-8.22064810880126,-0.09593920478982124,-245.14467865342658,126.7148430739005,37.48080919841136,21432
151.59781069305282,-0.005284793998967106,-0.0014132493043990378,-0.017915321131412153,-2.2601021902111108e-07,-1.2409509165449293e-08,-0.016529596345015423,-0.4278076702132917,-0.006265101809636035,-0.409674251618125,-7.747320518844346e-05,-3.616126524756998,5.902538724800946,-0.011997941170306167,0.0023158097142656,110.73282002783041,-8.71843782040775,-0.1404552799664079,-240.6437421233822,126.70758047376522,37.48169871570618,21433
151.48432301301804,-0.0047012348672024005,-0.0018960615279061978,-0.010803782201130626,-2.3469416110498896e-07,-1.316155786318282e-08,-0.017067128998741347,-0.4118141959546856,-0.006781095176873352,-0.41225040533171625,-7.672102982506749e-05,-2.765819763833816,4.872500264756396,-0.013616304746063727,0.002324380217693851,120.4036141241516,-6.431163719692678,-0.1502963940061199,-251.2365301999406,126.70501865787928,37.478362591715,21434
153.95632782841383,-0.005728433586992856,-0.0009894559710007102,-0.008084339044564095,-2.2661592229716312e-07,-1.2116218517882757e-08,-0.016057448557165198,-0.4135250989288772,-0.006318070393303382,-0.41745906721404186,-7.89585578935288e-05,-4.913050914861613,3.788820207035776,-0.022509560462649333,0.002312818659341784,105.830895017583,-6.987293342574774,-0.12338895659125779,-255.60627297881354,126.7085079976983,37.47817386366074,21435
154.14815130693134,-0.005483858986416984,-0.001095119078211975,-0.005733727307697758,-2.315482796713326e-07,-1.2474869161402292e-08,-0.016232229152600256,-0.39677903574066153,-0.0067142705357090835,-0.41544870944106105,-7.759535285357885e-05,-5.067911984467028,2.8386648094092055,-0.025803051584453528,0.0023283564922481864,109.42561869204363,-5.363823751856802,-0.11809302799356657,-266.52518014625076,126.70721419994298,37.47468659381059,21436
152.4810064642957,-0.004814732795628033,-0.0015547175495689016,0.0015053326557218879,-2.3938239173714705e-07,-1.3103654652451792e-08,-0.016873684060260203,-0.38746304790448277,-0.0071664530945281905,-0.41447263451052524,-7.551982362170295e-05,-3.281563024979552,3.131680202461782,-0.022505188959957515,0.0023840145705332594,117.43297425830698,-4.514674467431544,-0.1328831263793832,-267.5541815604219,126.70397172235378,37.47318102192242,21437
154.10500325786518,-0.005404906312847697,-0.0011025567014276904,-0.0018778681956231787,-2.33686233744542e-07,-1.2603950257984758e-08,-0.01626701404304729,-0.3844034378667334,-0.006952490554283064,-0.41032531831029767,-7.61785914293913e-05,-5.249932340555337,2.2379037297836066,-0.029052022055280104,0.0023457711221270385,110.54274533524155,-4.40600963837803,-0.11119328193719288,-273.1550134891907,126.70643758842904,37.47198263683672,21438
153.41385474582225,-0.0051877298532549,-0.001187632662681378,0.004962110412599301,-2.3725884775854542e-07,-1.2791088775505976e-08,-0.016453587736740993,-0.3738388636187431,-0.007216962046909097,-0.40704939025301884,-7.452411950782523e-05,-4.643331365474576,2.0482807723341154,-0.03022463713712665,0.002388100456032352,112.54317404851199,-3.7310943132068974,-0.11093785320664948,-276.6666634226595,126.70483955450528,37.469765617336265,21439
146.90342221050244,-0.004767521165102808,-0.0018251504913311528,-0.0036196948284237004,-2.257852496080377e-07,-1.2559915955103673e-08,-0.01698049246624085,-0.4149193562468316,-0.0065274959818447135,-0.3768342685783747,-7.021353963286988e-05,-1.6462706940314817,8.025585578960275,-0.007335029473754175,0.002439565488248146,115.05663060831083,-10.09636359337873,-0.14605458790135595,-226.54270778237066,126.70578803824107,37.48380875851737,21440
145.78562064618666,-0.0036980900381857053,-0.003972119763398439,0.007243338531587906,-2.2933100503721214e-07,-1.4308702581023139e-08,-0.018173478989523945,-0.4204271623850022,-0.006773226892509933,-0.33212418467685895,-7.044470206868228e-05,-1.0800723175774567,6.943147067826595,-0.009657439407572925,0.002163941144963622,146.00578171806941,-6.282611295333639,-0.17736702740387728,-225.10270699566044,126.70250507865805,37.48083151256389,21441
139.3712871872393,-0.002499267152221005,-0.00752057372376931,0.0870845429592348,-2.1978117056117744e-07,-1.6078593177515878e-08,-0.019535271863600184,-0.4239701353544956,-0.006609629392819189,-0.19386548205164456,-6.374612082195536e-05,0.5589257037166773,6.4426666562930155,-0.01798587638730671,0.001810111154112819,188.12228177687666,-2.9846989444479077,-0.21867243775890352,-195.27303703692985,126.6982352937803,37.479768325338654,21442
144.09421306632348,-0.002919044679223888,-0.005842963833015654,0.0458982984108464,-2.2957312813836199e-07,-1.5612221992817606e-08,-0.01910974546994168,-0.42123726300598574,-0.006910573096710023,-0.28210644272116253,-6.98803272983015e-05,-0.033320532221093185,5.503414799994452,-0.015866561772034472,0.001958057529278524,171.46465293831685,-2.7146830451639965,-0.20568477556897188,-220.81753991723124,126.69854068956828,37.47697521518513,21443
149.87346309144118,-0.004092893215290728,-0.002599507888231365,0.005867775377157737,-2.4002094947525245e-07,-1.3847070465624105e-08,-0.017665701871979158,-0.4015514033248124,-0.007172520368655452,-0.39736612398547894,-7.438848055060607e-05,-1.4781613847300705,4.665808112203336,-0.014208858047260594,0.002331623303426978,131.34647416119907,-4.922635458262746,-0.1641531663267895,-252.2396090543923,126.70202619501492,37.47620631922906,21444
150.88483110475224,-0.004264418504890975,-0.0021505831255978916,0.009885322713327767,-2.4328328222160985e-07,-1.3661988810480722e-08,-0.017433338800062276,-0.38720029418845503,-0.007396414262237462,-0.4063531186881209,-7.41245078040003e-05,-1.922255369954652,3.613071970797636,-0.01926036027002506,0.0023904086992976806,126.29364170711179,-4.023905077032937,-0.15022833696074941,-263.5984277109341,126.70153094779319,37.47301138641921,21445
151.84963042993297,-0.004573719586020355,-0.0016703570260774257,0.011735075442163729,-2.437230733546456e-07,-1.3357810408972955e-08,-0.017064900018912126,-0.37235496709084326,-0.007533715114897423,-0.4069392373760725,-7.331402574836248e-05,-2.897489952194649,2.584490678794527,-0.025764658786215595,0.0024272395732894644,120.23202796222694,-3.291172846678446,-0.12933868383432248,-274.14428690818875,126.70174218856947,37.469454654473004,21446
133.88720638051953,-0.0016195636790081376,-0.007691108733891272,0.18229201830906516,-2.2990361232471814e-07,-1.6114351295687787e-08,-0.019631457735962286,-0.3753669311891123,-0.007483084739345947,-0.16277497014137476,-5.013785595878235e-05,2.327322556349358,6.9536745525108055,-0.012488558939527947,0.0022628493001765754,187.26257548391348,-4.528978710261202,-0.2368415242407221,-189.8420522853548,126.69483404621613,37.48204593719541,21447
136.19279083685197,-0.001502023902323873,-0.00816152718099313,0.19228800754569916,-2.3467875745295796e-07,-1.670321611344545e-08,-0.02003467633656341,-0.3849656622262568,-0.007571573043224761,-0.17928863098757777,-5.5955173569478786e-05,2.908010546127478,4.772873411386005,-0.018903115148007677,0.002115924216020233,195.95683151037272,-1.0124933246783272,-0.2534193217814377,-198.7322280749039,126.69062932404566,37.47635873189149,21448
137.02484079850117,-0.001402270703012995,-0.008352560300440551,0.19831324547261558,-2.367491045551372e-07,-1.696834475665743e-08,-0.02021050281518989,-0.38808701426459896,-0.007636163437790208,-0.1848840698452271,-5.7845442723321686e-05,3.1411224623765475,3.930280576947063,-0.02138511140509101,0.0020638486577929335,199.5840071070478,0.330166868369387,-0.26043829662474943,-202.4670306780865,126.68816734269693,37.47328903992396,21449
141.2676902920201,-0.0022401053980332405,-0.007387452436531949,0.10596936609611228,-2.2953858386637666e-07,-1.648543145330077e-08,-0.019795625120246855,-0.4153728017997217,-0.007069633309538363,-0.22697666461842425,-6.639496030335527e-05,1.285427202930457,4.54048807936196,-0.02157309499485404,0.0018683894704764588,190.26483525863748,-0.3940024109812045,-0.23108466537855193,-211.5428905226979,126.6940311275361,37.474062581305255,21450
144.12156424340938,-0.0027639301045328008,-0.005864976676130756,0.062286875268953004,-2.336348798070835e-07,-1.5757634130260813e-08,-0.019222852220078517,-0.4129862232970279,-0.007147045337727285,-0.2861621711928326,-6.939083043554422e-05,0.4513316913718611,4.842609353354677,-0.01790018139762733,0.0020061164300318552,172.6739519802324,-1.796117303559821,-0.21008088746124484,-225.78623155189152,126.69664142405678,37.4747875190257,21451
149.23789392369505,-0.003657400433426024,-0.0032900124364446527,0.015563230454598296,-2.4364618181081843e-07,-1.4550838150557453e-08,-0.018127111730485385,-0.39253858659038554,-0.007530741034395352,-0.3756692232736072,-7.296482169692314e-05,-1.2948111640331303,3.7661705917720347,-0.018666214458046972,0.002267785869327096,142.2357710670178,-2.612205304445999,-0.16688559541720727,-257.849224240317,126.69904100534173,37.471885756985365,21452
148.28922574371856,-0.003356272859484339,-0.004055565699798076,0.020105024949754895,-2.4224755564654995e-07,-1.509398419226723e-08,-0.018514308745673343,-0.3957549460027699,-0.007567323945323607,-0.3493725326404017,-7.225979565193084e-05,-1.188817314740555,3.622243308641538,-0.020574953679740347,0.0021610809700761797,152.61769469039226,-1.4202826322508773,-0.1730775557384001,-254.57578113434,126.69750605651875,37.47039123769449,21453
146.8201215036072,-0.0030145171639914215,-0.005105757912117968,0.030122807138593256,-2.3847479269071244e-07,-1.5719870434412364e-08,-0.018990834815982707,-0.4034713309005106,-0.007484200346185433,-0.3121253467250596,-7.149968167375863e-05,-0.9330339738503157,3.6134590097939485,-0.022787879648202326,0.0020137473325661467,166.05179696393054,-0.21717878089434706,-0.1837042961309194,-246.55785025381257,126.69593885139915,37.46944290368492,21454
142.3843207018944,-0.0022831107077905155,-0.006781548831502766,0.10471856720526748,-2.3558882146315014e-07,-1.6352600119453502e-08,-0.019688880102641873,-0.4053301455109076,-0.007382140213792028,-0.2530523238357533,-6.679976392920792e-05,1.3703050367543652,3.9735999692434456,-0.022806557909064853,0.0019743004800988886,184.29926325219333,0.1127209557683518,-0.22474417089108764,-223.018150560357,126.69237158317031,37.471207649397485,21455
160.3216868969409,-0.008892467942490545,-0.0001890809637342952,0.008436552052364071,-1.7790542419852875e-07,-9.647660161556916e-09,-0.012597958754704161,-0.4458096819765545,-0.004599044521344779,-0.34027477885761576,-8.069377011133781e-05,-18.90362357516791,1.3274098148064584,-0.06368231093288863,0.0019493514414913938,86.63641626089779,-5.314969355402195,-0.06048495428902101,-246.9689955952139,126.72368665566553,37.47607395902775,21456
162.02605355748176,-0.011726699039841556,8.552010754229017e-06,0.02412578784138301,-1.2831662636104418e-07,-6.422496716180095e-09,-0.007825429634860652,-0.4785838497401107,-0.002694152653395101,-0.3317042802524479,-7.614960171173646e-05,-27.982742364735536,3.2029150553901378,-0.10850866350757199,0.0013630044815603995,67.80551935417185,-1.7947357636508903,-0.11240216330985252,-177.25602534852,126.74937733841922,37.47854565188116,21457
160.28488607335717,-0.010882457837746953,-5.692404211957419e-05,0.008630847568482772,-1.4808005189581936e-07,-7.755751257010057e-09,-0.010249506658704262,-0.5099871794663695,-0.003253009637962629,-0.3109307998442831,-8.11222699266483e-05,-27.152054812690306,4.863215301631371,-0.0822973137401525,0.00165425409608863,73.17677290101182,-4.407102345048971,-0.08023830810448232,-195.66005234116028,126.73115394555708,37.483104761541625,21458
