intercept,APART_DIFF_AVG,점포밀도,주거인구/직장인구,소매업매출월평균변화량,외식업매출월평균변화량,단독주택 연면적 비율,아파트 가구수,BAS_AR,상가밀도,근린생활시설 연면적 비율,BUILD_DIFF_AVG,(주거인구+직장인구)/유동인구,평균최근접역거리,INT_LOAD,평균 도로 길이,평균최근접정류장거리,외식업종다양성,공동주택 연면적 비율,x,y,BAS_ID
109.007263084877,-0.005897752610928785,-0.00024477198747419347,-0.06991202119886575,-5.812418659614031e-08,7.413313692660729e-10,0.5981568597361214,-0.004647459097064238,2.3003542343182595,0.0009362631143013676,0.3517227371473952,1.2355073862214989e-05,7.003493664744829,14.031032416143175,0.014671340325512736,-0.030497305939440122,-143.750195903148,-29.084917477409668,0.4682746078738359,126.68913490770505,37.51870773736182,21300
106.57380560294501,-0.006140602934220105,-0.000273094281012194,-0.07020956327784848,-5.727926205639117e-08,7.019524075197089e-10,0.5728021329864219,-0.004873237083283224,2.720831717113948,0.0003690602403325704,0.38885620271034604,1.5084642457135102e-05,7.765118275426602,14.11425945612417,0.015209658208808137,-0.02860799578693743,-145.4392631023026,-27.469891621055712,0.4752797031348058,126.69545880461988,37.52241686372307,21301
104.32549800604922,-0.006422299435832245,-0.0002953643858334268,-0.07109830926416093,-5.5422648024470325e-08,7.382438214826212e-10,0.5575729906901663,-0.004967548969323032,2.2063641415705653,-0.00012564921622190524,0.42061574006547964,1.8431925538358993e-05,8.352044428767682,14.198915796161186,0.015724910517250435,-0.026559406688649666,-145.46819814729204,-26.440639464015867,0.4834414900684858,126.70134171772969,37.52233877708572,21302
105.66484106123258,-0.006317430687940309,-0.0002806110135115694,-0.0719412289002359,-5.4251754956904995e-08,8.472754294474608e-10,0.5780615471918695,-0.004720834961351191,0.9923725503961155,0.00017721034028252578,0.40238800133059544,1.8006857421001807e-05,7.931443002628531,14.13682410824202,0.015695193522635167,-0.026819479923898215,-143.93619627003704,-28.021708078713054,0.4804172786798663,126.69872979436714,37.51898140944887,21303
103.11106492923767,-0.006664395357166533,-0.0003058251788613449,-0.07307547466132523,-5.232931014588565e-08,8.987403467778549e-10,0.5632250424314191,-0.004811930349492256,0.011043652471247318,-0.0003645416566467195,0.43783966760678455,2.1541381847044008e-05,8.561684578759328,14.271207074287899,0.016418314537611715,-0.02428695407268384,-143.86093114048032,-26.919018025586986,0.49028116238879244,126.70341884326405,37.519318995056054,21304
103.88468537481418,-0.006669025658228931,-0.000297260350569101,-0.07494941995248515,-4.929429113915644e-08,1.0901459114887756e-09,0.5831654283669625,-0.004478368064932238,-2.2140927466560734,-0.00021190299479480543,0.43020455363015614,2.2960563533000233e-05,8.21717004861138,14.200774204878103,0.016464279640023737,-0.02349602038985559,-140.78575429262682,-28.757281693763833,0.4904230143640145,126.70300423971963,37.515329100586754,21305
106.70073687685003,-0.00624392704052984,-0.0002686514801448232,-0.07294173143133963,-5.269262968378285e-08,9.68616988208725e-10,0.5975656275468337,-0.004480776817305545,-0.35693761058352247,0.0004171679726310632,0.38847347295633705,1.8238593424641126e-05,7.593983071288782,14.070567317165237,0.01575361847777839,-0.02675282213863555,-142.39421045294665,-29.553290922601025,0.47869013057766147,126.69720548857926,37.51567898613793,21306
109.27935708978993,-0.005944871627508821,-0.0002381452685939739,-0.07208726158273501,-5.4049482834093855e-08,9.685331929434243e-10,0.6191656783649093,-0.004300710862978036,-0.10292296540733577,0.0010000102624726805,0.3489755078993818,1.5280788896870775e-05,6.806217989068739,13.948202655794931,0.014866485225320624,-0.02930446010058646,-140.59312010555752,-30.930501565232905,0.4704493685283381,126.69309964043227,37.512529261238306,21307
109.82761809074917,-0.005909115411327108,-0.00023018377788112563,-0.07286741959275807,-5.238126086344037e-08,1.0699437426495675e-09,0.6302052889932689,-0.004109839458771904,-1.1198191391455858,0.0011065222808910832,0.34198473228578646,1.629888656147578e-05,6.558935730135439,13.879716525884618,0.014599595979402075,-0.029326616900352494,-138.22778216392803,-31.93985164032942,0.4699759378844116,126.69463592515947,37.50972402615308,21308
104.70421454773697,-0.006666574963689796,-0.00029185720261372427,-0.0781767428378407,-4.4157399748484655e-08,1.4097304925663208e-09,0.6137459641345309,-0.003982517797744643,-6.1380258570135915,-6.293887802126935e-05,0.4278917018104808,2.609323696133162e-05,7.8707458486521595,14.072118252907382,0.016949139325972012,-0.021421725054790848,-137.0165545317379,-31.786650381826878,0.4922059815890071,126.70257157044347,37.51088024429188,21309
100.7475905891087,-0.006954584983976527,-0.0003260736535079836,-0.07256551739916468,-5.307566984202788e-08,7.942151151533544e-10,0.5365717392208695,-0.005116038044643678,1.055317123012623,-0.0008536723928047382,0.46544697630832693,2.32120757888063e-05,9.15468235366789,14.384330025135434,0.016444500914763883,-0.023405229058768403,-144.38260879704075,-24.671221291875014,0.49829402707813725,126.70802741158735,37.5214043470635,21310
101.79869979839313,-0.006884768013023686,-0.00031606280011206556,-0.07366889105792188,-5.128520322049655e-08,9.217740403278423e-10,0.5534207764190565,-0.00485182050550892,-0.39261157880026976,-0.0006457680300140056,0.45399761759675866,2.3391772212554955e-05,8.790871497024737,14.327570015648948,0.016416472453351576,-0.023270134959294253,-142.41614121701386,-26.195291204934918,0.4960241171745204,126.70645139187884,37.51875080500249,21311
100.94937228996126,-0.00716938540379191,-0.0003247599276011482,-0.0769666818761078,-4.661707842530179e-08,1.2056811766166154e-09,0.5708400343963765,-0.004492548207136071,-4.494721322997242,-0.0008116093201647094,0.4700577730638042,2.7049373011361522e-05,8.774062471361072,14.396819022620203,0.0172733208714403,-0.02007914690338017,-138.74795815564553,-27.787923618164236,0.5040650482897391,126.70691946411556,37.51509833713639,21312
102.03054590403076,-0.007159456335993005,-0.0003175892113146496,-0.0806477246588133,-4.0588347809599194e-08,1.5658199565507027e-09,0.6016437198817931,-0.0039056591691784296,-8.846194670573073,-0.0006560065054520047,0.46770259206992737,3.069489974515606e-05,8.232529974578545,14.232434123262045,0.017276861875574732,-0.018071498776066675,-132.8817102221463,-31.19080878797657,0.5059518189067531,126.70652058482338,37.51059783447811,21313
98.00022666365408,-0.007488433307185871,-0.0003421522609758239,-0.07345766597681504,-5.226826594420209e-08,7.694116751737575e-10,0.5135783508395543,-0.005328066011230465,1.0965297578428932,-0.0013727247606859314,0.4911038755023311,2.6029500053474073e-05,9.624886911649867,14.487643405633763,0.01623333082432257,-0.021796805325249084,-141.58480266081824,-22.600629675307875,0.5118478122111325,126.71319259164342,37.52037539808062,21314
96.60967024848354,-0.007907739521978265,-0.0003409626302033725,-0.07252265677710083,-5.35276476466592e-08,5.379867761837263e-10,0.47702405202034437,-0.00576440235538864,5.212018030133958,-0.0016450510045115893,0.4923673121097356,2.6204118400661e-05,9.814653590330572,14.213104228544786,0.014288474546558108,-0.023247442483080253,-138.7871008259129,-19.732828262822636,0.5204304430758006,126.71891876142693,37.52020716759903,21315
97.64928902950622,-0.007912547910364871,-0.0003306410710864562,-0.06904050037568048,-5.597992596509855e-08,1.6899307028944684e-10,0.43604116590007885,-0.006219100760502795,12.527704536614294,-0.0016030233171886131,0.47619824576770936,2.3127414097382663e-05,9.62637969125345,13.302721322908232,0.011208981996710303,-0.02750818062099427,-138.27782862644978,-17.32610556308824,0.5155773707506134,126.72512332161521,37.52075627781089,21316
99.31909843683493,-0.0078079305543850685,-0.00032566777279181825,-0.06576214758633853,-5.7956178508682033e-08,-8.306508930882848e-11,0.40694589132438863,-0.006416212049596926,17.25887039744012,-0.0014984186293260239,0.4641698398720028,1.9161185660840964e-05,9.232019784826566,12.31431965803879,0.00904717665193905,-0.030467337590658627,-137.80530914374467,-16.024658467645352,0.5060915012414213,126.73053373535897,37.52055707999099,21317
101.85167495688243,-0.007335638349825994,-0.00032602365002614716,-0.06215879696097064,-6.089694620463052e-08,-1.907286062956066e-10,0.3940525771153079,-0.0062980859659467255,17.864926575222018,-0.001257887632152196,0.45564886654179393,1.3514439960324584e-05,8.601677529259781,11.747932541879132,0.0083183798754296,-0.03226073504893017,-137.94743510045066,-16.085311567532983,0.48655787572485026,126.7361576234256,37.52074545539758,21318
104.52978701293887,-0.00679045601045063,-0.0003268894532493042,-0.058997307444180164,-6.480669816156232e-08,-2.6680027811733574e-10,0.39033122550208044,-0.00613962660451432,17.11391537446379,-0.0009220596573070412,0.44454536775353926,7.113374138637025e-06,8.009849479682448,11.632169394887727,0.008156056801052686,-0.03349067622868726,-139.30380770337888,-16.570083359324794,0.46544882545690053,126.74321514378205,37.5219067233361,21319
106.20025014657467,-0.006591316587774991,-0.00032591749258212597,-0.05701107967489628,-6.684373052802e-08,-3.261333967341315e-10,0.3846679764065364,-0.006018790179503316,17.0468140419779,-0.0007218408838477767,0.4346941670428893,2.8285088170100587e-06,7.535170420797137,11.359535219131596,0.007593807210189086,-0.03409632058883214,-138.8839437179739,-16.537893900441333,0.4528735827419954,126.7488155826459,37.520512435412016,21320
104.47889955775838,-0.007042993849188271,-0.00032571817020907,-0.058665287478607026,-6.373990278742328e-08,-2.9536674146298104e-10,0.37931448728060635,-0.006108377404493465,18.172967846530064,-0.0010038114787138037,0.44309081029822805,6.890599864600353e-06,7.803216961236037,11.010337765987737,0.007245380941021342,-0.03333973816184362,-136.50851890379093,-15.833328293426334,0.46663269398365526,126.74324183744143,37.51850596365194,21321
107.86782094617286,-0.006335628330037438,-0.0003242779244072775,-0.055245518108382255,-6.924544906901046e-08,-3.7865433788261117e-10,0.38393371751082706,-0.005911815510974298,16.701457750710844,-0.000477112294685371,0.42357095524694394,-1.3950286541854112e-06,7.128635651456935,11.325488684770876,0.007291174756054296,-0.034721321032539824,-139.44817917206186,-16.735439026170944,0.44046726302951394,126.75566589791076,37.52007688820165,21322
100.81880766344227,-0.008112906292477443,-0.00031162524654588576,-0.06475869461617925,-5.6186442945535745e-08,-1.2554608167797427e-10,0.38945395320376314,-0.006211081511845056,19.10897407847894,-0.0013725713022243325,0.4446919542821297,1.6647174815811422e-05,8.280398274436763,11.036268006545138,0.0067511528763148435,-0.03132954655895342,-130.82217568317105,-15.476520221889777,0.5024970589771522,126.73380894864344,37.51608671250486,21323
102.251305261829,-0.007970935400032877,-0.000314139701704435,-0.062074183637900196,-5.825489822353979e-08,-2.5427642322840787e-10,0.37400698361976314,-0.0062021559552420955,20.57668038335564,-0.0012906134092591929,0.4402217265615747,1.2645893100947685e-05,7.916427654391754,10.26369659238348,0.005965361385404444,-0.03218768304322091,-130.93054691477158,-14.841163924577689,0.49121186491757995,126.73735307054208,37.51538694098997,21324
104.31894660119028,-0.007403182232997195,-0.0003210012747451151,-0.058849920985902054,-6.179498975296288e-08,-2.9814174416612655e-10,0.37074436951969425,-0.006034157338903572,19.208280715148632,-0.0010802777107248205,0.43863878528568884,7.336624593944104e-06,7.523307027933239,10.24996917367584,0.006193453242363638,-0.03294318380999281,-132.6578155548929,-15.166596736634306,0.47038219441512585,126.74211095416764,37.515279842530006,21325
106.29167248009377,-0.006928042834053102,-0.00032699112621499446,-0.0559365762246008,-6.571826728174988e-08,-3.8660637513715363e-10,0.36647144841192136,-0.005952734685606379,18.611672322105907,-0.0008498470888798714,0.4339368252478554,1.7614739391702462e-06,7.207187602804428,10.293109251449495,0.00627252062054213,-0.033625098088595394,-135.1385898830445,-15.299653759996792,0.45166560718894105,126.7485031464966,37.51560938874926,21326
102.50881971766381,-0.008455523471471252,-0.0003023495824057766,-0.06262147577973394,-5.5682280969984457e-08,-2.5636280633591015e-10,0.36680464374991134,-0.006063768871548312,21.957060428308242,-0.001270476037084486,0.425887748329584,1.276951719331344e-05,7.364626994727115,9.168669513131643,0.004475570162008509,-0.031546747402157516,-125.80198740075048,-14.346669967034671,0.4963681822429407,126.73710299172977,37.512701817751,21327
100.89203124208053,-0.008752360724913932,-0.00029505323897030647,-0.06622698734179096,-5.240647705795122e-08,-9.303764367647859e-11,0.38341382317504974,-0.006039608605308813,20.424918272789306,-0.00134105945793716,0.4264511289195208,1.7645126623941148e-05,7.607966178994683,9.977265403722198,0.004947415154206988,-0.030491966492944212,-124.01567284710838,-15.109747011353289,0.5120185665438267,126.73357519465186,37.5129551650066,21328
97.10309448829338,-0.008512313135313771,-0.0003164969590205795,-0.07230548505637169,-5.119393524634156e-08,3.6167955908598454e-10,0.4413769079539341,-0.005904001799236055,10.684088272768873,-0.0016174336606446557,0.4661725701899678,2.5639112396219806e-05,9.03027988333018,13.121449306342102,0.010212331784900658,-0.025897279369239072,-129.29389214431396,-17.848474576451913,0.5275688648876119,126.7248954590203,37.516428945139154,21329
98.82780310218558,-0.008420725847587057,-0.0003089513981268438,-0.06891047894531972,-5.291165072167379e-08,1.0445614688901944e-10,0.4132756444981527,-0.006095441596452469,15.817674976394668,-0.0014901826877980443,0.45088733911276024,2.1856585441426767e-05,8.618154690804896,12.015752483394195,0.007970651377928125,-0.02902931391890112,-129.05192373793577,-16.493231578728796,0.5181629769080256,126.72914095377996,37.51599952583299,21330
98.9126842809797,-0.008850958990708962,-0.0002936584488591556,-0.07089029055475145,-4.8668686152245745e-08,2.598954551015456e-10,0.4175110929465324,-0.0057600382839328,14.6014810167007,-0.0014269062732834672,0.43747113232703555,2.3625076033895707e-05,7.86971291380623,11.572033577928876,0.006819561045476572,-0.02790994582476125,-121.44878148640876,-17.057264053825893,0.5254292218456105,126.72896966340448,37.513023161354845,21331
96.90591591247971,-0.009011105809507855,-0.0003003843080313185,-0.07573550677461921,-4.520800311149064e-08,6.392310690830167e-10,0.45386289832754356,-0.0054033835920370065,7.5745142310041444,-0.0015702223091480971,0.4558758813112184,2.8946795125206335e-05,8.131714807463792,12.956629251209343,0.009201809525662782,-0.023810756487634293,-119.14326373644612,-19.185467636741983,0.5382509798345653,126.72456153357894,37.51284888767801,21332
95.95525258804273,-0.008925406133915424,-0.0003143448616954876,-0.0764063989898315,-4.678524098618183e-08,6.745857938623896e-10,0.4634961442813892,-0.005493990591296353,5.613089854225233,-0.0016918956307653194,0.4714724700819846,2.933397281250537e-05,8.73642528695022,13.567361455440956,0.010980796918949154,-0.022412096712055924,-123.2217001903715,-19.353270901181304,0.5398182740383445,126.72272411487454,37.514294919956676,21333
96.67405388760601,-0.008347908342775602,-0.0003347208214484834,-0.08091191930936861,-4.1206600366986386e-08,1.3458927759699247e-09,0.5381063071682558,-0.004469679689740092,-6.396506151708405,-0.0015918711649443459,0.5018673820154381,3.384204742563096e-05,8.65352508462923,14.525498392483016,0.015246060261177677,-0.016828115137075945,-124.13682677106875,-25.391299269914963,0.5334651096478191,126.71522085131534,37.512349271270885,21334
96.65510392696207,-0.009239285182228664,-0.0002922207617472659,-0.07944028103787436,-3.8798908580140475e-08,1.0307687794799791e-09,0.4806041079885148,-0.004756717729571049,2.1062988860042013,-0.0015426678044882097,0.45756666100610444,3.3671356308675507e-05,7.334318873988686,13.205403163320016,0.009156323495097894,-0.020853032809598857,-110.63614007274684,-21.631782002342955,0.5464118798680326,126.72312378787706,37.51022634485727,21335
98.68464529053063,-0.009404118331443367,-0.00027679250242021637,-0.073595508591366,-4.327668120251161e-08,4.614349767042592e-10,0.42533675433897794,-0.005363777723169959,12.845335470204784,-0.0013746113380500833,0.4239187343460156,2.6626411474545967e-05,7.000302625308455,11.10150087307803,0.005621384039763719,-0.025839982306515803,-113.09593569269228,-17.84999216005864,0.5370282823349325,126.72851926211857,37.51048241928701,21336
99.37612296986653,-0.009556888778230011,-0.0002635979961469815,-0.07407470194456638,-3.917685602209105e-08,6.459782909973364e-10,0.4330570960645016,-0.0048961965209014,10.876318056421484,-0.0012601477406794233,0.41293583651514965,2.8242088240072406e-05,6.0488768012634875,10.496397828397853,0.004553864151772655,-0.02479208476812397,-106.57756186399496,-18.783081049167457,0.5374466421497107,126.72887410436182,37.50824363218556,21337
97.32629079435189,-0.009366075121974179,-0.0002784862216192665,-0.08047113863805422,-3.4066517762012715e-08,1.2241152762847964e-09,0.48901652302642895,-0.004316630609306756,0.49171803444015044,-0.0014337219813478797,0.4482179552870338,3.6224504441898575e-05,6.407259497964334,12.836292705655254,0.007774498865015268,-0.020301144106360546,-103.68774907754248,-22.869488880341876,0.5485497469617633,126.72367451730786,37.508087894345195,21338
101.04245602725989,-0.008958414783403392,-0.0002835174670964013,-0.06754580637492984,-4.894598234853482e-08,8.716145609109917e-11,0.39293945392798596,-0.005669820173317972,18.216240467403395,-0.0012671038856387651,0.41727029224181394,1.933917440664809e-05,6.972874160812411,9.72677214723203,0.004444914046390542,-0.029324955878808318,-118.25119679282727,-15.904122799872612,0.5151048860477981,126.73281609389528,37.51084224358553,21339
101.9386715786772,-0.009133793155583506,-0.0002783794236661363,-0.06618143403124122,-4.874476476385925e-08,3.7378164559987294e-12,0.3814789797123011,-0.00560276211367733,19.98065064492268,-0.0012081630688962341,0.40648764530946185,1.7382817184315483e-05,6.507091221538432,8.555229263660836,0.003276676131312908,-0.029220957213660873,-116.27739287311454,-15.238294326440926,0.511784666059359,126.73433203369085,37.50968150840593,21340
103.91651823989424,-0.00838742588661087,-0.00029900612482603177,-0.06081888650488099,-5.550205592452734e-08,-2.224110683127641e-10,0.36362754980931344,-0.005739597086138635,20.920306827844083,-0.0011447021368261798,0.4173236704121269,1.0040947642951757e-05,6.6628536529343485,8.343205545969456,0.003747556273615739,-0.031189912443263006,-122.22905374112766,-14.341874411807693,0.4849949771876427,126.73883225082633,37.51030879926104,21341
104.89829126799816,-0.007835420436503412,-0.00031483197959539597,-0.057989361796153334,-6.033075386483148e-08,-3.5638860814470545e-10,0.3559783280961202,-0.0058892304246746865,20.959240861862533,-0.001098622459400526,0.42765459513171994,5.755720595961146e-06,6.930144417912082,8.780956023055685,0.004554470950206276,-0.03224638973398926,-127.6944774344408,-14.117025117471654,0.46959224906772373,126.74248463225899,37.51182400323176,21342
104.91874131682356,-0.008714119716006986,-0.00028870234235640343,-0.05983374850120314,-5.337735435006561e-08,-2.014414192843819e-10,0.3586799273243154,-0.005397416886506969,21.160550355111646,-0.0010595090312691523,0.40128423271088326,8.558268075877252e-06,5.828715101519925,6.667382157346437,0.002238033858347303,-0.02974672360088611,-116.0252767461813,-13.847795776092406,0.4804432824934152,126.73938905241498,37.50756648853063,21343
102.13161726749075,-0.00948214418319071,-0.0002642947475922933,-0.06719863271897245,-4.4707334170082586e-08,1.5337728850631152e-10,0.3881699884836159,-0.005222072669433372,18.616082729574874,-0.0011331248432262257,0.39323544409714334,1.917615572876225e-05,5.729330405080178,7.701746871444043,0.0023115002032689483,-0.027420133583051,-110.01132538278381,-15.712088720345164,0.5162847528337112,126.7338759401278,37.50772954620715,21344
105.32487081925247,-0.008833702428378644,-0.00027574257269479284,-0.06023973230130266,-4.921101167161241e-08,2.63333591908029e-11,0.37373373522587505,-0.0048978933175077635,18.306741444316444,-0.0009462026546197657,0.39022554715306085,1.031695811072235e-05,5.089533211546965,6.123362169855248,0.0014081642892705892,-0.028539951860405113,-109.30216615238028,-14.538760996588243,0.4785488984237473,126.73829942679801,37.50524247607829,21345
106.76689002915832,-0.008386323729477277,-0.00029065817141884766,-0.0565906918739556,-5.408560499200862e-08,-1.4721717535439454e-10,0.36100018614010576,-0.004977746879259669,19.104996541657073,-0.0008865945675135742,0.3953854448959068,4.390303768119942e-06,5.183025627660177,5.989135108768653,0.0015179877725152832,-0.029526017116576164,-113.00700678832816,-13.708633493161816,0.458434703638594,126.74136015694967,37.50501277134439,21346
108.45380787942811,-0.00806960161916865,-0.00028545639684018356,-0.054040704061524135,-5.205780595257481e-08,3.931675393201953e-11,0.3785088723231781,-0.0044192627195516875,16.120339685147027,-0.0006504619046444773,0.3848908120773261,2.5193576333546204e-06,4.446994464518509,5.718351890509365,0.00034663826185500027,-0.02970301616336265,-109.002415524377,-14.090599870989932,0.4389417449323965,126.74164138803316,37.50199786241285,21347
106.72667622244994,-0.00858014075963726,-0.00026755923917455294,-0.05837665467897756,-4.5443592304230745e-08,3.0292928429535537e-10,0.3966906243544342,-0.004231192515388509,14.313400270587513,-0.0007360760668388034,0.38144178601489787,1.0333267040156344e-05,4.226998494398459,5.79573404633686,0.0002493041778755401,-0.028424560232745293,-103.48223695610932,-15.326809443858183,0.46288876575092197,126.73801933246972,37.502251746191796,21348
108.76928050321983,-0.008103445410968288,-0.00026294510837035625,-0.05459618988967689,-4.130904846128576e-08,5.892846621145047e-10,0.4287155373416353,-0.0035355485693185046,10.729893948704206,-0.0004584268897724158,0.37349103540915307,9.528026343026975e-06,3.3921729989825256,5.795539848677333,-0.0014389384673373668,-0.02972061780206809,-100.56528377211005,-16.04932890214267,0.43933777791338724,126.73773032874193,37.49913638917341,21349
110.29261044443219,-0.007686645072177969,-0.0002788799796761154,-0.050838446055051285,-4.878892053433513e-08,2.683396435840638e-10,0.40563493453585525,-0.00382408104929174,13.290341593850199,-0.00036796264135885567,0.37271864151948236,1.2874606212094655e-06,3.6964903751154528,5.707498962861804,-0.001246232142469339,-0.030649828640961708,-106.33477006931919,-14.581372909463933,0.41812254022870576,126.74125844589769,37.49897505789148,21350
103.09810109279869,-0.009245554901499184,-0.0002582215680811508,-0.06637465501782151,-4.1869630318933354e-08,4.095851924450216e-10,0.40505972395565776,-0.00464781285967025,14.398175343724686,-0.0009978244740950696,0.3900131211860578,1.986350542581526e-05,4.963151373513509,7.594095727498291,0.0019886030978023797,-0.026963823758950383,-104.73593041906774,-16.835412394485207,0.506158767720678,126.73384158447207,37.50545989278808,21351
104.39006563838898,-0.009102847779801476,-0.0002481954779279034,-0.06493378588378183,-3.6442797739796236e-08,7.409577994982569e-10,0.4296819986554147,-0.003876672972005659,9.991116516381954,-0.000822351402967118,0.3830140538730434,2.1486345224681477e-05,3.8783767411759182,6.964582636279955,0.0007346194161414064,-0.02622145444124441,-97.66506407719233,-18.005784621987626,0.49447369383533585,126.73355031757578,37.50247742264862,21352
106.5709100945382,-0.008594975258069829,-0.000246585553556499,-0.06081244899702575,-3.0876117631084735e-08,1.0899508821322253e-09,0.46453525600433304,-0.0030696087509334133,5.759720479219018,-0.0005978728916582186,0.3824481031986867,2.1876844453303452e-05,2.9333968763920506,6.789358915092128,-0.0009315768625333701,-0.0276602857802819,-94.45993532329548,-19.136913731394145,0.4704568598753649,126.7332555918207,37.49941078769118,21353
98.19497686821043,-0.009266422476848071,-0.0002702862443602215,-0.08147637807650233,-2.9250510209568628e-08,1.4929730008320953e-09,0.5074215041150109,-0.0037815903592007772,-2.6522504311585444,-0.0013274161739247304,0.4463409229318782,3.9356340168445374e-05,5.609146713555235,12.741419468543894,0.007029867353774105,-0.019644860867862185,-98.11538068066243,-24.852504366395785,0.546852048153445,126.72335723816101,37.506101199065874,21354
99.99394860185556,-0.009582628423342255,-0.0002520581738374803,-0.07505192819319205,-3.341848650991319e-08,9.811075034045161e-10,0.45434952702774095,-0.004211890919985556,6.503951223585523,-0.0011473928953756867,0.40831590429448644,3.1725904582767624e-05,4.988993794686273,10.271094398704541,0.003810313882754601,-0.023197202825986873,-99.16336593486932,-20.63881682496707,0.536948156913241,126.72839182561799,37.505781506408944,21355
101.90704759156928,-0.00919169620107301,-0.00024432900370337577,-0.07355921553367546,-2.7940049981858007e-08,1.345184110063465e-09,0.481872793399289,-0.0033966325230365235,1.809814264862244,-0.0009511299878892067,0.4058924802252447,3.4005737918379827e-05,3.8727819630952536,10.039675077446931,0.0027437791885840486,-0.023547429731008263,-93.63074650913903,-22.762256261769885,0.5226120788812475,126.72816675135655,37.50283688323916,21356
100.78582135991134,-0.008805258407872127,-0.0002564660008213218,-0.07920791581730457,-2.6021709523933397e-08,1.6719121051123148e-09,0.5212747848804428,-0.003237426335893531,-4.044120868967702,-0.0010467794480200144,0.4318880703350424,3.974958028020865e-05,4.626008829304791,12.239706202811618,0.005444565004688114,-0.021837158700488416,-94.41309461135647,-26.405392123505283,0.5304333660444055,126.72400061951048,37.5035218880192,21357
102.02554250292748,-0.008365061834288118,-0.0002551956683114063,-0.07904328140226428,-2.5568210578295653e-08,1.7826368266181574e-09,0.5386851555433047,-0.0030311340658495194,-5.692984638127067,-0.0009012156877992513,0.4302596693315429,4.008826226847385e-05,4.587269351307279,12.53178436986795,0.00573633275489303,-0.022795858802034066,-95.06828413504451,-27.97537294801232,0.5209090495353305,126.72294689379429,37.50268173515215,21358
104.48357361519597,-0.008007617870155082,-0.00024623153566519885,-0.0760147694635061,-2.0841555730543288e-08,2.0123762328568527e-09,0.5560760274673433,-0.002400572505041838,-7.572625456374269,-0.0006749261827422096,0.42082150401681034,4.117066070472333e-05,3.552362149982307,11.968552508363139,0.003838987934504027,-0.024556662259474112,-91.67622500824983,-29.369400538720498,0.5043240838039426,126.72364014682157,37.50006989086598,21359
104.93939726243165,-0.008473967148326739,-0.00024220208749108402,-0.06940256394562651,-2.301811870951553e-08,1.6805267721487843e-09,0.5157271754819484,-0.0025888857047930516,-2.0409512408725785,-0.0006828770957893121,0.40418230627521223,3.462388663084862e-05,2.9309489842496053,9.945075462235646,0.001328432870346428,-0.026053245013514942,-92.11228004702046,-24.790637922216536,0.49589509614078003,126.72789212345697,37.49975562666252,21360
104.30338662979233,-0.006840909417019863,-0.00029269487132797746,-0.08166571210679055,-3.7990454065947627e-08,1.7134081131674311e-09,0.6222595463285275,-0.0035387749081395355,-9.719218619919255,-0.0002590082142127145,0.44133753730523423,3.182016148371374e-05,7.506146777992798,13.97128988548905,0.016068345295918232,-0.01947469476480239,-128.21331798146252,-33.63468434392461,0.49959309234047844,126.70625897179377,37.50751514282017,21361
105.7868934764356,-0.006598008565042701,-0.0002777324452795237,-0.0827313503874195,-3.578614718164588e-08,1.8523875211159318e-09,0.6396065331038795,-0.0032509871946287466,-10.998757318847572,1.1901105339314902e-06,0.4261648274606003,3.323458211461958e-05,7.050145435016599,13.783267117757726,0.015474450607651166,-0.019955423266006873,-124.91424494481545,-35.65092677925607,0.49588389882925404,126.70603903400313,37.505428800513634,21362
101.57503268244093,-0.007497166533962424,-0.00030563650141510846,-0.08571208730769167,-3.0406450137046535e-08,2.011937656579287e-09,0.6082894311959293,-0.0031874507225399715,-13.50889294718367,-0.000896624610676312,0.4779871853991204,4.0152555026050637e-05,7.1295193087951825,14.045861823463763,0.014332701642740526,-0.01628477053714358,-114.63024438946202,-33.607482664644216,0.5196382445106082,126.71172592855608,37.505935087045756,21363
99.57137375252674,-0.008232444402182647,-0.00029279902797817566,-0.08445420432089905,-2.905233910227479e-08,1.86014767619646e-09,0.5663667503383092,-0.0033638229643984823,-10.061685812611016,-0.0012062004504456668,0.47318362352971327,4.154419879798834e-05,6.484169707949143,13.917865698941574,0.011048165215830873,-0.017784773658570424,-105.04061570594112,-29.942011688461406,0.5325553416201461,126.7172762651082,37.505896698687394,21364
101.14627050673099,-0.008064313464393,-0.0002751323811746565,-0.08362606346131525,-2.6238329034976017e-08,1.953010539651713e-09,0.5700025437828573,-0.0030499584413374394,-9.981399779760256,-0.001000579391849608,0.45591122907614523,4.264081058265648e-05,5.662723683740546,13.569003186274943,0.009155630657415514,-0.019638255958681537,-99.87298964826407,-30.787417567003832,0.5260710947933394,126.71852583137303,37.50397113772221,21365
100.39353499759305,-0.00841171797290728,-0.0002709406253699618,-0.08177391839325693,-2.7956582861752923e-08,1.7505244439000369e-09,0.5439353617528256,-0.0033264535681013967,-6.707450691323539,-0.0010852110637375471,0.4487445827980826,4.059622795368337e-05,5.567225500004576,13.27292909699837,0.008075927115413908,-0.02067857809922375,-99.35083520547083,-28.265119754881948,0.5296772402907997,126.72078037435098,37.50460855291769,21366
110.05805042588553,-0.005897310936136092,-0.0002267258709569506,-0.07415505938884921,-4.993981464789369e-08,1.2065713191640446e-09,0.6423133253233416,-0.0039018642091905188,-2.5993185853171408,0.0011465689564930863,0.34106154927716426,1.8230122770048603e-05,6.437854019931131,13.806874611964211,0.014667894368281977,-0.028606078699296458,-136.25083764487368,-33.160242347732854,0.4709533393959418,126.69610854079217,37.50761086235353,21367
111.86195098321681,-0.005650840051122675,-0.0002035717248867575,-0.07269109648642948,-5.210321252221141e-08,1.1569618222985386e-09,0.6576443298459999,-0.0038418804329925435,-1.972064211553788,0.0015941698525517914,0.31050293256837835,1.5423654463760652e-05,5.8778214416736745,13.755473220813338,0.014077322385389652,-0.030882971884789036,-135.80795929328124,-33.77062848743513,0.4647377228545967,126.6927399380419,37.505830653325894,21368
108.05810007145543,-0.006207675693109526,-0.00025127157622972075,-0.07805782319369298,-4.3365696683779e-08,1.497625373175528e-09,0.641281075360349,-0.003622032227315728,-6.190734678228825,0.000614378439130573,0.38048773473233305,2.5102620629196314e-05,6.8459789432178555,13.780935451653471,0.01529067812267877,-0.024541990671714507,-132.25225927330186,-34.30383922616611,0.4815510995967114,126.70152751391542,37.50659199812723,21369
110.49683610796657,-0.00581801339035787,-0.0002207219927913381,-0.078290312225403,-4.184819910292757e-08,1.6309641784708848e-09,0.66761054287099,-0.003252058587964976,-7.26611635089933,0.0011112923026785624,0.3472269756687166,2.575070865592585e-05,6.029937939632693,13.545588428446765,0.01404687371008999,-0.026526320282824336,-127.18195160129679,-36.699146294727356,0.4744141705290269,126.70162443649025,37.502897928765144,21370
112.57039969508652,-0.005512023504643975,-0.0001941151889550948,-0.0746212468550325,-4.8043525721628866e-08,1.3933039710874264e-09,0.6817604290258992,-0.003468663161217833,-4.506426917257843,0.001738221664147695,0.3050060523317056,1.8908266199179984e-05,5.619498166632032,13.571645527450594,0.014144925777578407,-0.029941822706738775,-132.3826730152289,-36.20951326965494,0.4650795007799207,126.69520502609744,37.50286720183397,21371
119.38300582420075,-0.0036692015851361283,-9.778192783007998e-05,-0.06657371518010431,-4.641115290327869e-08,1.710301312187748e-09,0.773921035444816,-0.002114586702927312,-8.889446923215687,0.0032552962714385595,0.20465812647325402,2.265777723417407e-05,2.5073419189241952,13.019219445172936,0.008833605557136012,-0.03892982688959674,-108.93307556363625,-42.35657967010065,0.43511604058063585,126.7020675056008,37.49139964949855,21373
121.4016459202261,-0.003177598995578279,-6.464661091428204e-05,-0.058404484337502824,-5.29360900601239e-08,1.5083607363655923e-09,0.8028099013585267,-0.0020279960417922127,-7.827230304764232,0.003913467495055545,0.16113290837939703,1.7111079793580607e-05,1.2076613820682167,13.243618407926293,0.007627644825857205,-0.043945818874112724,-106.83000755997395,-41.862868521362856,0.42585092063144353,126.70027029496818,37.488367611917496,21374
110.12464336593241,-0.005826856500706529,-0.0002244650395546587,-0.08113910123717774,-3.6015190594735975e-08,1.9036616463133447e-09,0.6713014589003184,-0.00284977852692012,-10.399246530201793,0.0008777437003180105,0.3631446593362938,3.199200440641095e-05,5.792324535343872,13.408805767971833,0.013091892408915198,-0.024932895171604387,-119.01453250639472,-38.40349428182907,0.4785283742774402,126.7055160291966,37.50116515207217,21376
106.6166071789451,-0.006563283717172018,-0.0002540972918397777,-0.08455257149090441,-2.72405894427876e-08,2.1898569933864635e-09,0.6389814927681859,-0.002541515951335559,-13.661630063104765,-7.437655233486817e-05,0.4195119951961472,4.134805031085778e-05,5.645836101863184,13.485935481827386,0.011167585403505292,-0.02141455673995607,-106.04540814611471,-37.35412854191972,0.496910006651168,126.71217894136385,37.50126040269885,21377
104.60619823750385,-0.0073497466250280145,-0.00025433133400026045,-0.0819132193833709,-2.3946070440903715e-08,2.119922491839855e-09,0.5948622049641799,-0.0025463415787936768,-11.151858424096039,-0.0005314154930382638,0.42970964948146884,4.2886887489270166e-05,4.845640658433904,13.256377536214861,0.007739711469663785,-0.022610613905999607,-97.25447226287753,-33.38815791703752,0.5060972567450174,126.71819686460479,37.50113120429761,21378
103.8080773376121,-0.007836768181849963,-0.0002527930039280695,-0.0801011190876614,-2.12108252525716e-08,2.113372180790076e-09,0.5733967730297262,-0.0024568325455904564,-10.006958001269076,-0.0007168491349572233,0.4324941570608943,4.363075944328573e-05,4.198460364908936,12.765920675570579,0.005788914824291055,-0.022753185962374772,-92.68934280481756,-31.41132188794936,0.5111337924771898,126.72111409037743,37.50083427122422,21379
114.0943056205657,-0.004987329812739102,-0.00017428108021696952,-0.07778159061539658,-3.758032330573036e-08,1.92535763061683e-09,0.7077792519357619,-0.0024550223822013386,-10.258064962610483,0.0017590274657668253,0.3024244792938128,3.0230574655317435e-05,4.548315028301346,13.119313019474134,0.010976045015958334,-0.030010583818612768,-113.28518260438184,-40.71688576060593,0.4604950964044565,126.70516062378178,37.49703809190434,21380
115.89511122990447,-0.004356034279198569,-0.0001569114251228636,-0.0750758735232208,-3.430334796781009e-08,2.093110160814978e-09,0.7266932234453861,-0.0019003293066658018,-12.225725459083606,0.002012474971948844,0.28436631749954006,3.36201855999802e-05,3.698431739276138,12.849823479809562,0.008780476283979594,-0.032033360497537994,-103.48600670524311,-42.51494923926363,0.4458648900095152,126.70834902087414,37.49416096052327,21381
116.86729541544733,-0.004218250336160115,-0.00013870571308554095,-0.07348039467913572,-3.9084445383343905e-08,1.936695232380169e-09,0.7405929014936858,-0.002098637133601865,-10.692093337154732,0.002424121025147858,0.25878384322634607,2.9264843397552033e-05,3.5569186880414647,12.921714267762697,0.009456300027914345,-0.03381498878031768,-107.96925928100768,-42.421918637841806,0.4451763011751795,126.70532290652942,37.49391420914386,21382
119.1021334726376,-0.003746644956741536,-0.00010451724742402363,-0.06709915818498853,-4.5067413908907465e-08,1.7422961288110174e-09,0.766785185392442,-0.0020725742712851282,-9.051894013880862,0.0031183389053132207,0.21237308385459527,2.354826448946396e-05,2.5628300076055,13.023540771811442,0.008479874905867834,-0.03856450596240889,-107.7237113556556,-42.13283058442985,0.4346093825814624,126.70343711948699,37.491455364876344,21383
119.52545527196133,-0.0034775241251996385,-0.00011211531294202357,-0.06341785297971056,-4.138012024548565e-08,1.8323965169019567e-09,0.766353659410775,-0.0016773004889592761,-9.97525472031707,0.003032336985994657,0.21589791720078072,2.5701348807829493e-05,2.0575781154384205,12.95628600926255,0.0065463983001037875,-0.03935128934817595,-100.84809825083106,-42.03291142376121,0.4211834313412157,126.70804895244628,37.48990519005655,21384
120.86618647503518,-0.003074247080882612,-8.549054659978653e-05,-0.05916517201689291,-4.677290006027169e-08,1.6842561067632567e-09,0.7927117847605144,-0.001710793940273183,-9.391515875568352,0.003579537888226889,0.18294141040293033,2.1926132737732897e-05,1.428313915673362,13.059166991101053,0.006740116211507263,-0.04209004805758489,-101.46772747200933,-42.41859162664592,0.4184112623144912,126.70529541862562,37.48856165373939,21385
113.4959754349149,-0.004904027892872816,-0.00019381806845486394,-0.0773273483259195,-2.5910372038181983e-08,2.345430991665796e-09,0.6941640527805906,-0.001637707210333348,-14.507625592977448,0.0011527894205931434,0.337864775397563,4.0570917882364245e-05,3.8885301476653207,12.782060627932434,0.007617269051176292,-0.028677766065437354,-97.03979514929655,-41.61657006100407,0.4521617606937628,126.71288726133925,37.495109283923775,21386
111.6900350059752,-0.0056466439344363415,-0.0002221554087702573,-0.07342359031752825,-1.863896730640252e-08,2.465618805182925e-09,0.6559917156287445,-0.0013697451043867724,-14.242175289474064,0.00043078706455821855,0.3780191135303822,4.333038652306539e-05,3.3162773081130767,12.511994823552854,0.00482438762727928,-0.02834435032892762,-92.6110611091693,-38.230415371135244,0.4523414971266563,126.71815353389549,37.495301000194544,21387
109.91098721624623,-0.0064766863262546315,-0.0002327084159797427,-0.07106300929666164,-1.81706774433543e-08,2.315024002360914e-09,0.6172665407306367,-0.001589030166197608,-11.109986139315263,3.361545351374538e-05,0.3931871500447563,4.1142829773843976e-05,2.973675285769769,12.183620410722416,0.003178088705746762,-0.028838643357476428,-93.33817729629237,-34.069802762538,0.461717611150704,126.72141188147769,37.49621834155759,21388
114.80422745207747,-0.005098039656338393,-0.00021929013172980943,-0.05897973152226559,-1.7501943082064405e-08,2.3460949313409553e-09,0.6705030985490323,-0.0009620121608158944,-11.0778965279585,0.0008290138203947903,0.3492916761903862,3.694346372428979e-05,2.1612048251954263,11.978793479211213,0.0016651500306341864,-0.03357003161267643,-96.56406133462328,-35.79111992652146,0.41237107386766586,126.72114311621687,37.492424428814545,21389
108.16469592776194,-0.007129662026107545,-0.0002362376415132464,-0.07072052058145158,-2.052240850656262e-08,2.087617856744714e-09,0.5825365287937205,-0.001985028016143913,-7.874690226495236,-0.00021318980557820402,0.3977673328472879,3.846082784032359e-05,3.0048782319758427,11.831042303641947,0.0026083792002343704,-0.028597058739051755,-94.0618877974494,-30.767285884732544,0.4737597072219649,126.72357971401394,37.49748128892882,21390
108.82463965533054,-0.007351432875060617,-0.0002391890202407802,-0.06405600191395873,-2.109718376540043e-08,1.8976251637855397e-09,0.559267867479785,-0.0019994269582047177,-4.356092090406466,-0.00022919256676764434,0.3911852944875853,3.319164553324789e-05,2.443099734142005,10.57457947893633,0.0004043758638676934,-0.03041676720905597,-95.76669373638133,-27.220903940507196,0.46104772264544897,126.72692259680042,37.496846043488155,21391
110.35399119478855,-0.007216125576791521,-0.0002458038450299206,-0.05669720542695168,-2.002834893905949e-08,1.8328250186829975e-09,0.5581924943750047,-0.0017968535797194937,-2.578064152917997,-0.00014662066673244104,0.3874738556734835,2.8639152711106206e-05,1.935607838324037,9.500951582458761,-0.0015830987217361188,-0.03232356170194308,-98.27306467016243,-25.0414714427357,0.43895192696849644,126.72898380458236,37.49556769359233,21392
111.01983929226742,-0.006526524565275642,-0.00023750199347839223,-0.0631361453661164,-1.6712663000772564e-08,2.232339052425098e-09,0.6074720530461141,-0.0014099730960244385,-8.656929933518855,4.724399669166421e-05,0.38902506104690243,3.714259490480686e-05,2.26533882253448,11.369071343244652,0.0008504738800921626,-0.03136833321553488,-95.72847595889895,-31.273594169958027,0.4438462141996293,126.72421092572307,37.49512308307309,21393
113.63011770542057,-0.005819814850139565,-0.00023053066867823377,-0.056715985763971785,-1.7653820830716104e-08,2.1904577412842572e-09,0.6337439721567641,-0.0011816343177529405,-7.843900228207185,0.000492644621003762,0.36354268229214126,3.341511550891045e-05,1.8654638874238814,11.422299167224455,-5.443653099584881e-06,-0.03433174843910861,-99.23942795446706,-31.671718510391745,0.41779301664526663,126.72424638400412,37.4931416557936,21394
114.58437079889941,-0.005802372190679431,-0.00023079893587041949,-0.050922207155052586,-2.0807923957177755e-08,1.959148827613066e-09,0.6232583151935882,-0.0013023050504104327,-4.443379879941458,0.0006513161953471283,0.348835413157079,2.6644720221893454e-05,1.4668170145508628,10.968058618992664,-0.0015239996948487068,-0.03651049514330039,-103.46388340456792,-28.793682052846872,0.4039694971082982,126.72662171464519,37.49224769081569,21395
113.41816132258744,-0.0063329819233842325,-0.0002442285502896124,-0.04932806588293949,-1.9491381566476426e-08,1.8854642590556354e-09,0.5956078864104475,-0.0014099756818636948,-2.801223253053558,0.00030670822926767276,0.36779796051366487,2.520838101409345e-05,1.4570488412996916,9.987613213002728,-0.002599651326473991,-0.035718552967409216,-103.5559038867194,-25.911304728799433,0.40691207066569984,126.72875070019806,37.49315576902194,21396
110.6236838553514,-0.007448590121523972,-0.0002517796631951014,-0.052012533368562736,-2.8634933566147796e-08,1.2973647806537148e-09,0.5092411568020717,-0.0023923967980566665,3.6539556429000806,-0.00013829739766870507,0.37344195027097904,1.7497074667096672e-05,2.2007147803345433,7.580137174547428,-0.0029206454517842735,-0.03258214770442326,-100.24951858382957,-19.975892863912804,0.4258458969563333,126.7335285600955,37.4958943330368,21397
112.63903888553402,-0.0070261456286221805,-0.000267529739163218,-0.04681088632631312,-4.321557180212803e-08,6.383274857561974e-10,0.4583247992894689,-0.0030728259544065216,9.525551274638852,6.67997437059853e-05,0.3564998276337745,2.1979319849483154e-06,2.7637552948659803,6.836094607420182,-0.002901300347676884,-0.033405061196854484,-107.57449070991129,-16.362846496407712,0.39653819547653485,126.73938802007658,37.495544531644576,21398
113.80416909686795,-0.006429878591279675,-0.0002475808525743726,-0.045910393552121787,-2.5065717843465003e-08,1.563456931699532e-09,0.5681969315009808,-0.0017389998293482715,0.9701161816155501,0.0003643434553881297,0.3572223585801467,1.7458286988873375e-05,1.4747356185126606,9.116995189595313,-0.00366703369053495,-0.036308340176554384,-106.14553660378841,-22.618714481517472,0.39679251909851776,126.73172652454332,37.492965960231075,21399
115.41571890398369,-0.0060895365726166715,-0.0002487726835512188,-0.0412816834849935,-3.05111891641548e-08,1.3264340115555605e-09,0.5625793601949903,-0.0018500196075926,3.2828185022800214,0.0006459210633119959,0.3384518379206574,9.81870189662153e-06,1.3194123441173988,8.9778357133651,-0.004391091799796072,-0.037580940355005796,-110.24237097643747,-21.010712393170735,0.37684354878954834,126.73385536785966,37.4916385116362,21400
116.35488570966133,-0.006011993924187376,-0.00025793165962042944,-0.03852271326571546,-3.9677925548897585e-08,9.085747567136053e-10,0.5245956604704978,-0.002273921226980085,6.930862478467507,0.0007491119720972121,0.327641708179386,-3.9341009082823796e-07,1.567832515038676,8.293346482264258,-0.004691902593134045,-0.03729860786298033,-113.62590849358371,-18.138563870922784,0.36086417855232455,126.73805315071594,37.491102177440354,21401
116.99561643514909,-0.0058668755061735715,-0.0002609050803150155,-0.039716989590263346,-4.882749181810167e-08,5.742979856143479e-10,0.4942766579348847,-0.0027511947623992576,8.993992135875402,0.0008847344703336093,0.3186778259214044,-6.719536543340775e-06,1.9665350451392647,8.615165927000255,-0.0034108845529223575,-0.037374010735202676,-117.34644535762318,-17.66004291053468,0.3588206365748027,126.74135212742111,37.490648494906665,21402
117.33569283830424,-0.005497557131587201,-0.00023492551679682544,-0.03959229691488963,-3.326737639999363e-08,1.3319816354035402e-09,0.5923715550008912,-0.0016908929152735512,2.4476746391239876,0.0011441337347849359,0.3107767518427086,7.935622813127571e-06,0.8968670682196537,10.109251184285615,-0.0039125639802126385,-0.03962891924894401,-112.78169170243393,-23.001783500139965,0.3665891578002972,126.73270623097748,37.48953454642509,21403
116.77646351582202,-0.004834892138727133,-0.00021687647509921164,-0.04840959183312938,-1.989820882248456e-08,2.112445592463324e-09,0.6781353209644586,-0.0008931863073933195,-7.318194112172968,0.001205855315339102,0.32220034752429927,2.875333586167101e-05,1.264681298385098,11.755562446488225,-0.00048634491276997087,-0.03742420777471106,-102.31568186055978,-32.85214018699598,0.38731351904754585,126.72350279514926,37.49037966390614,21404
120.10832237693427,-0.003278356688094394,-0.00012371943703606231,-0.05685362143711842,-3.8411923073102754e-08,1.8467788046206515e-09,0.766518565829672,-0.0013333149837268605,-9.80945654851586,0.0029994826886863054,0.21602928657562973,2.5265664186975912e-05,1.4064694731470617,12.944704506432064,0.004621622809923213,-0.040526623387710334,-97.34304353774536,-40.947474335560344,0.4035696053708988,126.71190655939117,37.48827801913773,21405
118.40622005515695,-0.004764466970223995,-0.0002236197643984,-0.0371399937353247,-2.388904118986444e-08,1.7956457612498073e-09,0.670737436814809,-0.0009152018020103401,-2.7857191544097213,0.0014761593974244134,0.3023237168316506,1.750564907217577e-05,0.33772021594545576,11.294063327674833,-0.0030325912655399423,-0.040451693569756,-109.69844856948944,-28.258402292983853,0.3609032560623798,126.72737099803639,37.48833961691259,21406
118.40485014063634,-0.00440792258406638,-0.00020506535558519396,-0.043693732758029916,-2.378533330678403e-08,1.9609651425159186e-09,0.6970430250489725,-0.0008639331948954537,-6.077610704202306,0.0016856208895533343,0.2916260738911565,2.381345420446676e-05,0.7419612390494809,11.994700154019462,-0.0008366153614326228,-0.03954246723256526,-104.1475188639986,-32.70593387299745,0.37396949505445165,126.72347860560502,37.48862329371838,21407
119.36917006744758,-0.003706558059684878,-0.0001795321389692083,-0.04640447040884526,-2.6900310673661756e-08,1.9894348248173024e-09,0.7354787729592098,-0.0008177908324249463,-8.542696931917915,0.002223263586083381,0.26173443972072713,2.612299509043381e-05,0.9021384204226333,12.4975461561255,0.0012072218306010511,-0.03944279138108617,-99.35375089390809,-36.77377109166795,0.3765320640564577,126.71952945056313,37.48791378424038,21408
120.168965550014,-0.0035127568219730427,-0.0001468627010336923,-0.0507797044530805,-3.4952430590526045e-08,1.8313126738666434e-09,0.7490660354085382,-0.0011315880242662832,-8.292747028627302,0.002744345482005919,0.22836159809614906,2.3139084571005408e-05,0.8600922907354681,12.906412293976045,0.0024762472130114843,-0.04131222209170512,-98.48730529065735,-38.22771330615085,0.3887466619202858,126.71629369822541,37.48732526129932,21409
121.84119583580038,-0.0028599470695744107,-0.00012803049835241053,-0.04269067361745144,-3.95226688028213e-08,1.6616308606066692e-09,0.7849508281306322,-0.0009736335383588937,-8.127225575397711,0.0033973630363476866,0.1905769498440978,1.871541203108697e-05,-0.13171698263582374,13.192950885583308,0.0023332441412103593,-0.04404244169319378,-96.84930147656449,-38.67794524215618,0.3762019433488819,126.7150936484797,37.48495080379566,21410
122.25616629997354,-0.002687653190104514,-0.00011085784711854553,-0.043169055111303756,-4.325692754034847e-08,1.5894522894678236e-09,0.7970806521401429,-0.0010709582898488059,-8.289164217369274,0.003670777703038545,0.17439611119329382,1.755778262029489e-05,-0.2852924067592388,13.334925220318114,0.002912465502068773,-0.04514337230310303,-96.05793380977559,-39.43091266413194,0.3812242835244394,126.71307511862561,37.48456806462932,21411
123.05875784359212,-0.0023670162369586888,-9.11702857764126e-05,-0.03983559506122617,-4.820672708904543e-08,1.4535847257331528e-09,0.8176895303836987,-0.0010993382425468845,-8.262920415595561,0.004086494195366789,0.1499783405971536,1.4785808528183402e-05,-0.8930178783742861,13.57791266138713,0.003168549572744227,-0.047233270369348324,-94.87288202744664,-39.829609295565746,0.3819576328433254,126.71107141143118,37.48336660569243,21412
123.2446696708345,-0.0026084199008381452,-7.999898975411221e-05,-0.04223141638234509,-5.19321766977349e-08,1.3777432612010488e-09,0.8113375656376146,-0.0013106032417583256,-7.37438170376685,0.004157489361398199,0.14260587270179662,1.2292788590209404e-05,-0.9698882147428348,13.737181491920115,0.0031800619706825856,-0.04856644246527889,-96.8487422699089,-39.22313933739838,0.3896024196751534,126.70971286325026,37.48297866441356,21413
118.59914045303721,-0.005104318487770266,-0.00023006763945633584,-0.03579175261337996,-3.236483810825993e-08,1.3963489510951076e-09,0.6214084628277055,-0.0014070529807727013,1.6331040207870222,0.001441720482441877,0.2963832023878314,7.228249522830167e-06,0.3983258198622219,10.551408698406687,-0.004199755642865767,-0.04085669883896324,-113.93950041113682,-23.92234555457001,0.3546484574618382,126.73181557540234,37.48800429388356,21414
118.84165486805732,-0.005307402489732913,-0.00024374355099691364,-0.03423740186917485,-4.094700283173758e-08,9.790551698412207e-10,0.5686173031707179,-0.0019070356934117701,5.609466183652063,0.0013582024630654167,0.29617339510118945,-2.8048598360680418e-06,0.7551698783193764,9.616498388852426,-0.004801525170268566,-0.040051298265336155,-117.40003323954832,-20.102177238188556,0.3440104513333686,126.73690993644202,37.48783076844946,21415
119.5771489484623,-0.005246488457355765,-0.000249017987226432,-0.03852965032241286,-5.895434579845433e-08,3.2315245746499186e-10,0.5023452272183587,-0.002965892991972318,9.457739133766218,0.001547059613423761,0.28524735717443606,-1.4748935249567912e-05,1.6694673977228245,10.054773893102709,-0.0022096598386149215,-0.04020884158170728,-123.34051075870003,-18.96993128804072,0.34830075592916576,126.74507215985545,37.485964873332115,21416
120.72110792319502,-0.0049354105911713,-0.00023537756943742153,-0.04174740881033949,-7.17187148451334e-08,-2.387182240668049e-11,0.49682149794777947,-0.00363592401757422,10.21647788557341,0.002057178207165649,0.26267416236127356,-2.1382671268327334e-05,1.9532902227161275,11.547277352940359,0.0004038832235864662,-0.04290915410594787,-128.4659088171495,-20.410400120550182,0.35833318930332253,126.75471685962937,37.47834825661552,21417
120.3605245210971,-0.005060078412131923,-0.0002433172996809293,-0.0395715717355402,-6.543653367128326e-08,1.409621951489306e-10,0.4982864062890399,-0.003263774264851925,9.94231568203382,0.001817702394081336,0.2728286114108125,-1.8677987754248468e-05,1.7480854304077085,10.754455287461319,-0.0010740677649575968,-0.041526864281019954,-126.03919367812286,-19.56695431977058,0.3503755583882708,126.74898561442397,37.48287241987407,21418
120.2602718213782,-0.005095741046784674,-0.0002405161401269115,-0.03672916818906518,-5.668886248015661e-08,4.5060575264915075e-10,0.5266755721542263,-0.00266327865886194,8.423626826578365,0.0017318151280265328,0.27382187037509753,-1.3819635372090438e-05,1.1774955782857417,10.253678786196604,-0.002873353725598036,-0.04111248731940377,-122.37433595462073,-19.62366764187872,0.34319459955063913,126.74284871939717,37.4848722982534,21419
120.70315864139812,-0.004945102335253117,-0.00023051227304232504,-0.03497409987888694,-5.238706371593004e-08,6.588139608319483e-10,0.5601407685547994,-0.002266974965322074,6.8045336029526045,0.0018911355900211838,0.2641915698333877,-1.0789634819757958e-05,0.6289698606263039,10.52762681655801,-0.0035396836442373116,-0.042034171147714704,-120.59350032121552,-20.732486630641898,0.3403146052710849,126.7394528724412,37.4844016726677,21420
120.95414109890281,-0.004822755081111661,-0.0002218328829544168,-0.03448597563150108,-4.987677264677722e-08,7.981094966617752e-10,0.5845197946803745,-0.002034935946018382,5.514928435487401,0.0020227772076127767,0.25682080106478505,-8.250920170055661e-06,0.29672646724216317,10.8686877028077,-0.0036477789519360937,-0.042798349146890735,-119.21201552392762,-21.910118637884533,0.3411447125473739,126.73705790909489,37.484080234448285,21421
121.07309841325669,-0.004916081193384586,-0.00023049611349499735,-0.03668928291957142,-5.9364903177869343e-08,4.177945195818472e-10,0.5383798542015146,-0.0026671932458331455,8.060299576511401,0.002003550004866759,0.25862490901460816,-1.535673019236747e-05,0.9273571138824875,10.786426685333183,-0.002530887148130037,-0.04245075318186238,-122.8430730239022,-20.46190985311879,0.34290836897464533,126.74284618265462,37.48274526216631,21422
121.54842219502751,-0.004802516022597596,-0.00022206607480445423,-0.0364076117348585,-5.968029403140018e-08,4.5432181267998726e-10,0.5528265977753954,-0.00257339019871054,7.447421206788688,0.0021794666765084084,0.2481683451785655,-1.5234781392418665e-05,0.6601710167606337,11.108182809211888,-0.0025125337109000003,-0.043371454655205095,-122.30194857105731,-21.183988630104785,0.3428721275314814,126.74165449694242,37.48161073619528,21423
120.42192453309971,-0.003865767269279435,-0.00018087482132155393,-0.039827648153643105,-3.120085909063332e-08,1.741989074797759e-09,0.7239571300204202,-0.0008988467324621223,-5.155251074895015,0.002418875403548669,0.24549763526837487,1.7472368687510217e-05,0.0050378931085786035,12.53165662239975,-0.0006508874796934742,-0.04241015175908852,-104.35825737918607,-33.29116787728556,0.36462858571684587,126.72237107261779,37.486114291215785,21424
119.88529285816084,-0.004455472880352206,-0.00020162126976000071,-0.037704463896974356,-3.2394212871634636e-08,1.5742806439905118e-09,0.6776454539369453,-0.001123001727820235,-1.792179850167342,0.002027553050988909,0.2646127642639635,1.182561508101014e-05,-0.0023706674471940725,11.884481155143021,-0.002464650333105189,-0.042456791606400084,-109.91750940624024,-28.846330605933886,0.35951340561995104,126.7269117548157,37.48644460274113,21425
120.03186004556666,-0.00476680563291247,-0.0002221794882676518,-0.03284486923633546,-3.657227051576195e-08,1.27841078050044e-09,0.6333997530458446,-0.0013743011441130898,2.1245030700463796,0.001828158687317163,0.27306925643501245,2.7162750304339617e-06,-0.03396003518700316,10.947654584220517,-0.004245549703864229,-0.042245284020923146,-115.53783367979739,-24.046326579759505,0.3439897068583672,126.73217724483142,37.48605426770212,21426
119.82172306874266,-0.0050591802658763755,-0.00023148573311267148,-0.035032899072097154,-4.5096734062857956e-08,9.107964767049985e-10,0.577977383277319,-0.0019695905455623585,5.343747468059453,0.0016865333342016059,0.27656349199460567,-4.706951489748197e-06,0.5627246221268415,10.349663094211355,-0.00405527182221183,-0.041410835141368674,-118.1568055428222,-21.35050067021717,0.3445557403529785,126.7365898540276,37.48621821910901,21427
122.30359677172325,-0.002813435074974747,-0.00013914093256712725,-0.03632188442241599,-3.869297467414001e-08,1.5988561625229094e-09,0.7866393296530474,-0.0008048639383069707,-7.203376166196997,0.0034365188139608297,0.18800793908112567,1.585839800145851e-05,-0.7434449917822291,13.258067666283413,0.0012277502117756574,-0.04485222414901225,-98.05621607394188,-37.164355683549424,0.3633700715431599,126.717177750415,37.48376835344411,21428
122.50593465573311,-0.0031533242352323157,-0.00015309398104297652,-0.03324099447596495,-3.8882693828883575e-08,1.5193501452622465e-09,0.7662874129483369,-0.000806629965682768,-5.190316509175843,0.0032858402602315663,0.19411041612887142,1.1530214277767193e-05,-1.1374983706135677,13.203054689621188,-0.00027342407864069566,-0.045701741098041565,-102.14128136154703,-34.408758911070365,0.3552772461370723,126.72024756764228,37.48294006904674,21429
122.16013349009364,-0.0035505023747406704,-0.00016659803679449132,-0.03372482227605345,-3.832179868663605e-08,1.4919840657828976e-09,0.7388192474948825,-0.0009050890863185645,-3.643271466842558,0.0029917170210314813,0.20922537877157604,9.547035924319636e-06,-0.9958701888888282,12.926295149053647,-0.0012282801992179824,-0.04541594960041578,-105.65110955678293,-32.27438214214001,0.3533222314357652,126.72278842554158,37.48324345251364,21430
122.20716364946229,-0.0038604650879315652,-0.00018214724482288724,-0.03112989621060016,-3.965949199696947e-08,1.3647979289651714e-09,0.7097644273642093,-0.0010047675904094019,-1.3140993312508824,0.0027917481065191244,0.21871340612024523,4.5233930654417695e-06,-1.0937537504713197,12.543580959909207,-0.002561288678692027,-0.04549452069569544,-110.19578071211804,-29.200893432541267,0.3445030736438272,126.72638403027585,37.48279103909148,21431
123.8482971714495,-0.002594717363093902,-0.00010572532853530356,-0.03320613303250711,-4.9772483141471075e-08,1.3000946130400083e-09,0.8050916125636066,-0.00099129792449162,-6.129015871619596,0.004116553564101775,0.1440121587093232,8.168602262144272e-06,-1.9173695675715043,13.915022322133586,0.0011512309049763797,-0.04938793087778523,-97.4130772815916,-36.71316003913825,0.3676848706152693,126.7148430739005,37.48080919841136,21432
123.89624637991604,-0.0024545334334171174,-6.265668678060373e-05,-0.03959931334715726,-5.682753858873582e-08,1.2496677499985016e-09,0.825178127456765,-0.0013770191346255051,-7.101113385091777,0.004465541213283042,0.12307794295693836,9.356593496076084e-06,-1.5519468980034121,13.985659362193665,0.0032413093777493335,-0.05066893489048099,-96.62306841544275,-39.138039324406684,0.3919713445264248,126.70758047376522,37.48169871570618,21433
124.47538561439127,-0.0029963900557007607,-5.1582557381547894e-05,-0.041102308787372505,-6.525930255935676e-08,1.003019129635098e-09,0.8039766237874527,-0.0017948558279964474,-4.555216232209375,0.004561675219632257,0.10801392918491587,1.4175701467296387e-06,-1.949723919427829,14.438063151501913,0.002684629695765253,-0.05353072491938228,-101.4058574701912,-36.53131779300757,0.3986114068197377,126.70501865787928,37.478362591715,21434
124.84880807822272,-0.0026088874057999044,-5.994167780544414e-05,-0.035229564819491195,-6.258121901831131e-08,1.0377495785910224e-09,0.8188369039957455,-0.0014255718698979066,-5.43482998092589,0.00465492670367573,0.10595948674175552,2.378175365617155e-06,-2.571805561927789,14.485186507233445,0.0018977231608440154,-0.05371352955095679,-97.83307610657616,-36.82245544036004,0.38645260137665916,126.7085079976983,37.47817386366074,21435
125.21939262584178,-0.0030379594501817563,-5.5616969658082246e-05,-0.03722502018242185,-6.891940480759063e-08,8.50136044866991e-10,0.7956149743829302,-0.001770487527376064,-3.465128921019735,0.0046607550328997644,0.09850402238561312,-3.6276786741384365e-06,-2.6718471225522102,14.74244169561975,0.0015173051953187254,-0.05535847851181931,-101.69889632764051,-34.773213944277046,0.3903652759892021,126.70721419994298,37.47468659381059,21436
124.8225181663574,-0.0034235943089678386,-5.5756665441930345e-05,-0.0417458825422152,-7.180668559949302e-08,7.608907266102586e-10,0.7731352743787507,-0.002164248094546647,-2.140597656754435,0.004527002816365299,0.10317418080211764,-5.846353912354185e-06,-2.0365831987079033,14.71338192437483,0.00216282674867986,-0.05493099744901596,-105.72685490560202,-33.866313084328404,0.3982716503678099,126.70397172235378,37.47318102192242,21437
125.26102469978973,-0.0033076297365439034,-5.776728052261667e-05,-0.038899734863374814,-7.223056230764302e-08,7.345660973117025e-10,0.7761980034083751,-0.0020206286436058513,-2.172855470018369,0.004601768086220814,0.09858309836145436,-7.0307018268403235e-06,-2.4982395727458844,14.811785674735969,0.001476837240998415,-0.055707568335239724,-104.50517593395364,-33.50476066077031,0.3920947892827473,126.70643758842904,37.47198263683672,21438
125.07817465168887,-0.003532119907496306,-6.067399883500721e-05,-0.04100788895963928,-7.444566701737352e-08,6.500587235027155e-10,0.7591471862703792,-0.0022709535269159094,-1.1599912121030376,0.004516752056613752,0.1017720194473251,-9.13282522210706e-06,-2.145427719002944,14.807012006308566,0.0017648619199570974,-0.05549161284311752,-107.14378324673127,-32.67236152122877,0.3950545138229732,126.70483955450528,37.469765617336265,21439
123.26127981690694,-0.0024066525279313297,-5.926313504391673e-05,-0.04411468925216797,-5.470728604018825e-08,1.3691647234213447e-09,0.8278478304535176,-0.0014504340733387249,-8.133586114578504,0.004359915349015587,0.13260708185034215,1.3519768982454896e-05,-0.7532339132950149,13.643708170371216,0.004530923888456973,-0.04863387245790467,-96.98191559403631,-40.79766316700349,0.3998588635922943,126.70578803824107,37.48380875851737,21440
123.79452360823838,-0.0030878541347707043,-4.887673816357935e-05,-0.04550323542734789,-6.341357726852972e-08,1.0949143016215267e-09,0.8042255453456849,-0.0019274006132871408,-5.004847605060154,0.004448233874763464,0.11675106871045614,4.523422609875445e-06,-1.2049546671247995,14.186966061243238,0.0038727919714765502,-0.051847783565780764,-102.9225735099998,-37.63686591512697,0.4073848937199651,126.70250507865805,37.48083151256389,21441
123.53646698567516,-0.003478192006891695,-4.845029074677574e-05,-0.048321268736556164,-6.708434053934551e-08,9.679279996539657e-10,0.7864956085285074,-0.002299981929963467,-3.441638417202212,0.004379559605101991,0.11669366329820159,1.0813699139077796e-06,-0.8500524498190575,14.295986431917598,0.004432513621656261,-0.0519061411731359,-107.51526855461898,-36.36559547979797,0.41402667743481036,126.6982352937803,37.479768325338654,21442
123.94932570915304,-0.0035304027640223504,-4.950004002624867e-05,-0.04652206732463177,-6.984998083288268e-08,8.591033828401528e-10,0.7788351081335804,-0.0023455069663955944,-2.648686384741043,0.0044315516121233136,0.11077620715253263,-2.175121205539081e-06,-1.2090116421019368,14.484733390482598,0.0037694635581751222,-0.053127293743805634,-107.68834978821432,-35.224320353879534,0.41032749257155493,126.69854068956828,37.47697521518513,21443
124.30049971210326,-0.0034270419761295388,-5.269309765465562e-05,-0.04430621094502625,-6.944982182352371e-08,8.593595547562379e-10,0.7795846404080723,-0.0021888515769391786,-2.7907907654739748,0.00446510800463557,0.1088807722329828,-2.652904599743437e-06,-1.5838959256182394,14.54430868224965,0.0029771284981419018,-0.05376166168666951,-105.86284871864638,-34.96034960262836,0.40435517671120236,126.70202619501492,37.47620631922906,21444
124.43553513876884,-0.003606954341910876,-5.740843774488733e-05,-0.044281821741232366,-7.251780325593009e-08,7.321129364608099e-10,0.7625993033683837,-0.0023703811276457216,-1.5772030870168858,0.004432215546691349,0.10811482911678104,-6.239709283733367e-06,-1.5877036811369447,14.65832436974317,0.00272847513745178,-0.05426934186366823,-107.93288608005739,-33.6052381383337,0.40297882339035146,126.70153094779319,37.47301138641921,21445
124.52837567920056,-0.003746363014608007,-6.398855786619466e-05,-0.044178963154918045,-7.498504979866869e-08,6.194732614278927e-10,0.7454211527048203,-0.002527312352680244,-0.4941037510230785,0.004382550944341968,0.10945927363441262,-9.323560750633427e-06,-1.5372467567495105,14.717817459947597,0.002506127748689249,-0.054512960776977086,-109.79091332356391,-32.401796969547426,0.4008095245557672,126.70174218856947,37.469454654473004,21446
122.7989078388932,-0.0036599793821227578,-5.112373667181501e-05,-0.051995541107633034,-6.596476651846206e-08,1.0059240169004634e-09,0.7819007925458195,-0.0024909377590055515,-3.302604404630254,0.0042462287635109015,0.1260298100750386,2.594835176175799e-06,-0.13538883558451817,14.129383091641563,0.005678860119349507,-0.05012823875641675,-110.74091150914472,-36.79900381710095,0.42140817505106243,126.69483404621613,37.48204593719541,21447
123.00310417109198,-0.003965736750367913,-5.960955274403138e-05,-0.05097938905728076,-7.193833780177919e-08,7.439380984206367e-10,0.7521580902239152,-0.0028358505780972806,-0.9394701193147689,0.004201403351103585,0.12305320945180954,-4.294917045311488e-06,-0.2498295041441126,14.435593393695848,0.005112607542790241,-0.051450959139615775,-113.98868493710349,-34.077876952429925,0.41852065849885217,126.69062932404566,37.47635873189149,21448
122.85232193166817,-0.004115942767622831,-6.817154618867696e-05,-0.051260736969097824,-7.397194917664011e-08,6.345249382456878e-10,0.7338033467199127,-0.003029123832792048,0.16132375644322497,0.004109738723178849,0.12751903135387574,-6.824392887991754e-06,-0.06299740366857798,14.492128129443618,0.005093059858705943,-0.051368307569072,-116.0480399431235,-32.91882115163709,0.4176234896198504,126.68816734269693,37.47328903992396,21449
123.42921103981303,-0.003920817394899318,-6.132934031328063e-05,-0.0491854727527545,-7.296007314532522e-08,7.007538388364165e-10,0.747819610000919,-0.002764473049492909,-0.7270355701631356,0.004239817300904023,0.11968046980144503,-5.8901866866948975e-06,-0.6031436049749757,14.525059782908611,0.004287445947519657,-0.05240199098694222,-112.65507907324269,-33.487639627307644,0.41351297026740985,126.6940311275361,37.474062581305255,21450
123.81328640996807,-0.003744040444915123,-5.533692922658352e-05,-0.04750544078076119,-7.210746854064372e-08,7.551298788605768e-10,0.7613967504997092,-0.002564316765314778,-1.5001053084613991,0.0043504815593359515,0.11351165910448936,-4.859932583845409e-06,-0.9977669157585635,14.548865829740885,0.003848373115768192,-0.05308392518411331,-110.20774188221246,-34.08190493778919,0.4110373776883356,126.69664142405678,37.4747875190257,21451
124.07676848764025,-0.003798939693450043,-6.19713686892471e-05,-0.046280127919781255,-7.372109078938808e-08,6.720520471841725e-10,0.7483647274376033,-0.0025954847516055,-0.7596898782600503,0.004327643221787572,0.11358555336139861,-7.426240012471847e-06,-1.1696678308187973,14.629596634454332,0.003198515191213939,-0.053661673186803614,-110.48175570532129,-33.012076209992706,0.4061956304508229,126.69904100534173,37.471885756985365,21452
123.91113956982123,-0.0039055017483400167,-6.583663502358563e-05,-0.0470688145892795,-7.478809508749522e-08,6.18146102507685e-10,0.7383392534172512,-0.002734406770003561,-0.15809417319563135,0.004268368077231034,0.11667027473114631,-8.586157098551096e-06,-0.9605651066183576,14.629530735888276,0.003400112435788867,-0.05339807222616317,-112.06492590622781,-32.49623868431388,0.40716183050160504,126.69750605651875,37.47039123769449,21453
123.68601295393347,-0.00399857415739382,-6.979029675079528e-05,-0.04796166740345313,-7.536935946965903e-08,5.810795192124684e-10,0.7297027926987408,-0.0028569657237017057,0.316365125541508,0.004201504811592454,0.12064714107654557,-9.238456352906887e-06,-0.7223997129382668,14.61002045852372,0.003655880855505357,-0.052994226403765526,-113.49139384433313,-32.13190234962104,0.40842270082949916,126.69593885139915,37.46944290368492,21454
123.45317877142791,-0.004001656681416211,-6.527496720011596e-05,-0.04904023965809393,-7.47933222427986e-08,6.174744736992769e-10,0.7371618890225586,-0.0028875300768102523,0.005833254104168056,0.0042129706042459405,0.12031146322909757,-7.935681372542867e-06,-0.5591210221103229,14.581696171226866,0.004231179583004839,-0.05257515882772029,-113.96071791195494,-32.70798708681669,0.4125845822544504,126.69237158317031,37.471207649397485,21455
125.09135700421871,-0.003187646432120412,-0.00013703923321185154,-0.025413734514858996,-5.553027099512322e-08,9.706458467432215e-10,0.7525039524799302,-0.0010499513477985416,-1.2782496592513986,0.003961830895215194,0.14558270540949975,-5.9306310458836285e-06,-2.909063379285736,13.85312429036511,-0.002047695837702091,-0.05136280411079034,-106.67626318122909,-30.203131201620813,0.3420296684146766,126.72368665566553,37.47607395902775,21456
121.2269183275325,-0.00486719516579191,-0.00022609542893593072,-0.0406381670643482,-6.927170482229821e-08,1.0632024118912434e-10,0.5166569858715959,-0.0033357336442175053,9.245063514836882,0.002191074532843098,0.25200870378438145,-2.0061857406656592e-05,1.490444591945037,11.580142189189937,-0.0003447362595281555,-0.04356948473180403,-126.35303574977924,-20.947146568738145,0.3549770575547254,126.74937733841922,37.47854565188116,21457
121.73249361173744,-0.004380562790808019,-0.00019832985657219058,-0.03312669026141925,-4.45689272406548e-08,1.1160359470316276e-09,0.6509639375840022,-0.0014744360034879714,1.9871505202738184,0.002442341506949635,0.23472852491179802,-1.8105497681505846e-06,-0.5384779715264048,11.85205125953265,-0.0033506045231597023,-0.04471682534224963,-115.00407071483541,-25.576009764638428,0.34362351471707986,126.73115394555708,37.483104761541625,21458
123.04825422413701,-0.004522283191388885,-0.00019679055152373504,-0.03783120085657398,-6.901023135740338e-08,2.631634919693767e-10,0.5690361297340784,-0.0028319344883237525,7.184650198570576,0.002780491694121519,0.2138236727956043,-2.0046018104538912e-05,0.2754189379338564,12.24297399621007,-0.0012224844166249904,-0.0465811849821902,-122.94683548719925,-22.725472896105543,0.34918504344056545,126.74291421944027,37.474121003386045,21459
