intercept,주거인구/직장인구,아파트 가구수,단독주택 비율,서비스업매출비율,외식업매출비율,근린생활시설 비율,평균최근접역거리,(주거인구+직장인구) / 유동인구,공동주택 비율,평균 도로 길이,도로길이고려_전체통합도,평균최근접정류장거리,점포밀도,도로율,상가밀도,x,y,BAS_ID
103.36265646131206,-44.59819455442823,-16.8682944895629,66.89544081131262,18.762088622000157,-11.349545647788466,66.60342782777275,20.157266453349642,10.683852682377246,42.531813540024174,-29.277365877991627,9.919968966647236,-47.12022115810201,-32.26472298547375,-2.2621268594508366,23.058470462472698,126.68913490770505,37.51870773736182,21300
103.28351048409469,-46.027869868562355,-16.677657878094728,63.20672054850148,18.778573204932876,-11.6848050512695,66.14481913866732,19.910576290222338,17.265654821561473,42.74353891832688,-29.48810060500369,9.826105598721936,-47.6841217588033,-32.27391094790951,-2.260232925470997,22.96590255745316,126.69545880461988,37.52241686372307,21301
103.14128581668072,-46.76243444607892,-16.80253697889733,59.657417717350214,18.295509828933582,-11.973870109006949,59.00309983102014,19.666532493038524,38.54679942304494,42.60066756355724,-29.602266278186246,9.430436148878243,-47.648315719233864,-32.15269325830423,-2.449394524406379,22.54126279029342,126.70134171772969,37.52233877708572,21302
103.12884561948032,-46.28515037591591,-16.99219599278985,61.526780417712445,17.97368434994564,-11.880714891959855,63.10888724536447,19.775061775516946,22.991481187384665,42.3531463715176,-29.514295010857552,9.290187160939173,-47.05300979438903,-32.04622189772747,-2.5268968337205573,22.421003601329584,126.69872979436714,37.51898140944887,21303
103.07765597821081,-46.80973818860363,-16.953852879834997,58.75180092428654,17.914854704823952,-12.10152341686187,55.49952862891687,19.619295403301077,38.59548257519342,42.40302523065625,-29.551400939754664,9.187139574552473,-47.254081567695515,-32.02472875352768,-2.5679077455239887,22.296775170264155,126.70341884326405,37.519318995056054,21304
103.08928214417938,-46.4390040245737,-17.027368711765185,60.331848725807745,17.745744534587153,-12.130580790929825,57.90787231960324,19.72719250900035,29.648097809875296,42.25746338410896,-29.378505526572415,9.152333109905904,-46.759509263396396,-31.92593200038523,-2.603983787815271,22.20230647829675,126.70300423971963,37.515329100586754,21305
103.12512159827727,-45.81625790350449,-17.134322248411955,63.43904925474999,17.76691050030906,-11.784624959700004,63.777193577804724,19.87208940344613,21.07130622888143,42.16073981474251,-29.424535018875595,9.19055115676668,-46.535589902737875,-31.93158465578938,-2.572110763063284,22.340884108010844,126.69720548857926,37.51567898613793,21306
103.14875309892133,-44.890478605947976,-17.308443433895206,66.83440956512288,17.66842320433961,-11.487576174187724,63.67721462042451,20.037344664341944,21.30980482838116,41.95345088758741,-29.35281210935356,9.14273463445489,-45.953043325266506,-31.808847667083622,-2.5787960848496905,22.35880270588204,126.69309964043227,37.512529261238306,21307
103.14089741473276,-44.58370550812491,-17.389645943500664,67.67326507647971,17.515593535706287,-11.531005287863437,61.49954839058758,20.085633008316,24.768691350738468,41.81685807284518,-29.21372682623334,9.068555774722203,-45.562674499416616,-31.729050646173086,-2.630305092957988,22.238272759370318,126.69463592515947,37.50972402615308,21308
103.09107566912027,-45.881919529824664,-17.177718725058305,62.74661603392542,17.479658838793895,-12.135384721425222,60.46282689850469,19.86035109902805,26.438592705766233,42.01246305386826,-29.14875458275162,9.053572380821091,-46.03001611098172,-31.795481257524983,-2.673918161379926,22.05764779294324,126.70257157044347,37.51088024429188,21309
103.03225425764893,-47.348957967231165,-16.878042945684022,55.853734439110326,18.010967712665508,-12.251339270453942,45.55455823456411,19.419887706094286,67.20255498228178,42.53319037015629,-29.658068338595136,9.12670024128035,-47.69720957971789,-32.036778920120554,-2.574292646152624,22.24642441691831,126.70802741158735,37.5214043470635,21310
103.05176479521512,-47.070123517786136,-16.92058346812815,57.2176694420975,17.899698295197734,-12.247140403660351,50.20507645289362,19.52862886990962,50.45748772578084,42.43864884951279,-29.545734671720325,9.13501538582462,-47.345878258281104,-31.987488586033656,-2.5861086920527607,22.21739330959252,126.70645139187884,37.51875080500249,21311
103.05439379629767,-46.872348425775115,-16.96479502620698,58.166323892149734,17.739128266357845,-12.350681394521697,53.923154521883596,19.595905041466846,44.633137590672575,42.327134129024316,-29.377393537847436,9.091232839360327,-46.92217469247764,-31.88559068193834,-2.6218624812179145,22.106882528954504,126.70691946411556,37.51509833713639,21312
103.0607969162271,-46.39742061726207,-17.092920419486997,60.16290972812122,17.46143010403854,-12.430847735889278,60.03293409425675,19.73782793400403,30.00837026275672,42.09028476833301,-29.096357461380848,9.010810101897876,-46.15621772679995,-31.75977087992338,-2.6925976574039234,21.950784937909752,126.70652058482338,37.51059783447811,21313
102.96201277683308,-47.74260515642346,-16.900816153897807,53.28912990464903,17.913092949073608,-12.443496879349237,36.65587859528162,19.21008998709553,76.2919306638218,42.535033854853964,-29.69622113371092,8.93374173032985,-47.81199665463845,-31.934927332605994,-2.633846981855415,22.077619756230767,126.71319259164342,37.52037539808062,21314
102.84684938569491,-48.156192938518494,-17.088086337290036,50.47708381052966,17.62849729451941,-12.600817080574672,23.728402763003544,18.918485114150574,86.4064804506716,42.40169352257614,-29.7889774479581,8.557378377272117,-47.79646205771503,-31.853956558122377,-2.7723221594567273,21.84766962391187,126.71891876142693,37.52020716759903,21315
102.73635297362216,-48.50840201985676,-17.369839847304206,47.37618087074233,17.342315791622838,-12.684166143994254,13.58496736672248,18.650898397196237,82.91844224005001,42.19736914692935,-29.84529042446166,8.135131364846966,-47.567122689903464,-31.803831096031523,-2.931546864669641,21.645432794058777,126.72512332161521,37.52075627781089,21316
102.66392461692112,-48.77830710373783,-17.528473069208463,44.803105574547445,17.254784263640538,-12.755573488299149,9.247936746162198,18.40764547175278,57.62332810690849,42.11835085691753,-29.869420080459157,7.85574083622371,-47.51292249009339,-31.740851024630313,-3.019706516123553,21.51581600537813,126.73053373535897,37.52055707999099,21317
102.59675746577611,-49.04351209240753,-17.63522299235231,41.92286926791503,17.27822710735736,-12.80175733119901,9.074865394804622,18.094903590253143,27.331013782952592,42.11696999987937,-29.907243571508463,7.61538629589289,-47.72200620734986,-31.685393804738204,-3.09277331015014,21.395613725162583,126.7361576234256,37.52074545539758,21318
102.49801966711667,-49.35270301345948,-17.722494364866744,37.924507788765,17.37508358575027,-12.8464836958983,32.759124772802245,17.574735800043122,9.344242164768918,42.16925283236252,-29.99180232492471,7.317973226162785,-48.442938712728235,-31.74113289664649,-3.2318387390198646,21.16293797784884,126.74321514378205,37.5219067233361,21319
102.40845154163704,-49.58274254709058,-17.985363173129514,35.70283798482871,17.259805310788956,-12.908980509405465,56.34335511512652,17.182498546448823,2.446376014408898,42.04115002448849,-29.959031228145914,6.904679054781564,-48.37656439515615,-31.711954163950494,-3.3757331050329333,20.95462590968326,126.7488155826459,37.520512435412016,21320
102.49488291476193,-49.36627334097055,-17.957850193950915,39.0843196407797,17.105642023493676,-12.891263444831154,23.932361560832945,17.721272372725775,14.49709152350307,41.935659431453,-29.859447005178033,7.132787040839419,-47.311775443148534,-31.567856513993203,-3.2346165204014796,21.20545168237779,126.74324183744143,37.51850596365194,21321
102.27866933920964,-49.83293548791266,-18.305034700228592,32.91304577260779,17.176015056744816,-12.953065534144644,90.58496800699035,16.5345037921779,-21.66508148974667,41.927568520978426,-29.960454692260434,6.366330909837706,-48.94012485272817,-31.8659047569489,-3.632152717981748,20.565170636865403,126.75566589791076,37.52007688820165,21322
102.59240343513827,-48.95765864151852,-17.8478912035627,44.57813041057033,16.88374314726113,-12.871020091919913,3.994314663029779,18.326054256562593,43.047477666120045,41.81457934735581,-29.755558639730758,7.449255654879527,-46.47114784219353,-31.582575058704897,-3.1334156647953457,21.383633201222473,126.73380894864344,37.51608671250486,21323
102.54992753721211,-49.11811291983073,-18.01298275482424,43.137904199266536,16.80353881340682,-12.89248999894637,1.9124781628734115,18.206782930982726,27.79224892253314,41.711393520574724,-29.733774783893274,7.2328050406537585,-46.169773236124506,-31.531403482865485,-3.1926958694824688,21.32169159785625,126.73735307054208,37.51538694098997,21324
102.4964909456273,-49.34336069322165,-18.139397830682846,40.86399439741253,16.83874266418747,-12.932689999153105,11.398855435623366,17.93218473437239,18.283735422625348,41.70464650616064,-29.744974986657972,7.006286670322094,-46.246275807304905,-31.476495397773792,-3.24527078541506,21.237254091757475,126.74211095416764,37.515279842530006,21325
102.4188032446885,-49.6245528032174,-18.309228811970556,37.62512784667356,16.928715525941055,-12.946480308138971,37.06902205809281,17.46427766374272,12.578348463622486,41.726438184767005,-29.767232910201088,6.687394116169978,-46.59282123562123,-31.437302096341494,-3.3392549534870897,21.08873781050216,126.7485031464966,37.51560938874926,21326
102.53143512445092,-49.17253051763262,-18.10099323894337,43.953763741661696,16.6701270923779,-12.959430847551928,-0.4375231682568377,18.19850217694034,29.91796418034209,41.61348066217944,-29.675604387830177,7.108429493270636,-45.69861776781668,-31.445289911784144,-3.2073934773210024,21.29781594208349,126.73710299172977,37.512701817751,21327
102.57024623734416,-49.01777446015056,-17.923431397692767,44.809287535944975,16.739342367644277,-12.969836504656012,1.6558978426969744,18.296399917817876,42.48235620207538,41.723325511594254,-29.69172018303041,7.317707409104246,-46.012219354744104,-31.47922049433521,-3.1475977768368177,21.345113682588256,126.73357519465186,37.5129551650066,21328
102.71829175925471,-48.51688089305374,-17.412441477788306,48.08220071163261,17.164989361260872,-12.8274182456644,14.15155741661748,18.642918244136453,89.19886244636487,42.109005840166915,-29.752502556849908,8.026698240853055,-47.12179899662638,-31.672577166845187,-2.9481823351209977,21.573891484071236,126.7248954590203,37.516428945139154,21329
102.64972408467835,-48.74828875615121,-17.63172103568654,46.33888805034824,16.99370351419173,-12.86766427565325,8.391552717986482,18.475074188680914,71.89023181832556,41.952799091260225,-29.758345607607424,7.723355656508961,-46.78507568079624,-31.619380630214376,-3.0458562473578823,21.46644622146116,126.72914095377996,37.51599952583299,21330
102.63032883279064,-48.787763953817574,-17.687912963477764,46.22661505548961,16.84979763186036,-12.976420074712184,7.846252832030582,18.453134617790294,70.76066050807677,41.870326639919384,-29.68931854307345,7.611319141817853,-46.3693136508339,-31.51782640677375,-3.059370479942578,21.420367299270794,126.72896966340448,37.513023161354845,21331
102.70144709860153,-48.51869822413366,-17.465156603239222,48.21675807084384,16.980658346415964,-12.965655278106269,17.524756073857223,18.64770699118897,88.54295855447583,42.00709198722092,-29.64912267670147,7.917972394330275,-46.61920983799221,-31.551722671355208,-2.9651560425897907,21.5099748616228,126.72456153357894,37.51284888767801,21332
102.74697922955458,-48.38640977969375,-17.331925747713,49.38169540369328,17.153630615757926,-12.890065603180284,19.61975843762094,18.73907971905527,93.80035691312983,42.12863837070478,-29.67091608714294,8.121295316075585,-46.96661085303534,-31.620105071720413,-2.9061370549902574,21.591097345214777,126.72272411487454,37.514294919956676,21333
102.92164807032717,-47.67699868764648,-17.008389115793968,53.721556231963206,17.47110003404802,-12.820098896766309,39.237107179931925,19.223428237406416,69.04659615473412,42.299750514148016,-29.374072074275638,8.700026569875469,-46.844705560583066,-31.6407169025617,-2.722643944966605,21.79414018694905,126.71522085131534,37.512349271270885,21334
102.71215600636452,-48.429966240749536,-17.441024258397235,49.220461307358775,16.880568806785135,-13.081841490426493,25.262636133611924,18.716710261060847,72.11892212732647,41.96374328130635,-29.528513635676532,7.927753732276598,-46.24706055085056,-31.462799819216677,-2.9477995013506906,21.486259667100054,126.72312378787706,37.51022634485727,21335
102.6157229365839,-48.812936299031676,-17.734303666781273,46.249901225236876,16.714605875798355,-13.080760231939523,6.830457001411718,18.44694244916316,64.22074069184913,41.79244389156014,-29.61583549602821,7.519259170631855,-45.95071198140266,-31.425396541126318,-3.066173790488189,21.384979687659822,126.72851926211857,37.51048241928701,21336
102.58885048131852,-48.89312036065277,-17.831440701692514,45.99843528918633,16.559422794965187,-13.179697820821776,3.22750115710519,18.40923404415544,41.86968421121964,41.683478218522296,-29.545558222499054,7.368096649138446,-45.44704384659991,-31.331342240457293,-3.0881634855133524,21.341886070011526,126.72887410436182,37.50824363218556,21337
102.68409538771525,-48.49824220360931,-17.52532641708476,48.851581523644484,16.712541747633644,-13.204702519871896,25.338140422786445,18.677972067103568,30.430709049722584,41.855662622027026,-29.443427471946094,7.782660605702182,-45.771330584512334,-31.365383168890475,-2.9751066765577434,21.423832415899227,126.72367451730786,37.508087894345195,21338
102.56043236399157,-49.0392361095594,-17.954281513286958,44.85808266159448,16.640515546651187,-13.046851604435972,1.1330571799598912,18.29365070535125,40.73914640686685,41.66908768068494,-29.641639329848424,7.2524592604455,-45.690599025231094,-31.407449873206364,-3.1466367566947375,21.327415106039563,126.73281609389528,37.51084224358553,21339
102.5320101499234,-49.14901337581436,-18.076929474562036,44.36948807704739,16.550520198528453,-13.07696839678259,0.44851716693389265,18.232407952472336,29.22545955516133,41.576937716638916,-29.611399451046633,7.094000236210148,-45.338262018638474,-31.35265443283907,-3.1795699290481596,21.295212957420507,126.73433203369085,37.50968150840593,21340
102.49446202388859,-49.31775204247714,-18.27514084429919,43.44554388677884,16.53312854193576,-13.014416492280798,0.4903248816321024,18.127528359100122,24.226451349238804,41.477532696844094,-29.61442250143068,6.884576599778267,-45.11813000821914,-31.348688279913,-3.246308458669821,21.257716892696042,126.73883225082633,37.51030879926104,21341
102.47704577903238,-49.40302564556887,-18.367022895752243,41.977288830767094,16.586693419888974,-12.95351442649281,4.094126737944555,18.049118066991255,23.185246270298823,41.459697757655896,-29.633056862459018,6.796397201504282,-45.19652153425986,-31.378505223918935,-3.2865701154010205,21.233662460571658,126.74248463225899,37.51182400323176,21342
102.46317246967581,-49.45155829560717,-18.432311667653856,43.4542202580826,16.385787925892476,-13.086073996061874,2.422214676348665,18.080537886770067,21.164995899221807,41.34536618598345,-29.543242114059705,6.681777993888932,-44.475293701858334,-31.24051523103258,-3.2674044950795476,21.23428678288787,126.73938905241498,37.50756648853063,21343
102.51720200789737,-49.19930396955742,-18.136873941855338,44.365183004030534,16.43981370021979,-13.152872179649872,0.6602754359352394,18.22010360802091,19.909900271660625,41.50342886104221,-29.55653633246404,6.9989159244188635,-44.93656036488539,-31.277104591492844,-3.182734739794171,21.278536053355808,126.7338759401278,37.50772954620715,21344
102.44720705816366,-49.52459230762411,-18.50930684777533,43.73952302667295,16.25590560761014,-13.1720842222238,3.2514255600308593,18.07502779668904,16.66379410750213,41.25736189951229,-29.479975586100945,6.570638045994531,-43.960033746746944,-31.14919318320453,-3.2616368223740118,21.22997448368269,126.73829942679801,37.50524247607829,21345
102.42211686098403,-49.657904289784916,-18.67992912151675,43.45798709118965,16.240662115780793,-13.123567472012924,4.2095604675979175,18.016926512734745,20.47574070554868,41.171455810852464,-29.462979143704764,6.402605418347861,-43.68417612126866,-31.12707256454847,-3.303021399713544,21.21557305254036,126.74136015694967,37.50501277134439,21346
102.38710642165759,-49.86819347565647,-18.916846720452376,43.7594426900489,16.06602617867738,-13.190735127028521,4.803135400694936,17.993730877618436,18.089624031733095,40.99280373447179,-29.365870841709388,6.144674321262959,-42.77591652852388,-30.993272648818994,-3.3122896137838334,21.220709587746057,126.74164138803316,37.50199786241285,21347
102.4143163486456,-49.70498380031925,-18.704388779685548,44.12513242239829,16.063010363448274,-13.269624680933031,4.6957850396954175,18.053176484383656,16.396916790898146,41.08813241135618,-29.380299644255047,6.340766820726646,-43.073630264296725,-31.015311671780648,-3.265999292223869,21.22785767890701,126.73801933246972,37.502251746191796,21348
102.37637574505735,-49.96846939372121,-18.97574514252037,45.018687135657345,15.83586630542179,-13.368112639537308,5.7137076081071765,18.0557224417078,14.763014859322649,40.87033017903099,-29.25669529789821,6.060829013916272,-41.960217277676506,-30.862641638625178,-3.262447493332507,21.24613188513458,126.73773032874193,37.49913638917341,21349
102.35372717551532,-50.12304799706384,-19.18474931652607,44.68867504802179,15.86989291768944,-13.26407441966759,3.85218838672375,18.008217872824748,13.521478013829265,40.793956577338896,-29.255194255681857,5.881719019481977,-41.75172142509922,-30.848943897735953,-3.3049491425383186,21.248547288999884,126.74125844589769,37.49897505789148,21350
102.49224423057255,-49.300234043948564,-18.25129090190756,44.38616264432202,16.291127985772498,-13.24119290787887,0.4873023713428509,18.191552054440997,9.789782052006515,41.38819954272671,-29.484021491553875,6.84149120643101,-44.349733992609316,-31.179850210896937,-3.1937948897523727,21.25761605167986,126.73384158447207,37.50545989278808,21351
102.4581632898539,-49.46181047192155,-18.42781166410012,45.053520596580455,16.072579944175647,-13.368353691793281,1.7417766640374168,18.16700180940762,11.16736008204714,41.21235755815931,-29.369968886662335,6.617542059574835,-43.43781351422294,-31.042591310204877,-3.201502253462807,21.24101374751745,126.73355031757578,37.50247742264862,21352
102.4179858346186,-49.70560253375696,-18.678459716547607,45.63444521884358,15.812312029583913,-13.503859277727098,12.809478032176388,18.16167039898088,10.538719704518282,40.9818746674632,-29.225785561249506,6.34219432652554,-42.273864549730206,-30.888699026575637,-3.2033181354685447,21.24142593531229,126.7332555918207,37.49941078769118,21353
102.67324782540165,-48.49519375001213,-17.576305228066236,49.18804192140309,16.565457810012806,-13.325300182567009,26.175299637757682,18.69707258355256,-33.83500035229832,41.758965829326954,-29.323003947317858,7.701346645289461,-45.275063994940396,-31.278707740997042,-2.985162231998229,21.380335605456665,126.72335723816101,37.506101199065874,21354
102.5698395475494,-48.94227661850197,-17.908223337593213,46.10332774881142,16.38864247127955,-13.305439835654141,-1.8912430245717986,18.40589511327799,-13.226853603443125,41.57116483206795,-29.443270532107903,7.245169190423619,-44.85100095037344,-31.226475527450265,-3.0951424743396805,21.308038020908448,126.72839182561799,37.505781506408944,21355
102.53659554781666,-49.06062367234431,-18.060953481804468,46.82230394555134,16.14054413150742,-13.470617981598483,2.7588290229624928,18.39123399343388,-28.476664262181192,41.385606179659945,-29.294624327129448,7.037121609706975,-43.920829773620476,-31.08771737120209,-3.1107012604702886,21.26671302437537,126.72816675135655,37.50283688323916,21356
102.62986534172174,-48.62204855432165,-17.742943946318817,48.88617882600185,16.301267057344667,-13.4940578233895,25.58608680326019,18.653965371503002,-59.02446657595932,41.56161632526988,-29.17741782465206,7.4661648993709875,-44.411800853538566,-31.15069076463719,-3.0252317510016082,21.308274045165753,126.72400061951048,37.5035218880192,21357
102.64638503859521,-48.51800676470084,-17.724661676528164,49.866568493053265,16.25047559834622,-13.567552090716125,34.267986670707884,18.74022681081538,-46.01007041168051,41.52350370066379,-29.04531803049208,7.509742795963474,-44.1400682703483,-31.118073022073325,-3.0136025234340593,21.295521048790224,126.72294689379429,37.50268173515215,21358
102.5922983218768,-48.72080663669406,-17.976086575180506,50.28190855120799,15.92259500920133,-13.761439061165518,41.53402450402802,18.70706710403544,-23.392150275475146,41.24514982049641,-28.835818341727673,7.209437644402116,-42.947891906949735,-30.980542289044045,-3.059172743529083,21.229139557600234,126.72364014682157,37.50006989086598,21359
102.49567380804245,-49.25391904016345,-18.291432228916463,47.52154633360718,15.830951517159447,-13.662204936951252,28.022553356095898,18.395942760936805,-16.050098286899274,41.127212308880296,-29.08950111837727,6.772189467934888,-42.6654164287594,-30.93170424631554,-3.1250150568247594,21.234589070308875,126.72789212345697,37.49975562666252,21360
103.05775369426418,-45.94831904469485,-17.236982990238502,61.85849060403439,17.214672800679814,-12.467160797780437,58.89626320184827,19.849937306525753,18.706895914746568,41.85791744682706,-28.858150944949273,8.912561055454358,-45.473439615680334,-31.665866907245068,-2.765243941566066,21.81675568725727,126.70625897179377,37.50751514282017,21361
103.05422013967168,-45.545655156021624,-17.36375028674651,63.080577939951176,17.03102732474749,-12.473795167134254,56.8136576390593,19.937822662669618,11.338154626855454,41.66473443921152,-28.66721581518341,8.830522947565782,-44.92770568598951,-31.600614414313778,-2.824597650673807,21.71702598172789,126.70603903400313,37.505428800513634,21362
103.0010656199387,-46.671146554211475,-17.168217799470575,58.46007720280721,17.10268934524705,-13.002282621994892,57.619033632731245,19.66558355729087,7.37544295647605,41.89361183131762,-28.628708060439216,8.763701328933367,-45.23943986001008,-31.49520513559868,-2.8005202091353536,21.61006830415287,126.71172592855608,37.505935087045756,21363
102.85104950135027,-47.69635275585274,-17.237422955432123,53.87770038090189,16.890428215332996,-13.280707302957575,50.63901783930196,19.210824239940663,-22.32155392851486,41.92799740200505,-28.93133491943621,8.327135321259274,-45.37374594824149,-31.33863654993394,-2.8453145491413707,21.49368505959653,126.7172762651082,37.505896698687394,21364
102.79839778907697,-47.839043902350575,-17.384177377269552,53.41525493497903,16.621907959386192,-13.46104435688461,50.31910270301158,19.140452919371057,-25.598362592406186,41.74966717717166,-28.807073589775392,8.095189386922831,-44.719827426900395,-31.229831475396963,-2.904050013098181,21.388117103585053,126.71852583137303,37.50397113772221,21365
102.72863958037416,-48.20132076796115,-17.479366264621113,51.49545654223691,16.550060412153787,-13.429516642260845,41.22858427383477,18.907610608240493,-46.46698736063342,41.74368075610579,-29.071068955353496,7.875773153437431,-44.92319943680733,-31.23216608128935,-2.9422303595889865,21.377750002605335,126.72078037435098,37.50460855291769,21366
103.13147779218906,-44.347397362448476,-17.460373152443672,67.92497425379385,17.376451537054685,-11.590993221432623,58.95852567303183,20.12152459273272,26.909741830186633,41.69554301028176,-29.07958227234658,8.99944575970199,-45.21908812070505,-31.667398062534744,-2.680290197963972,22.125807687939876,126.69610854079217,37.50761086235353,21367
103.14957356489907,-43.371322879956374,-17.616170912877013,70.37541602455784,17.370460760280316,-11.264310865449243,57.66983281115316,20.239032624400352,31.134655901081963,41.542231982570854,-29.07905069007324,8.959498373715991,-44.82336553238278,-31.571309707979367,-2.6714017769527603,22.176136613746024,126.6927399380419,37.505830653325894,21368
103.09386558801151,-44.98792798660642,-17.40242838142118,65.52183303767309,17.19790286958955,-12.037768210046348,57.01144382506645,20.031525750789232,24.14963561923605,41.68614545083062,-28.882211001930322,8.925964630171595,-45.12224709797721,-31.65689953833783,-2.7578012553242437,21.913562456737598,126.70152751391542,37.50659199812723,21369
103.05425272974314,-44.31403133230188,-17.675267347845107,68.01914791966647,16.854117438940754,-11.927866826315604,48.90782638295023,20.132415609081313,17.139451130930652,41.33181077003305,-28.73134771602046,8.666062578401684,-44.15023230439687,-31.481156617895802,-2.85001189565178,21.766385578794676,126.70162443649025,37.502897928765144,21370
103.09267490057924,-43.299475008194236,-17.78603205246867,71.1693827886196,17.06176399785469,-11.306365224540224,49.58136865604831,20.249321742323275,29.455376113648512,41.30890271115269,-29.01601045924525,8.703578178960933,-44.14039736813946,-31.408363289919205,-2.748299550408288,22.015246145159907,126.69520502609744,37.50286720183397,21371
102.8857174289787,-42.13994942271329,-18.721210767794734,76.5576475370996,16.06753916518464,-11.055075175247794,11.098234782026509,20.429510055827578,90.26194307950702,40.21493200384383,-28.954597975142313,7.560942779992331,-40.57788283660087,-30.740489990683443,-2.948196726887682,21.698731792017195,126.7020675056008,37.49139964949855,21373
102.8761675976761,-41.57040781392337,-18.93670741894045,78.43860000726959,16.140057440428137,-10.584248814118705,23.64824735433258,20.5418283453804,93.86913592104472,40.086643470977876,-29.24852288574133,7.360200978552848,-39.93494819378475,-30.49561147805256,-2.855469075787836,21.88466569458982,126.70027029496818,37.488367611917496,21374
102.977635349508,-44.88111685617908,-17.779029353282986,66.4916514931501,16.52381196357743,-12.230995017760671,44.90434466650671,20.04967305042225,8.744100191876987,41.16523218857305,-28.621771042209435,8.397419271573586,-43.5741525028253,-31.377145802694073,-2.9395746793635826,21.586679193648777,126.7055160291966,37.50116515207217,21376
102.90670888426536,-46.264741709888,-17.636152765710094,60.3795369490636,16.35270788858116,-13.104422387592603,56.96353498619773,19.779544017259568,16.112172228153582,41.26443704274928,-28.28062138111229,8.274211130813171,-43.50673228299409,-31.33525632049686,-3.008599431206073,21.34389953458574,126.71217894136385,37.50126040269885,21377
102.78527979632315,-47.67170843995,-17.587211595675814,54.59047542182335,16.286841756446805,-13.696218242970673,55.78302986505233,19.281203274848558,-3.8998729003459216,41.42786568099196,-28.338912598183974,7.935782597481516,-43.44579831712901,-31.11453415970862,-2.9747756972658728,21.258402678905142,126.71819686460479,37.50113120429761,21378
102.6786553274323,-48.278912996891904,-17.747214068611044,52.14040967100109,16.107732788664535,-13.743125163855265,47.477646338701156,18.94486769523835,-18.41474263695215,41.37770361857817,-28.664258156805737,7.566641769315996,-43.352036130741695,-31.045051926977422,-3.0093330997868293,21.246204785267807,126.72111409037743,37.50083427122422,21379
102.92903086867324,-43.85313496361875,-18.180875612076985,70.07257586416301,16.169688187668335,-11.964547251717459,19.26541038551807,20.2029649252268,38.73509873890231,40.68430503584615,-28.51261156553786,8.038586415507442,-42.171101176292325,-31.16269641677453,-3.0230636854201576,21.49404821120293,126.70516062378178,37.49703809190434,21380
102.83287940939942,-43.994409713659,-18.516447447816397,70.78410246795588,15.728043429480843,-12.134447750391162,-0.2591145608040053,20.197228236335615,52.9870109677308,40.271935395087816,-28.36119278164556,7.5936105144573,-40.81998384936169,-31.005988867725588,-3.1350614139082547,21.338434199843476,126.70834902087414,37.49416096052327,21381
102.87769431796792,-43.12264664642395,-18.51939579265641,73.07219185698608,15.927707238075694,-11.711541489829255,4.370101858098032,20.2944461410859,63.18150240585477,40.31853902369327,-28.56196404755115,7.700048424806946,-41.04274787605119,-30.971025244789672,-3.0627730228650014,21.470783053422473,126.70532290652942,37.49391420914386,21382
102.86774867007495,-42.477335832157145,-18.73252223975077,75.94557886815714,15.979230507497528,-11.195293761260976,6.586607129457157,20.40388954038534,88.26364986794803,40.18155976250972,-28.88531548475029,7.509455524963657,-40.455641638908304,-30.755397828546847,-2.979110155375675,21.644746398331037,126.70343711948699,37.491455364876344,21383
102.7797124968992,-43.618824824375345,-18.95569581961675,74.28948873795524,15.645525695250965,-11.477504045220046,8.191652531322456,20.364451323529558,88.31416000659937,39.93948289696003,-28.790635375453306,7.129891879417269,-39.44565874337256,-30.661891855963315,-3.048236609630739,21.552069197138433,126.70804895244628,37.48990519005655,21384
102.81134827211807,-42.78339092033136,-19.015156329900698,76.65055534923276,15.829460375240188,-11.02870835112328,19.965481021322923,20.4710012080996,93.61660289910957,39.94464197135423,-29.02518493608246,7.150072432675275,-39.41263726923083,-30.542113795814842,-2.95933604118585,21.711516352396323,126.70529541862562,37.48856165373939,21385
102.7658951792518,-45.5050562599541,-18.44065077770793,64.79381403301545,15.483145193647033,-12.961029145501215,30.429035555901564,19.96245353654396,42.19395629581499,40.29480492188962,-27.976209134288688,7.483511122206381,-40.677905729578,-31.067635489016148,-3.2295461103914125,21.137794697883617,126.71288726133925,37.495109283923775,21386
102.64840218581712,-47.42819619584603,-18.495392346229806,58.473840943842504,15.245340311039648,-13.840674121948041,59.76662158804192,19.528224418352792,30.525519461882723,40.319556679620106,-27.70916573281177,7.158299049576496,-40.18753210744205,-30.966661764575832,-3.2456719777073353,21.03311958587241,126.71815353389549,37.495301000194544,21387
102.5864877849345,-48.52054675664805,-18.400041737462352,54.72400652135924,15.370254749088343,-14.044135984400167,55.84922865883654,19.11367687332441,24.954108352608777,40.61977058781504,-28.043491735356337,7.00587327808679,-40.65719991639739,-30.867306220307363,-3.147153670991245,21.11306294544657,126.72141188147769,37.49621834155759,21388
102.51951675982156,-48.44702775338065,-19.09132987699855,58.90332058589427,14.880808861809674,-13.581524969717105,55.391845106984974,19.509968742099538,30.753320288146522,39.90965835812787,-28.092362698968085,6.475414890429686,-38.67653766574806,-30.775235637715276,-3.2599066843544695,21.157146093376255,126.72114311621687,37.492424428814545,21389
102.55148912903728,-48.91597681273228,-18.27924626198909,51.700385277648444,15.567671963420674,-13.975781089276422,49.69732715816091,18.77486410239888,11.897446025189891,40.89774564519342,-28.491544241783444,6.9401557965765,-41.500997881174825,-30.85213752285759,-3.094873834673323,21.177908334652276,126.72357971401394,37.49748128892882,21390
102.46307851608343,-49.48671664891853,-18.57801935239764,49.85504064556011,15.475160631759337,-13.88133990212846,47.87788759225258,18.498463906268775,5.704908402189523,40.79772078628061,-28.77790926621839,6.5289671506880165,-41.17147305975293,-30.784795408208918,-3.1274763902115508,21.218176752408915,126.72692259680042,37.496846043488155,21391
102.41657544371901,-49.77053572440931,-18.90935350251725,49.91783955094506,15.352840260580782,-13.713892605359984,47.62340160329731,18.526635678874513,-3.0539307556051334,40.5795358145854,-28.863720955088684,6.218682391960405,-40.47957619848772,-30.743470752119734,-3.1808405545950085,21.253679176658416,126.72898380458236,37.49556769359233,21392
102.48951720411199,-49.241721217342366,-18.723904597365333,53.3867925567995,15.198197061397806,-13.970569346870732,53.55085512181506,18.887638273511197,21.53715230196312,40.474287510202124,-28.366705362016646,6.562085067030532,-40.10343952444725,-30.774345298691983,-3.1630770927815437,21.174808206651946,126.72421092572307,37.49512308307309,21393
102.46641455008255,-49.27404203552324,-19.077055453290242,55.620905073650064,14.985756586252213,-13.708220401345782,55.20601722643413,19.157336252755517,24.240743763253555,40.125215841202056,-28.3709629599737,6.309680118388417,-39.067048139816265,-30.728346743658307,-3.2142504265998397,21.215042453634027,126.72424638400412,37.4931416557936,21394
102.42885150575475,-49.650688651267004,-19.312140808841722,55.17786801393896,15.009256975329073,-13.487166305669877,52.16980361986566,19.11924339762538,0.9299286475302746,40.05708349128179,-28.59231303852996,6.045335246962884,-38.753457404066076,-30.65744577579776,-3.2116862896934406,21.30005893024703,126.72662171464519,37.49224769081569,21395
102.40123756607446,-49.9367507947688,-19.278333966848017,52.64259864372606,15.119263379997113,-13.573475343630056,48.00537373505646,18.835407629221365,-9.300545409027812,40.21964575310694,-28.728744937403093,5.981676754890383,-39.225679464127325,-30.661012109126403,-3.2046303213744967,21.302290698034184,126.72875070019806,37.49315576902194,21396
102.37299732002427,-50.07852838411392,-19.128788128411113,47.912593954310964,15.488340155299621,-13.52945162516938,23.966477538821184,18.31444636020386,-1.8053320943039362,40.59836717797664,-29.048978146921517,5.964174433580653,-40.63224667481018,-30.730565965554643,-3.220286082455563,21.284551783669947,126.7335285600955,37.4958943330368,21397
102.34192171347229,-50.33014316057776,-19.475432733131107,46.94290233348662,15.603839288022211,-13.269506491626764,6.736508360148813,18.265649574805828,2.890626295246347,40.49815274026165,-29.101054213755432,5.677394923408772,-40.409276389500896,-30.713550498216453,-3.2865135589106034,21.316388779594575,126.73938802007658,37.495544531644576,21398
102.37234351224761,-50.21211264162008,-19.453576317883645,51.23953293368397,15.203023004762574,-13.45017232280466,37.37061081395895,18.718002018170296,-21.880005441192537,40.22218597378473,-28.849394224167902,5.790128721761518,-39.211090728626075,-30.628292457265754,-3.2173617582948637,21.344103084665928,126.73172652454332,37.492965960231075,21399
102.3653422038262,-50.35975853601237,-19.714955999317027,51.90072724090358,15.222922539449586,-13.213278582691917,30.772848869936677,18.85578309315178,-31.685213258485884,40.079510021602374,-28.859812175431028,5.607330519770774,-38.71424252748435,-30.570234986683843,-3.2300145839165646,21.410303643959416,126.73385536785966,37.4916385116362,21400
102.34717162589688,-50.587857961874846,-19.950884374867382,50.88034103264826,15.337172435143318,-13.049526815721215,23.793476205562218,18.80468304072488,-25.241003680091016,40.04800007751621,-28.894490003800456,5.415441857443347,-38.61718503437809,-30.535758035859317,-3.254185912007441,21.45277457606208,126.73805315071594,37.491102177440354,21401
102.33826591402205,-50.7187569513018,-20.121256973989375,50.21629361157395,15.42034661947607,-12.931574743459915,30.66519585884395,18.78811531503573,-13.381002941077082,40.017955961282695,-28.894456633325525,5.291228010369931,-38.53782102397176,-30.514436663208826,-3.2745688413539065,21.478786230961955,126.74135212742111,37.490648494906665,21402
102.39069544023334,-50.24106734524503,-19.894608045835874,54.679654136819515,15.156753118972247,-12.938090047316734,38.603156005905575,19.229128422496238,-34.024624807778714,39.85765839899988,-28.7946230180739,5.5549339854923705,-37.937131401149344,-30.489665061409582,-3.2074642963058655,21.49097647749547,126.73270623097748,37.48953454642509,21403
102.47619726378657,-48.96964741160115,-19.45930281081988,59.66696733555169,14.88216578721853,-13.150921696647199,52.62728831745665,19.614384673974786,39.478859863974264,39.746561469091105,-28.430979179115774,6.094253263926692,-37.918223433522144,-30.621131715957624,-3.221114804950766,21.325204835386206,126.72350279514926,37.49037966390614,21404
102.69985508762346,-44.6942456532049,-19.230734646135478,72.43688118341721,15.379460409322602,-11.661917693005389,16.543861638615404,20.354340884018406,80.27946456560443,39.69995835515611,-28.738916868188756,6.7444869752621335,-38.41378591866723,-30.553655247867546,-3.088612150641703,21.524286711055638,126.71190655939117,37.48827801913773,21405
102.44185431170652,-49.59576280151812,-19.836047077481133,59.34039433252356,14.997919251559772,-12.776929009086423,49.6903533515775,19.657108890809766,-12.484169859242623,39.654107598163165,-28.674304246616543,5.730146056706005,-37.367820874347075,-30.464185173800185,-3.1780166830692487,21.499233023084006,126.72737099803639,37.48833961691259,21406
102.48167760799893,-48.8603681791708,-19.689527467073034,62.021155616899364,14.883775283363912,-12.803009239671375,50.27825083970099,19.846047211641014,30.65006393107994,39.56883180994965,-28.50874649673052,5.953274163410079,-37.317259221576286,-30.521947883713633,-3.1950708944308066,21.42223914570019,126.72347860560502,37.48862329371838,21407
102.53679338834222,-47.53397469496217,-19.67069809732925,66.30051068837453,14.847912568051624,-12.5172657301711,44.310832519385,20.125403745661096,46.469636047303176,39.39545344642653,-28.424940303836365,6.12888699636482,-37.11969811045595,-30.53359128690895,-3.2082955969466065,21.392749722843025,126.71952945056313,37.48791378424038,21408
102.60979894119622,-46.172717743372004,-19.53184334212107,69.76676780253337,15.085620329642087,-12.00534878211847,32.76427033722971,20.299536670984175,62.0524651509289,39.473268099964415,-28.611387671146804,6.3472834810926955,-37.45076400332844,-30.4932745456342,-3.1439356685655495,21.480367287350177,126.71629369822541,37.48732526129932,21409
102.6347036708473,-45.54354032564507,-19.704268546186917,72.55295966157632,15.235019861943039,-11.475102336032018,24.950923720729516,20.50854002774206,48.00429872830804,39.384269716436194,-28.845906454112686,6.260086449828015,-37.037358845306244,-30.318828615815427,-3.051937386798799,21.657857376824854,126.7150936484797,37.48495080379566,21410
102.67079587978216,-44.820209211819794,-19.632871792645908,74.0762435171803,15.3786768615268,-11.22504858853426,29.249565842512375,20.56159564126072,43.184524655770886,39.447883156642916,-28.96098711942271,6.3759419761290745,-37.27092835636956,-30.285917111111512,-3.005793239710064,21.721561775209693,126.71307511862561,37.48456806462932,21411
102.70296980754367,-44.104474361069286,-19.640335055282407,75.68159360499195,15.537939412454453,-10.890750785802211,36.21357524670882,20.651241970775516,31.934369346429683,39.473652144081285,-29.12208642620932,6.427321535420019,-37.315453525686834,-30.19651080929391,-2.937392716683559,21.834545343744296,126.71107141143118,37.48336660569243,21412
102.72298569169814,-43.67824304776282,-19.61216134380102,76.49225693404411,15.629639732607956,-10.736277588716806,39.13442889515709,20.680003013997066,25.62109368533248,39.51040771623241,-29.200137162310916,6.485844944347951,-37.43785253915697,-30.16607736142388,-2.9042082663505266,21.885178631368248,126.70971286325026,37.48297866441356,21413
102.41068573396652,-50.11449465989749,-20.016606191976187,56.92071541172167,15.133876804169276,-12.715493561008326,44.00577694164235,19.48608827953201,-23.888379975188485,39.71360851951899,-28.768951950261645,5.52348331624646,-37.43758562369899,-30.422080210783395,-3.1818427584746773,21.556663235771165,126.73181557540234,37.48800429388356,21414
102.38425066763978,-50.49075655316534,-20.2027548684237,54.4970141762965,15.278114453675446,-12.662517382472338,39.1382768715799,19.310310212153734,-10.549752629164638,39.76470787193091,-28.809847597526286,5.340330475692024,-37.570061911626745,-30.40365520180808,-3.206334549847566,21.586266067647617,126.73690993644202,37.48783076844946,21415
102.37296107945151,-50.817380839573026,-20.5792240167427,53.13251340721567,15.481305254192728,-12.402625494658714,45.44538181197072,19.299380019672746,7.68269360981765,39.706316954573595,-28.779373077105973,5.085914044091829,-37.37192143161734,-30.33391571572547,-3.232903761763479,21.666744108171113,126.74507215985545,37.485964873332115,21416
102.31925131073206,-53.02193508592916,-22.629772180987278,56.75142690446138,15.41517820700947,-11.97189484812434,55.22057640235497,20.128816187043903,-15.354341337647563,38.97554751148611,-28.384881891211208,4.127182062669467,-35.3404379978123,-29.891192141045654,-3.127763461789673,22.140677712382917,126.75471685962937,37.47834825661552,21417
102.36997736075608,-51.18591798085207,-21.02644098262637,54.15654667093171,15.505870085076573,-12.183249664609505,51.68368216184892,19.53151837885767,9.270244071787465,39.50628537125534,-28.676298001655073,4.842746485576451,-36.66411217623219,-30.204495804843685,-3.2104131403730753,21.787357600813877,126.74898561442397,37.48287241987407,21418
102.39090549864541,-50.7189093431257,-20.590770605089876,54.792411601640794,15.439032698333309,-12.294205485403243,47.12228680876265,19.484383976242842,8.43520982381655,39.62839759023468,-28.77035391648642,5.113796947207053,-37.056944649863254,-30.283144364236335,-3.195610634296544,21.715242887705017,126.74284871939717,37.4848722982534,21419
102.40819961867732,-50.54590873158846,-20.534793885009684,56.87640716258487,15.37027127052303,-12.236713931130197,47.826398095951504,19.643957095818585,10.716488429840203,39.570872896226426,-28.775448487024573,5.182417599321798,-36.83452898246459,-30.25389908891065,-3.1608628339020717,21.739836928682486,126.7394528724412,37.4844016726677,21420
102.42171462193681,-50.38827509037639,-20.495520012183633,58.40261093624267,15.322275447056569,-12.186403927035673,45.987981074121365,19.764160989178546,7.474618935252543,39.5258028886624,-28.779451339595195,5.23496670082996,-36.67604323789641,-30.233759963502482,-3.1370608582312065,21.75576554515186,126.73705790909489,37.484080234448285,21421
102.41193243621403,-50.669323612922796,-20.719551363692666,56.946454439363066,15.461582796110346,-12.068191400230099,50.02313889539534,19.712037990227643,12.366283731373903,39.518517214606625,-28.751731537938088,5.0772759911974905,-36.62959419237013,-30.193860182995486,-3.153656113469159,21.803962173963185,126.74284618265462,37.48274526216631,21422
102.4272259768657,-50.57799826970894,-20.758676193499547,58.468501054754896,15.456016890626998,-11.93991623094166,49.52628809335079,19.863595564653494,13.55134769937678,39.45416674783253,-28.75325450145573,5.0833444274107435,-36.37915469408457,-30.140888962650237,-3.1208730372760405,21.854850290787084,126.74165449694242,37.48161073619528,21423
102.5075927540415,-48.378598020377396,-19.95603248862929,66.02446278317498,14.914068643941818,-12.292756234041057,40.98309308427957,20.205303326824243,18.206844331341802,39.334496248567596,-28.595448339778564,5.840508616114334,-36.57597106106948,-30.379049536960647,-3.143409160950765,21.555723920318314,126.72237107261779,37.486114291215785,21424
102.46152488497883,-49.40798871462922,-20.022613070034076,62.06012060487677,15.021261595633767,-12.441768163544033,49.79854389776612,19.92629731041844,-3.8617554894975896,39.49524564797635,-28.702094667943825,5.652090824389919,-36.82377647167041,-30.363190573266543,-3.1404274659084015,21.597554389278635,126.7269117548157,37.48644460274113,21425
102.42738828150644,-50.06822903359577,-20.20748087423194,59.07289850313608,15.170099932899674,-12.423960672776355,47.19117456794619,19.725156935529377,-4.698878021412825,39.5763600956981,-28.772376476501808,5.435746315021415,-36.93294966058082,-30.32521639980567,-3.1476152073570525,21.65405924045362,126.73217724483142,37.48605426770212,21426
102.40214398169152,-50.428873796677955,-20.32394900098328,56.30460287737078,15.281078633287148,-12.455522120657307,43.00454617976362,19.529486921778975,0.6910452696820806,39.64879566889101,-28.790511392430638,5.302280076654569,-37.141235236730836,-30.33121963008258,-3.1761034334256317,21.658154634750186,126.7365898540276,37.48621821910901,21427
102.59881279295226,-46.22243462352903,-19.94412605438984,71.76037047026503,15.140988958381634,-11.490277338328022,16.676661233219175,20.57084279401209,37.39029056577382,39.23876938430905,-28.835712336787886,6.027785652520336,-36.43770419724138,-30.24049315362947,-3.048631377845151,21.701330623379633,126.717177750415,37.48376835344411,21428
102.54838165424857,-47.38215122727957,-20.235052529297427,70.36041152258001,15.006993487634684,-11.631223871183995,10.400910265042878,20.606391777478073,22.50412752098665,39.09168043989813,-28.770893243945658,5.751867309638399,-35.84553537329144,-30.185744273864735,-3.058312152196904,21.73317573440356,126.72024756764228,37.48294006904674,21429
102.52461838384141,-48.24167828117271,-20.239233650606636,68.47268615890042,15.038495283161916,-11.788932210319118,16.17409416511338,20.482168060989252,8.417248882845595,39.19013014817057,-28.755750501640414,5.671908035463837,-35.95785265015888,-30.192234227390145,-3.0593813096897824,21.744634082944945,126.72278842554158,37.48324345251364,21430
102.49693251908893,-49.062748428377475,-20.350451482302212,66.51785932313653,15.118134528304871,-11.840380157232286,20.662329350950742,20.36080102424372,-1.5102769278765482,39.259821510879,-28.79085880569997,5.513345249788959,-35.976777463616635,-30.157087380199002,-3.0512108494481085,21.797951050223926,126.72638403027585,37.48279103909148,21431
102.64816786059642,-45.14772248686202,-20.04424567696531,74.74658235234304,15.396361635578103,-10.862296149574219,23.42824672160477,20.794675064964235,26.843442718454853,39.2177095469347,-29.111690910310855,6.031944364061143,-36.22385224920964,-30.0380206635666,-2.9239559155629613,21.918657293048422,126.7148430739005,37.48080919841136,21432
102.7509153622826,-43.018822838570685,-19.621911757201765,77.91072419281625,15.781757511466058,-10.441874325728364,43.904966322026276,20.749875745607877,8.325455353403331,39.540485546144495,-29.351188000563788,6.53006121643322,-37.486016450019136,-30.076596830780932,-2.837538789400039,21.99800929724317,126.70758047376522,37.48169871570618,21433
102.77801294082936,-42.22848618821924,-19.745951130537033,79.46543861620032,15.984956249910944,-9.978854423784536,49.86606281322486,20.89164240186589,-8.46684401282263,39.518398345927665,-29.589216931825604,6.482126188207676,-37.22566383363281,-29.872715274455977,-2.725306253869337,22.20640154738542,126.70501865787928,37.478362591715,21434
102.73821410985724,-43.09007405567688,-19.899646121685464,78.10841301675438,15.81943919241151,-10.153972224848609,47.34882983675166,20.91597781322827,-2.397414662377999,39.38599760045595,-29.479042905749893,6.2894594012859635,-36.715897865480635,-29.867204851911204,-2.767020876481866,22.15656473008093,126.7085079976983,37.47817386366074,21435
102.75474521885454,-42.607013039045434,-20.0523271722162,79.15740458620783,15.968143894455249,-9.790573331656462,49.77330097978705,21.059144190307496,-9.951006133074815,39.33722225703629,-29.652071340134135,6.202427716040786,-36.362995058131794,-29.67879657642213,-2.674746514496688,22.336040587650007,126.70721419994298,37.47468659381059,21436
102.77485623994261,-40.32941979978711,-20.189053302488304,81.20391363013766,16.020162239344042,-9.424408880766721,45.143560973494125,21.18868876482056,-8.853405559529483,39.20190459298891,-29.875027969360573,6.179482358656925,-36.066206203959524,-29.55576749811579,-2.6358107638310497,22.406531284837946,126.70397172235378,37.47318102192242,21437
102.75187098731112,-41.07866900050462,-20.361923533955032,80.89700525881463,15.948227872230598,-9.449641944284863,47.00498793916628,21.271600011856194,-9.822804615143504,39.0941082693635,-29.83721341069402,6.010061318360071,-35.595642807162434,-29.496678286467795,-2.6318640283936965,22.438806825779125,126.70643758842904,37.47198263683672,21438
102.75335505721144,-38.720589476012286,-20.645679430255353,82.51269497995125,15.955229420588939,-9.07363695758956,47.57307881397714,21.444880553798395,-8.0559952400857,38.8885101190758,-30.13918125946797,5.855788713935217,-34.99755929983387,-29.326957753336288,-2.5867265245102535,22.54133215025539,126.70483955450528,37.469765617336265,21439
102.77910634987364,-42.65897504621647,-19.40562114001932,78.01965535255086,15.842394709942436,-10.535888777635158,39.45428173029673,20.661908179593034,24.510408822481857,39.69051648758153,-29.307508683632264,6.759844500280881,-38.1766119675144,-30.207029646581276,-2.858567836879552,21.933003025152097,126.70578803824107,37.48380875851737,21440
102.80986528319995,-41.74922553760553,-19.507594600363348,80.10825232809823,16.064019508078005,-10.047883324524955,46.37651067631654,20.790164082038153,-3.4195139764668596,39.68649702167459,-29.568835788430224,6.7374339178947205,-37.995440986508555,-30.009439901515073,-2.7419786930993735,22.14675614486952,126.70250507865805,37.48083151256389,21441
102.84927505174679,-40.434411946604456,-19.486984528977167,81.06754132991567,16.25442876957191,-9.722108490562647,37.99268630808347,20.8407337461637,-5.997581886144122,39.73947099947553,-29.744016029564566,6.850266748122384,-38.21906872709265,-29.93456185526579,-2.674136962931099,22.26121864910171,126.6982352937803,37.479768325338654,21442
102.83415853461278,-39.19894083753766,-19.752617715256637,81.44072824437121,16.207234330054764,-9.463026235353551,37.21436836844219,20.982493705627785,-8.427091398067475,39.51400913291452,-29.875226581512102,6.633320989907621,-37.424150222699566,-29.760629603154786,-2.652880900755677,22.32175592496792,126.69854068956828,37.47697521518513,21443
102.80209907927741,-40.79549665452056,-19.842537021453126,80.52416610243341,16.10685528797948,-9.621629686351842,43.82224160428127,20.999461487640584,-9.573016418478645,39.46146954535169,-29.77838371419436,6.475265481587602,-37.044044173721204,-29.737720016509368,-2.6616498152074164,22.32271077481696,126.70202619501492,37.47620631922906,21444
102.79185166223114,-38.690264213735446,-20.196398090664204,82.21169951432057,16.076669031735797,-9.236579628386215,41.406982298439466,21.205278185740088,-6.855809414457877,39.18213827163621,-30.019499850796713,6.228874412253626,-36.12512795418039,-29.52216379413884,-2.6222439822522476,22.423546317019877,126.70153094779319,37.47301138641921,21445
102.7731217635108,-35.97753527139997,-20.654254972509143,83.66779836591462,16.02837945898722,-8.803777978966837,43.12222681030204,21.460751573960867,-4.743312952411088,38.8657654231838,-30.41004760587401,5.901036777384332,-35.018815372910026,-29.26663250806924,-2.566244247807529,22.567507067394466,126.70174218856947,37.469454654473004,21446
102.89166259311268,-39.59208906008358,-19.292647920500386,81.057843420753,16.38842929407133,-9.701300683735518,31.91751373035248,20.77726427352745,14.182117652816945,39.89972425332819,-29.745121924494654,7.115615688155497,-38.992986203906575,-30.057011795187904,-2.6746425264596523,22.24057835008624,126.69483404621613,37.48204593719541,21447
102.89500789654075,-31.770181118693436,-19.880179472817865,84.6995216972083,16.457166238380946,-8.745822000805424,25.32494786739724,21.045346128565136,-9.648169358178787,39.419108376865665,-30.362231137535428,6.762162769008997,-37.58368418860834,-29.648001786128532,-2.6344074440705754,22.350178309624752,126.69062932404566,37.47635873189149,21448
102.90044683576653,-24.336090178933663,-20.173802467898206,86.29888585678276,16.555306242384134,-8.076593406108014,20.025027184566902,21.218301441161856,-12.142871689510002,39.208547084411144,-30.996796190555497,6.516346527881961,-36.63157463121675,-29.357303114969742,-2.600273253442252,22.419206189175572,126.68816734269693,37.47328903992396,21449
102.85302489161691,-33.12268231549008,-20.090728663094403,84.46246804865675,16.306029255664384,-8.769650757972384,30.526056539519004,21.15069943081238,-4.924330460302748,39.24885853195828,-30.39889300885311,6.488698067022945,-36.749434848872625,-29.51682144000836,-2.6132941083849452,22.409050647657242,126.6940311275361,37.474062581305255,21450
102.83716529622856,-36.30225996523853,-19.994722959726104,83.19811963720397,16.231895987352644,-9.07714168919706,34.545188584140014,21.106692281311886,-4.888183125980543,39.31959796933018,-30.143634250679213,6.4985592484644625,-36.87105660756109,-29.597830637411903,-2.626451116902418,22.384731547808535,126.69664142405678,37.4747875190257,21451
102.80363853050144,-35.85312416936148,-20.331737181616624,83.63452156273723,16.12787429356814,-8.912184888401796,37.908814335222985,21.278266392686888,-3.847227416111707,39.077403524271226,-30.298930420333967,6.185826319850967,-35.88403962689591,-29.416147868572246,-2.597474470206234,22.47183283609057,126.69904100534173,37.471885756985365,21452
102.80758526558175,-32.79725004943943,-20.502071424004466,84.67463765771788,16.158151849549316,-8.585389729878607,35.61961451249367,21.38191462766535,-1.8048206799390023,38.953798466099805,-30.628997483620587,6.0796275828934885,-35.455450807547805,-29.2799599885406,-2.5671906659382753,22.536250354732523,126.69750605651875,37.47039123769449,21453
102.81602211749023,-29.787933147314703,-20.583957475736106,85.3293498298465,16.20666957321935,-8.307063183770726,32.98965738287186,21.45570462048545,0.44537772989837165,38.89267183897999,-30.930943335877732,6.0202835796104015,-35.17407145998904,-29.1730239861988,-2.5420721497582637,22.58286756113077,126.69593885139915,37.46944290368492,21454
102.85257886324042,-27.51232853159227,-20.374028773696924,85.81970857821852,16.351215269249295,-8.220480324983383,27.111462852730796,21.331853786218314,-0.23940076937462962,39.04147325863097,-30.963291196437527,6.2520655403447005,-35.84579981852923,-29.2577986183158,-2.567508677895515,22.505610106162607,126.69237158317031,37.471207649397485,21455
102.5678768955176,-47.91322598393968,-20.851292381009376,72.27038327433613,15.317985266412752,-10.823746643616694,-6.4051600778081,21.076103823498247,-12.149644083378536,38.90444947288606,-29.02001864394014,5.3577575376933275,-34.7483780440325,-29.774164348060573,-2.86383726705619,22.160752569493987,126.72368665566553,37.47607395902775,21456
102.36736674593004,-51.95929676062369,-21.77814532736246,57.73836548708894,15.403948131558241,-11.909792412007333,57.66471098457146,20.066832061161946,1.5521097872200578,39.12238608591662,-28.52807202765346,4.506087040577018,-35.487677645842695,-29.981168205496715,-3.1221178733743074,22.019927287498675,126.74937733841922,37.47854565188116,21457
102.46261984258504,-49.80102981127153,-20.42103237149948,63.09947702577308,15.214948032451073,-11.988745250097528,35.137887871008665,20.10834488817563,11.535970094803634,39.38387141883868,-28.792514046361397,5.374414864851854,-36.24362080090403,-30.175958243475897,-3.0782560579817795,21.79861313321707,126.73115394555708,37.483104761541625,21458
102.43796240586414,-51.626479564234224,-21.884065324360677,64.55050768592355,15.367549555884118,-11.354582554475787,59.17265133802885,20.772444183620117,-1.0918693320967803,38.851910211378026,-28.59288583969425,4.587801194700075,-34.509247434071675,-29.75408437313032,-2.9627917753970836,22.245683724126646,126.74291421944027,37.474121003386045,21459
