intercept,BAS_AR,서비스업매출월평균변화량,아파트시세변화_차분평균,소매업매출월평균변화량,외식업매출비율,근린생활시설 비율,단독주택 비율,x,y,BAS_ID
138.7091219478612,-11.010844322413853,3.6372558207356038e-06,-0.024141779667975635,-3.255571764149742e-07,16.89152444400008,0.35010186230801604,0.8631419798863927,126.68913490770505,37.51870773736182,21300
138.2697717015306,-11.45865467001249,4.493702708196241e-06,-0.020918792816530606,-2.730565078297328e-07,15.202742069269254,0.2831844052234906,0.8206717046955765,126.69545880461988,37.52241686372307,21301
136.98981614835856,-10.345072360044625,3.491026067410555e-06,-0.01912852357220958,-1.9397741799226394e-07,12.156379194396607,0.23223758959372062,0.7157381542812394,126.70134171772969,37.52233877708572,21302
136.5476976319813,-10.735624176482347,2.1552431337205385e-06,-0.02058984149017184,-2.0397075498403891e-07,11.549407974727963,0.25887146971144337,0.7417219844197582,126.69872979436714,37.51898140944887,21303
135.38350044786768,-9.476852273864731,1.8782569408080817e-06,-0.019758323749363326,-1.404651823349843e-07,9.365563793220929,0.21718787579205645,0.6338283999445271,126.70341884326405,37.519318995056054,21304
135.06018593437494,-10.26231626739973,1.0709993545009533e-06,-0.020285707492814463,-1.5140073504309366e-07,8.924312290926785,0.24250811642541328,0.6618975034465614,126.70300423971963,37.515329100586754,21305
135.95854298103387,-10.624893738495977,1.221265320226129e-06,-0.02093662343559829,-2.025995702388976e-07,10.910493694748629,0.27446579486840106,0.7590845652390408,126.69720548857926,37.51567898613793,21306
135.98820770770382,-10.326489980447768,6.44657146834195e-07,-0.02222797605763216,-2.2805057773481803e-07,11.871774218651769,0.31140444810984075,0.8282522185369379,126.69309964043227,37.512529261238306,21307
135.26940906196185,-10.150234102859299,1.0134711081188409e-07,-0.02168689239785713,-2.1356281670361792e-07,10.979521468699955,0.3142675903244624,0.8372955366067414,126.69463592515947,37.50972402615308,21308
134.30943426951302,-10.628274280940403,3.2898152303570746e-07,-0.02044563478438531,-1.5703609933785647e-07,8.110524220998546,0.27176595561659783,0.7038334924808238,126.70257157044347,37.51088024429188,21309
134.66315139704778,-7.655764241980038,1.9718099071142774e-06,-0.01660068682369984,-8.739754428907004e-08,8.286037884494494,0.17193159986313178,0.5434037844754988,126.70802741158735,37.5214043470635,21310
134.55754422795417,-8.577921344237106,1.5817623673152436e-06,-0.018821666291065055,-1.0072627711466379e-07,8.049056098810686,0.19709333834499188,0.5687485479450205,126.70645139187884,37.51875080500249,21311
134.17763592409096,-9.338382892523196,1.1486148101381789e-06,-0.01956321533801934,-1.0150959213773117e-07,7.467698017677428,0.21453478526813594,0.5738764825859408,126.70691946411556,37.51509833713639,21312
133.42583280334873,-10.133288467816541,3.589677958575234e-07,-0.019947689035617507,-1.0699065158549915e-07,6.472412040938467,0.2501004292426503,0.6104714516111555,126.70652058482338,37.51059783447811,21313
132.84428679562023,-5.393598371716663,1.6175134383294268e-06,-0.009563756388298345,-8.32446771423711e-09,5.842513822401395,0.1194088491985686,0.42498601286984083,126.71319259164342,37.52037539808062,21314
130.58063197242873,-2.275754764200893,1.3672696201114062e-06,-0.004835908587206123,9.685755838666391e-08,3.0253374386431084,0.03761202123574835,0.29068067915402923,126.71891876142693,37.52020716759903,21315
128.3787083414602,3.655751281242754,1.120514004529876e-06,-0.004458460455791281,2.3384947546950369e-07,0.2162232409335345,-0.04987832301550272,0.16453305883700078,126.72512332161521,37.52075627781089,21316
126.94421516820314,11.992608502558937,9.349012494670106e-07,-0.005747524904762482,3.842952756853513e-07,-1.8393048187433305,-0.09400393436061757,0.08027321610049322,126.73053373535897,37.52055707999099,21317
126.1740063056473,24.156809781847883,8.568845151788358e-07,-0.005845185218924629,5.150854245507152e-07,-2.8493836314974317,-0.1113835259277186,0.039539786608612654,126.7361576234256,37.52074545539758,21318
125.59710532614727,43.471364628523304,8.983328542635067e-07,-0.005933104455909708,6.525552519537033e-07,-3.3260025763973666,-0.1172179698241447,0.008901001288227212,126.74321514378205,37.5219067233361,21319
124.93441886468176,56.21620852203315,8.445155988322008e-07,-0.006346017072845006,6.597785877117958e-07,-3.615280744082084,-0.1131727835955128,4.6203319037430024e-05,126.7488155826459,37.520512435412016,21320
125.36502779298695,40.03335079387866,7.450136189633239e-07,-0.005392033625933565,6.331232740319635e-07,-3.4938201881227338,-0.11622010792938499,0.016766514825276628,126.74324183744143,37.51850596365194,21321
123.8190031768786,68.81960962380263,8.569613270842381e-07,-0.006885137113736471,6.378507846130414e-07,-5.142512401805931,-0.09660567981667495,-0.010562313574588846,126.75566589791076,37.52007688820165,21322
125.67900103581644,15.55283344165915,7.016845075025968e-07,-0.006298115083660593,5.451386880592463e-07,-3.629587319253495,-0.12296923179453174,0.037791599731441805,126.73380894864344,37.51608671250486,21323
125.33928926683478,24.59293730375209,6.266764089911906e-07,-0.005710634713825209,6.04674830694084e-07,-3.814578184189103,-0.12276040952388328,0.027627873708679127,126.73735307054208,37.51538694098997,21324
125.08207605208264,36.074325291758505,6.013751693710564e-07,-0.004698859301537316,6.256704075257439e-07,-3.855124691509034,-0.11612503142197832,0.02389051208332487,126.74211095416764,37.515279842530006,21325
124.64044872701038,50.7986422528483,6.345908387788892e-07,-0.004498681675409427,6.287739198642716e-07,-3.8702636982035656,-0.11765784240958792,0.015022679382709007,126.7485031464966,37.51560938874926,21326
124.96829427987902,21.739756502259723,5.250967148532872e-07,-0.00533150124899321,6.120848509986924e-07,-4.254374996600154,-0.12950515435860713,0.03078355670167749,126.73710299172977,37.512701817751,21327
125.2020217571255,11.950684183203022,5.910102527898011e-07,-0.006444923774428922,5.872663608320024e-07,-4.224418275376063,-0.12807970707227065,0.033015316027676364,126.73357519465186,37.5129551650066,21328
127.61120186920502,0.2229567811023898,1.0165570191154825e-06,-0.00870485760830677,2.760445975080198e-07,-1.22624627894773,-0.06146581008207278,0.1355600103192965,126.7248954590203,37.516428945139154,21329
126.30420814042677,4.835563425848075,8.254640459016766e-07,-0.0068671340669765515,4.3369775329123113e-07,-3.097817472834566,-0.10260224640503147,0.06469317430221869,126.72914095377996,37.51599952583299,21330
125.77577429827235,1.9575864041085058,6.759909116685181e-07,-0.008617346399667755,4.927155053256174e-07,-3.99912595841535,-0.1111442633148843,0.0498127090518941,126.72896966340448,37.513023161354845,21331
126.9769572074593,-1.9637217360484636,8.752638886311754e-07,-0.015381311992426951,3.305166122289899e-07,-2.5369479635200047,-0.06227803362990522,0.10488349425568465,126.72456153357894,37.51284888767801,21332
128.00123666408984,-2.229947918933611,1.037911817273842e-06,-0.013900537057751667,2.414991345116048e-07,-0.9521249284467987,-0.031742834846989074,0.15768015332714916,126.72272411487454,37.514294919956676,21333
131.0958909154643,-6.378423909245425,1.07125888357898e-06,-0.019613148657005457,5.540958021117588e-08,3.1462217445218794,0.12821997976359323,0.3424717700371632,126.71522085131534,37.512349271270885,21334
126.9023184909563,-3.7987573030107953,7.434352698064957e-07,-0.023092350542581616,3.3947886854209515e-07,-2.903601238782712,-0.035095920265793105,0.09837573738534253,126.72312378787706,37.51022634485727,21335
125.46598232588386,0.40937075208239815,5.719373914693432e-07,-0.013186721569679503,5.201674178380141e-07,-4.382976394273555,-0.10572762305661978,0.044300138358490684,126.72851926211857,37.51048241928701,21336
125.07153737920555,0.7073932762125699,4.432372316318726e-07,-0.015487133429982227,5.4001092733642e-07,-4.5994039571859044,-0.09713508070047451,0.04185702723185215,126.72887410436182,37.50824363218556,21337
126.19554346139637,-4.116199266920248,5.674707684222769e-07,-0.02552785954103802,3.9680547922687293e-07,-3.8188506769485215,-0.029752291075631657,0.07259919339374526,126.72367451730786,37.508087894345195,21338
124.94729885247848,7.91303740646843,4.960977301733754e-07,-0.006636407657265031,5.920359020869183e-07,-4.522907686174562,-0.1279436122854158,0.03381542457159043,126.73281609389528,37.51084224358553,21339
124.6313573627248,10.576543929346615,4.3339807998947125e-07,-0.005023900058060411,6.06208080710663e-07,-4.707476019740824,-0.1300313771135552,0.033965501074878335,126.73433203369085,37.50968150840593,21340
124.47350819937708,24.225156049821678,4.421684554834737e-07,-0.003707291335073958,6.151882990731352e-07,-4.736631827561718,-0.12831093478268574,0.037034612437355896,126.73883225082633,37.51030879926104,21341
124.55450533943718,35.25597064354563,4.797547939514401e-07,-0.0036255596769495884,6.121875006476579e-07,-4.452059088490023,-0.1195494660552133,0.03382616853310196,126.74248463225899,37.51182400323176,21342
123.93565509506982,21.485133473297363,3.35706193515485e-07,-0.0012557761064240914,5.796982412196947e-07,-5.506582406100712,-0.13484489136754418,0.05933847163412478,126.73938905241498,37.50756648853063,21343
124.34561374651007,7.350536330077547,3.52254987922936e-07,-0.004190650510325364,5.877872301918087e-07,-5.152427788002503,-0.12654721195704682,0.04469542964701999,126.7338759401278,37.50772954620715,21344
123.44749109274105,13.364811431374617,2.431843513749839e-07,0.0002692329785083115,5.615394760393867e-07,-6.145191336344206,-0.13098004857661344,0.07603778539893025,126.73829942679801,37.50524247607829,21345
123.21887586015518,21.10584001230692,2.0941207600714454e-07,0.0004309096685605401,5.071432922078843e-07,-6.293073822804917,-0.13028065875360523,0.08971415133570108,126.74136015694967,37.50501277134439,21346
122.78385034214708,12.099091337361283,3.9149416043349574e-08,0.0013256776044812523,3.713622051181184e-07,-7.106972460539621,-0.12143007717378476,0.16905989460732795,126.74164138803316,37.50199786241285,21347
122.83918151625832,4.985952676811612,5.0040487761148415e-08,0.0016529162439351294,4.920408384909262e-07,-7.148246894407021,-0.11409953668670438,0.13309260528241285,126.73801933246972,37.502251746191796,21348
122.56187613011781,-0.47252023014471334,-9.423952344934975e-08,-0.002154563916515044,3.612792544590733e-07,-7.953829642019411,-0.08220510178329249,0.2522928531136892,126.73773032874193,37.49913638917341,21349
122.55833729377166,2.3442262391232456,-9.875207913402711e-08,-0.003335176694526389,2.5538679986840517e-07,-7.6329099944479735,-0.0917192082747126,0.28095786102892306,126.74125844589769,37.49897505789148,21350
123.8872621187259,5.030248654873549,2.6704826474427144e-07,-0.004011072552602405,5.754306358807003e-07,-5.743117634239221,-0.1163194568036389,0.05961799753925612,126.73384158447207,37.50545989278808,21351
123.20821163554518,2.1706249085650002,1.1137929206476923e-07,-0.0038487995869827514,5.522334879336457e-07,-6.840807766364357,-0.08922820607409897,0.10002095563857888,126.73355031757578,37.50247742264862,21352
122.67546391600811,-0.9113210621500105,-9.651753206640488e-08,-0.001453583405013871,5.000597805192942e-07,-8.186322305578363,-0.054717574177512794,0.1985237103957807,126.7332555918207,37.49941078769118,21353
125.76822732411776,-4.453365184064319,3.8343135021365566e-07,-0.026132393099731872,4.072854343446672e-07,-4.3804414737606585,0.00810994254124811,0.06272486922424082,126.72335723816101,37.506101199065874,21354
124.67812718476041,0.11041203427870627,3.086312117603712e-07,-0.0174545465383266,5.215468159186978e-07,-5.010819717763031,-0.07061721909715002,0.050403464302698875,126.72839182561799,37.505781506408944,21355
123.94986044804622,-0.2676177542640672,1.0893294815250355e-07,-0.01811083912210447,5.060853697830123e-07,-6.206060683984589,-0.03384346846177414,0.07594217862720007,126.72816675135655,37.50283688323916,21356
124.82473449041561,-3.0288465137437215,1.11331188327911e-07,-0.023785497470440564,4.210028430688041e-07,-5.582506791126814,0.036576715911364896,0.06608453082674809,126.72400061951048,37.5035218880192,21357
124.70273315480105,-3.5001344618915633,2.8980505277806363e-08,-0.020820022600503887,3.864241281062297e-07,-6.162060739682738,0.07014756767939315,0.0797010600894099,126.72294689379429,37.50268173515215,21358
123.56498162344519,-2.472203132199378,-1.516222998955835e-07,-0.016043283501993,4.063750896458362e-07,-8.230245089170246,0.07498510461055438,0.12294428182514394,126.72364014682157,37.50006989086598,21359
123.10274222723955,-1.144338708934669,-1.405843695533542e-07,-0.015743809975560397,4.88431948780608e-07,-8.17714949314331,0.005618639942206037,0.1434273180717422,126.72789212345697,37.49975562666252,21360
132.47098025986378,-9.908462122617085,-1.1767362416813694e-07,-0.018856745100835015,-9.726507960901734e-08,5.159506684716899,0.27218969439496443,0.6513594458764878,126.70625897179377,37.50751514282017,21361
131.60711670220542,-9.078817894826686,-3.5356902889047894e-07,-0.016549656014904702,-7.541648502730864e-08,4.068468894282892,0.28334372908897504,0.6936995567518031,126.70603903400313,37.505428800513634,21362
129.9390320987258,-8.148986148670227,-1.322425446695189e-07,-0.023212194868641456,2.045293284829886e-08,0.453119382908052,0.2518760242552081,0.4469293372324351,126.71172592855608,37.505935087045756,21363
127.65983054710685,-7.238263679018624,2.2403551025581838e-07,-0.028655134198041395,1.8090126144742234e-07,-2.8487869193986888,0.16104668789022764,0.18162191466147076,126.7172762651082,37.505896698687394,21364
126.12540888321837,-6.8598842917574405,5.443241203927187e-08,-0.02412563095627008,2.2684401072005585e-07,-5.296890351172002,0.1700761894452002,0.12004259029160899,126.71852583137303,37.50397113772221,21365
125.91987303542648,-5.79382241586292,1.921750183571962e-07,-0.026605327180818726,3.140106423705558e-07,-4.861586522969577,0.10232365063489476,0.08543151035711458,126.72078037435098,37.50460855291769,21366
134.57471142914596,-9.977726889238804,-1.9976795603157929e-07,-0.020729204050163437,-1.9594428482759367e-07,10.123112440758351,0.3074436341480591,0.8472456551704916,126.69610854079217,37.50761086235353,21367
134.5326210759273,-9.186320687703308,-5.808374816160638e-07,-0.021072330948160564,-1.9612788646981948e-07,11.12344788443869,0.3203367672763924,0.8944464672050488,126.6927399380419,37.505830653325894,21368
133.10721321253513,-9.86211328054996,-3.3007850997087413e-07,-0.018921118223393155,-1.4020233164700573e-07,7.15803698550879,0.29591320330661286,0.7717472606012715,126.70152751391542,37.50659199812723,21369
131.66156415215428,-7.742941361201224,-5.71090335040393e-07,-0.010090416063702985,-7.720203530008988e-08,6.0392444984466405,0.27988685934606583,0.858872842738982,126.70162443649025,37.502897928765144,21370
133.05931222179717,-8.027470702895249,-9.7738748920081e-07,-0.013026229889312683,-1.313719683483223e-07,9.52054776462602,0.29349403538703306,0.9222828315618443,126.69520502609744,37.50286720183397,21371
124.64884074485396,0.19646100057246718,-3.3020872470733976e-07,0.04234173070859133,2.9393208999351675e-07,-1.8295112067334893,0.08800286296563518,0.9247097841262204,126.7020675056008,37.49139964949855,21373
123.30970328975707,-4.179291610868007,-3.4179425767392004e-07,0.04179971887554179,4.0718402448185593e-07,-2.509274885522471,0.05992691012886036,0.885398626759386,126.70027029496818,37.488367611917496,21374
129.58797429480643,-5.247298775258608,-4.456487660795053e-07,-0.0015140355781355736,1.811433988432582e-08,2.326878368724638,0.2467717188746716,0.8254257367578546,126.7055160291966,37.50116515207217,21376
126.59221495276685,-6.1807640166438205,-1.5990258599807017e-07,-0.006403410002868476,1.068725648085707e-07,-4.920167438812648,0.21049608542186432,0.48989043082953065,126.71217894136385,37.50126040269885,21377
124.7227730929043,-5.829928698611998,-8.425398325650902e-08,-0.015291458622243924,2.457073671752688e-07,-7.7039491733745304,0.1596076549682847,0.17649465294288363,126.71819686460479,37.50113120429761,21378
124.14274511245583,-4.017156780084168,-1.1187444919752335e-07,-0.016318509517501575,3.344150620725e-07,-7.849375455580498,0.12086605729644519,0.11962776606356404,126.72111409037743,37.50083427122422,21379
127.625764950413,0.543266215699286,-3.3077443395552943e-07,0.019738375499018326,1.397574503027354e-07,1.2864547929321386,0.16864174597258727,0.9918955260654982,126.70516062378178,37.49703809190434,21380
124.7811127304303,0.6722608788980704,-1.4981972214678816e-07,0.019307526836012327,2.7811333996903283e-07,-3.8737356737438,0.08762860511843829,0.9593563745498268,126.70834902087414,37.49416096052327,21381
125.63771795588903,2.1810629278886777,-2.4898870297462825e-07,0.03219454852083665,2.485111303797962e-07,-1.237885526160167,0.1024572997751997,0.9946904138867694,126.70532290652942,37.49391420914386,21382
124.44685402276201,0.15461211067712988,-2.7464643826573243e-07,0.03694167576967758,3.036765170022566e-07,-2.6590055995742627,0.08101925797404591,0.9285693754448374,126.70343711948699,37.491455364876344,21383
122.76925861120596,-4.957388538973417,-9.182880818727264e-08,0.020101052532229626,4.2002643958107655e-07,-7.312446850289302,0.03538343893955446,0.9020233445285917,126.70804895244628,37.48990519005655,21384
122.6482133837809,-6.048744419041643,-1.64871357582404e-07,0.026392679012029456,4.2135823059415215e-07,-6.155684003956867,0.04406193933402559,0.8793672999316989,126.70529541862562,37.48856165373939,21385
123.64311761121564,-2.5621621447391645,-8.897171905069045e-08,0.006478122920566985,3.064500470198324e-07,-8.238945360590197,0.07813387702175623,0.7598197050664253,126.71288726133925,37.495109283923775,21386
122.55325164129994,-4.514976449579515,-7.473862384763531e-08,0.0006195978147215022,3.6477738881667276e-07,-11.961876624360679,0.08087706765664629,0.479421539882348,126.71815353389549,37.495301000194544,21387
122.52135236160785,-4.711408025955366,-1.2413439761204965e-07,-0.0048193268266595425,3.8876883439819e-07,-11.739765894439042,0.0902724447029176,0.32439588038235306,126.72141188147769,37.49621834155759,21388
121.73376367079837,-10.385371799992942,8.953476207846249e-09,0.000842148248419741,4.4998819302073434e-07,-14.564193223317616,0.056002007486502275,0.6110862702198856,126.72114311621687,37.492424428814545,21389
122.71939599817749,-3.1158454733769245,-1.7923409806278297e-07,-0.009524340230437295,4.1219718642552104e-07,-10.44503991662809,0.07889311340934158,0.22308304808799936,126.72357971401394,37.49748128892882,21390
122.53170923863378,-3.5311988134790884,-2.1208101669000737e-07,-0.008538966981868868,4.6169284062798655e-07,-10.272849042430583,0.04407803384656077,0.2707776833508311,126.72692259680042,37.496846043488155,21391
122.32332738941625,-5.397590901376347,-1.916494234401231e-07,-0.007096496254872108,4.487154403784351e-07,-10.56728681408566,0.0305559653213004,0.3609953977477515,126.72898380458236,37.49556769359233,21392
122.25285888994961,-6.393051821477313,-1.4354165482805008e-07,-0.002673643045464349,4.3605661694124483e-07,-12.155731930941611,0.06767528380045146,0.3741712490033364,126.72421092572307,37.49512308307309,21393
121.89597157750356,-10.001738010761658,-5.434694354814194e-08,-0.00018041531006896547,4.444115843450586e-07,-13.66148913916518,0.061000605656168216,0.5166416980591665,126.72424638400412,37.4931416557936,21394
121.87897033738665,-12.541966049119115,-9.046162254645771e-10,-0.002623592796840925,4.1566094778269095e-07,-13.541414007017163,0.05524082906657032,0.5752732957982224,126.72662171464519,37.49224769081569,21395
122.11945386854613,-10.497741403433544,-5.127707536979773e-08,-0.009011616195799273,3.677831641953571e-07,-12.050570536241018,0.048851919431628435,0.5081767864434905,126.72875070019806,37.49315576902194,21396
122.41864466412302,-4.79682258589719,-1.7416773627846248e-07,-0.013558829278159247,3.49824159353087e-07,-9.319543434029427,-0.0074298689698548,0.384802198657629,126.7335285600955,37.4958943330368,21397
122.49617651100675,-2.3461104269992985,-9.332627808288601e-08,-0.01577780559606626,1.8078924686989223e-07,-8.227983882790161,-0.03551906678330658,0.45034212630290743,126.73938802007658,37.495544531644576,21398
122.21418271325189,-8.96642939852077,-1.3851639571144719e-08,-0.02112067858758433,2.7969638629923193e-07,-11.015139336856997,0.03015225235936198,0.5416759540153977,126.73172652454332,37.492965960231075,21399
122.21160533407621,-6.75388353810738,1.2595829641150572e-07,-0.022814139680727773,1.7223688455955426e-07,-10.928619888144578,0.028865484060579327,0.6189795764251087,126.73385536785966,37.4916385116362,21400
122.3278257988039,-3.3871640150054327,2.159188070240542e-07,-0.02283092881712352,9.573708950450617e-08,-9.773491994305424,0.015601727472406228,0.6621492207612416,126.73805315071594,37.491102177440354,21401
122.42495028696015,-1.8672736508119354,2.9826982433033987e-07,-0.021219449173030154,6.225517792284235e-08,-8.92574184274626,0.01240892922571141,0.6980731388728825,126.74135212742111,37.490648494906665,21402
121.9626311441277,-7.607320458242776,3.091022485548908e-07,-0.01956690530811174,1.4776835645186934e-07,-12.577898130397715,0.02951678416040349,0.7300811212777549,126.73270623097748,37.48953454642509,21403
121.447668176072,-16.122482558190008,1.518566655953968e-07,0.0009874745703904659,4.6156065903231184e-07,-15.953684998355564,0.03709001604994895,0.7210131177807728,126.72350279514926,37.49037966390614,21404
121.5903370019086,-11.749953039150308,4.2570086693440606e-08,0.010169721703182954,5.381591838352948e-07,-11.51965894610057,0.0031145377353084744,0.8834564267889707,126.71190655939117,37.48827801913773,21405
121.42971930867378,-14.08727561383463,3.9810286352301516e-07,-0.0047498016329912095,2.911926858612666e-07,-16.005788356433534,0.018831416262126043,0.8005854640098777,126.72737099803639,37.48833961691259,21406
121.13210340045393,-18.945834549825825,3.065572852493341e-07,0.0021279415014397902,4.744203751315247e-07,-17.527480491094913,0.012293197300704443,0.8359511531301954,126.72347860560502,37.48862329371838,21407
120.88837495652982,-18.886280385076628,2.8649434001812046e-07,0.003978090317294992,5.431386653727759e-07,-17.548331695794676,-0.004648922940563571,0.884384811053632,126.71952945056313,37.48791378424038,21408
120.89366809843041,-17.522248650513706,2.392976969514224e-07,0.005414819369021428,5.777936080448594e-07,-15.787276644043853,-0.011525219844888544,0.8872397674686556,126.71629369822541,37.48732526129932,21409
120.38822978149707,-19.759319760729866,3.7339639299999967e-07,0.006517392558075105,6.019600376464355e-07,-15.93142519716231,-0.02019372694261215,0.8613660180866548,126.7150936484797,37.48495080379566,21410
120.51576246776585,-18.559288958998003,3.141393439579561e-07,0.007501675907293774,5.967194382008125e-07,-14.004263949305825,-0.016529849343208725,0.8499387032109602,126.71307511862561,37.48456806462932,21411
120.61037999325765,-18.1654699613811,2.9526214100314323e-07,0.008399477747522824,5.854826105081839e-07,-11.897943099830547,-0.010882029300811773,0.8452294236675273,126.71107141143118,37.48336660569243,21412
120.7618219880434,-17.63882247257542,2.385161732177834e-07,0.009175634349853018,5.802594583442766e-07,-10.522787210761596,-0.004824844172820281,0.8475306909570517,126.70971286325026,37.48297866441356,21413
121.7179326925291,-8.3913461378471,4.4407874461877344e-07,-0.01584146077711653,1.426837579924339e-07,-14.027981337628246,0.021673646048173973,0.8175475663582117,126.73181557540234,37.48800429388356,21414
122.00070402498224,-4.046991751141233,4.833056746432274e-07,-0.018946316719054123,6.157096610924904e-08,-11.79744446046922,0.026607229510180984,0.8027318410226028,126.73690993644202,37.48783076844946,21415
122.3049870287285,-1.3967187942437491,6.909929106119384e-07,-0.018335501519330076,1.0658902781790444e-08,-9.560913215989391,0.029024405808120893,0.8680809258072802,126.74507215985545,37.485964873332115,21416
122.97699320346334,0.7084898021939487,1.7694210315942604e-06,-0.006805120815658764,-5.688439575699378e-08,-4.48684724165674,0.09375088326901297,1.0131534639669506,126.75471685962937,37.47834825661552,21417
122.34815669540728,-0.9999279766118725,1.1341792766989568e-06,-0.015007207067151203,-1.1543653270733898e-08,-9.23699386859217,0.04239488580059882,0.9288937526154031,126.74898561442397,37.48287241987407,21418
122.02559953726862,-2.2783341946065137,7.649529399034538e-07,-0.017841155909105552,1.4528028500598237e-08,-11.14225489993938,0.03112652557051118,0.8762991194478575,126.74284871939717,37.4848722982534,21419
121.77195305102632,-3.227450241570456,7.962029101239182e-07,-0.01698994218846099,2.102709872762765e-08,-12.69530816545396,0.025538099766034092,0.8962560550079965,126.7394528724412,37.4844016726677,21420
121.58079778356617,-4.023784444755233,8.375741578633311e-07,-0.015557759998578145,2.985061533872076e-08,-13.871138625118487,0.018419771950471356,0.9116157410223283,126.73705790909489,37.484080234448285,21421
121.85945452755205,-2.4397896825364556,9.525034120149846e-07,-0.01643090163694765,1.7608351149169818e-09,-12.042313823557091,0.027207287784280394,0.9308279280091589,126.74284618265462,37.48274526216631,21422
121.65729396799412,-2.921654973995059,1.0401541340592856e-06,-0.015345844382593524,1.0850642311984172e-09,-13.124487633584994,0.02353546394371193,0.943773086012356,126.74165449694242,37.48161073619528,21423
120.6586788201936,-19.835526221168127,5.158402673481491e-07,0.003763500819251671,4.835870381440434e-07,-19.02782168722548,-0.01478811317564415,0.9012652073231746,126.72237107261779,37.486114291215785,21424
121.11839951837104,-13.440000789891648,5.753532073907903e-07,-0.001709688141350845,2.7043085029498534e-07,-17.45797289427581,-0.0005031938962217972,0.879045163208283,126.7269117548157,37.48644460274113,21425
121.50242683287958,-6.917641345765866,6.586525953719752e-07,-0.013575263060236176,1.0030898837989776e-07,-15.007528006613231,0.012594811824593013,0.8730369447433387,126.73217724483142,37.48605426770212,21426
121.80069357399125,-4.194731032894158,6.36756794437331e-07,-0.01742020553063367,4.834718967486646e-08,-12.863512333925186,0.023809628483205024,0.8587441339348503,126.7365898540276,37.48621821910901,21427
120.19582049043007,-20.465105643435123,5.46067850497528e-07,0.006196498074184731,5.730958749786958e-07,-17.158093220968382,-0.028268078832531948,0.860055759586384,126.717177750415,37.48376835344411,21428
120.0449870913247,-18.66484294367406,7.640281791906445e-07,0.005340530286636309,4.97151491712408e-07,-19.25462165363582,-0.03030015001655108,0.8832987421317318,126.72024756764228,37.48294006904674,21429
120.30971250412212,-15.317725401394217,8.317411583856037e-07,0.003918088216645819,3.802062905806337e-07,-19.439198425200033,-0.027351360383502703,0.9053308446912234,126.72278842554158,37.48324345251364,21430
120.60696009014848,-10.230155649098059,9.703445571192258e-07,0.0011237851780415272,2.020794762572431e-07,-18.882263639142064,-0.02138214387888922,0.9289718888966145,126.72638403027585,37.48279103909148,21431
120.03755392821883,-19.399919230833877,7.004419885125431e-07,0.006707126683323097,5.698645423190897e-07,-14.627346408573372,-0.0197748791482035,0.8452885531888081,126.7148430739005,37.48080919841136,21432
120.86166718044123,-17.50486046422651,1.966353140290891e-07,0.009893866338669392,6.012101461872487e-07,-8.598449404071607,0.00023691484493476578,0.8529426471728705,126.70758047376522,37.48169871570618,21433
120.79971707965282,-18.43044818229201,3.030748422039069e-07,0.010673447376244406,6.564050760715821e-07,-6.632558745476741,-0.0013837822580693854,0.8619059166967303,126.70501865787928,37.478362591715,21434
120.51745390620707,-18.88852111594649,5.154441423178148e-07,0.00642213463512154,6.31121987889875e-07,-8.797560272692095,-0.006913012070606059,0.8568206677537622,126.7085079976983,37.47817386366074,21435
120.38831828412202,-18.520844614765235,6.819608521821314e-07,0.007451430045037363,6.624885845795851e-07,-7.711420398786855,-0.007130532612761295,0.8614415050321487,126.70721419994298,37.47468659381059,21436
120.36461264080009,-20.065398135325623,4.896357190412656e-07,0.010626281688974054,7.118207714740443e-07,-5.740555763478571,-0.0018146192548327555,0.8601243826728254,126.70397172235378,37.47318102192242,21437
120.11870101723696,-19.80897099329476,7.804971509945647e-07,0.008528365552159045,6.856715120310167e-07,-7.060507965523875,-0.005428736601607698,0.8574596300685802,126.70643758842904,37.47198263683672,21438
119.97099477747327,-21.469153352633185,6.296204979973712e-07,0.012666128735608496,7.034196753630142e-07,-5.823887979750696,0.0007075323686164814,0.8517524212017635,126.70483955450528,37.469765617336265,21439
121.29826781351484,-14.191751443471862,-3.5666453898452055e-08,0.01699232995006245,5.730543581087184e-07,-7.371193767213987,0.01225245241489438,0.8551945824404131,126.70578803824107,37.48380875851737,21440
121.23932170431843,-15.74025800223962,-6.737347045497934e-08,0.018656432100580447,6.401236675832072e-07,-5.021889661510192,0.00898263362807479,0.8638297949325895,126.70250507865805,37.48083151256389,21441
121.51232982426704,-14.805726672897118,-1.6649689907078389e-07,0.026379227529238932,6.573292557778638e-07,-2.8142979123503347,0.014903931128559395,0.8708266391015538,126.6982352937803,37.479768325338654,21442
121.0783687006391,-16.673275463734715,-1.392142108626704e-07,0.022052158350398088,7.285737328307846e-07,-2.785629846461097,0.009815618466671769,0.8670020906058333,126.69854068956828,37.47697521518513,21443
120.80008476360716,-18.550501809984095,2.2619707000777368e-07,0.01409667002771901,7.02518261807725e-07,-4.923823146443599,0.0009488455709968369,0.8650592648253251,126.70202619501492,37.47620631922906,21444
120.4756542172337,-19.930895007328736,1.8914789148004035e-07,0.014202718200436084,7.377272067289928e-07,-4.215518633446758,0.004464620201489494,0.8599510795790721,126.70153094779319,37.47301138641921,21445
120.14667229169538,-21.61211798471203,1.0466319845766391e-07,0.016146158924194572,7.326061860430683e-07,-3.761086648188684,0.010127843702714912,0.8507627750584104,126.70174218856947,37.469454654473004,21446
122.16250953730126,-10.805986697927192,-3.9213765050309693e-07,0.04171198525333171,6.216241967910806e-07,-0.5196352121962198,0.027637406814167584,0.876752338240981,126.69483404621613,37.48204593719541,21447
121.48016482110847,-11.293524447826554,-6.247560771889992e-07,0.03151092373243624,8.065323689516508e-07,2.911637585630384,0.032037776680524266,0.866993473438529,126.69062932404566,37.47635873189149,21448
121.40484284423357,-11.077107721085868,-5.607584948246823e-07,0.02997275519685556,7.907303523459944e-07,5.117460362567595,0.04062722824285914,0.8614112999911692,126.68816734269693,37.47328903992396,21449
121.05261831821099,-15.056689942828642,-6.213254937050075e-07,0.024811159446229317,7.914186222946422e-07,0.7487272894859416,0.02667568783207218,0.8618384128357638,126.6940311275361,37.474062581305255,21450
120.94673783230098,-16.617909999460544,-3.842817380297803e-07,0.023011982401972886,7.743209803724264e-07,-1.2107588755018783,0.01720870568656907,0.8635384891755555,126.69664142405678,37.4747875190257,21451
120.5271448713965,-19.433371724716388,-1.9676619112421053e-07,0.018023323992683755,7.588748307493566e-07,-2.4066513847055635,0.014034186595749523,0.8571453513013085,126.69904100534173,37.471885756985365,21452
120.51938847676813,-19.188784830617085,-4.931237851816483e-07,0.019559401390126394,7.62270432480962e-07,-1.0774396981444712,0.021945928070923007,0.8528223102422805,126.69750605651875,37.47039123769449,21453
120.5766077101369,-18.535166663920563,-7.315759945804866e-07,0.021390057569495514,7.635511329833035e-07,0.22128798173329933,0.02853070967829542,0.8499265722952106,126.69593885139915,37.46944290368492,21454
120.96165641585068,-15.056044913800257,-7.953029337229289e-07,0.025477468349946797,7.782745873831817e-07,2.4077848834573494,0.0357859553979577,0.8547032941319885,126.69237158317031,37.471207649397485,21455
119.87643481929523,-8.095328867703792,1.6018657985146865e-06,0.005097815423596027,1.5479282144505577e-07,-17.421456427738562,-0.01789960173735708,0.8873001373064837,126.72368665566553,37.47607395902775,21456
122.2106170410903,-1.0060721544479234,1.6237720906389119e-06,-0.00984414676429418,-3.457717665190665e-08,-9.743015426657536,0.05421133659674984,0.9936958306425085,126.74937733841922,37.47854565188116,21457
121.05460485694576,-6.671160842551512,9.66778841437235e-07,-0.007804741077091633,8.500686236583111e-08,-17.01239325989254,-0.0019032975704546956,0.9388152660014282,126.73115394555708,37.483104761541625,21458
121.21470535626133,-2.964705824730604,1.8762185232220259e-06,-0.008359840664180324,-3.289597027533713e-08,-14.728404023261092,0.009716461136849729,1.0090105018889903,126.74291421944027,37.474121003386045,21459
