intercept,BAS_AR,도로길이고려_전체통합도,도로길이고려_국부통합도_R3,기초구역평균_전체통합도,기초구역평균_국부통합도_R3,도로율,평균 도로 길이,아파트시세변화_차분평균,평균최근접역거리,평균최근접정류장거리,건물노후도,공동주택 연면적 비율,근린생활시설 연면적 비율,단독주택 연면적 비율,아파트 가구수,외식업매출월평균변화량,서비스업매출월평균변화량,소매업매출월평균변화량,외식업매출비율,서비스업매출비율,소매업매출비율,외식업종다양성,서비스업종다양성,소매업종다양성,상가밀도,주중 / 주말 비율,06 to 18 / 18 to 06,개별공시지가 변화 차분평균,점포밀도,(주거인구+직장인구)/유동인구,주거인구/직장인구,x,y,BAS_ID,open_11cluster
169.1776013,-20.76123081,0.01469609,0.002883913,-286.8282338,-26.70924696,0.158486318,0.032788482,-0.020908952,2.084207603,-164.4579098,0.121208458,0.377679898,0.180970883,0.646317833,-0.002490653,-1.66E-06,1.15E-06,-2.78E-07,7.934962449,9.468209562,-13.62144451,-2.521447143,7.400039706,-22.02449455,0.008813667,-21.74696233,12.65444797,2.87E-06,-0.00027944,8.755868279,-0.196982769,126.6891349,37.51870774,21300,5
169.3298255,-20.66026906,0.013847752,0.002792447,-285.1010345,-26.60374427,0.158264447,0.031725777,-0.021544255,2.243362588,-163.5455264,0.121724667,0.392935959,0.163264036,0.63491485,-0.002195616,-1.75E-06,1.02E-06,-2.36E-07,8.827187172,8.858878366,-13.16632494,-1.900668275,7.375762711,-22.04404681,0.008910699,-21.69162135,12.67604443,3.85E-06,-0.000312863,9.579043831,-0.156668564,126.6954588,37.52241686,21301,5
169.5463659,-20.11744585,0.012942542,0.002711734,-283.0808502,-26.42947533,0.142562364,0.033048074,-0.021061715,2.387250587,-160.2568224,0.12235827,0.411122127,0.071190018,0.590622516,-0.001918631,-1.83E-06,4.06E-07,-2.07E-07,9.074139579,8.634836615,-12.29322937,-1.742052737,7.21907988,-22.23967624,0.008050429,-21.58833605,12.78588744,6.43E-06,-0.000320118,9.93855385,-0.115238971,126.7013417,37.52233878,21302,5
169.3408074,-20.05756037,0.013057861,0.002742082,-285.4196997,-26.60273005,0.127826437,0.033537564,-0.019787165,2.299498234,-160.5931342,0.121882193,0.400423224,0.148992223,0.60152113,-0.002101455,-1.73E-06,3.28E-07,-2.31E-07,8.321996332,8.385182136,-12.85905134,-2.690147818,7.029562128,-22.4638414,0.007758055,-21.66749108,12.72916119,6.45E-06,-0.000317306,9.155356137,-0.131812049,126.6987298,37.51898141,21303,5
169.4957078,-19.63779942,0.012267187,0.00266575,-283.909583,-26.48106488,0.117568575,0.034595722,-0.018883644,2.363696655,-157.3240127,0.122298156,0.413599328,0.0451626,0.533507319,-0.001924895,-1.63E-06,2.31E-07,-2.05E-07,8.419022742,8.384757175,-12.12362968,-2.371239528,6.968161612,-22.5674013,0.006305818,-21.58811277,12.82021623,8.58E-06,-0.000317718,9.582154815,-0.113120461,126.7034188,37.519319,21304,5
169.2946756,-19.48833989,0.011984437,0.002657891,-286.0066211,-26.66116127,0.096801853,0.035157194,-0.016689005,2.296733715,-157.0237109,0.121809877,0.406086413,0.111046871,0.525429644,-0.002008293,-1.40E-06,2.16E-07,-2.21E-07,7.660800297,8.067055869,-12.68014554,-3.314384399,6.729117497,-22.83906247,0.004529097,-21.66328231,12.75895406,9.40E-06,-0.000316742,8.785475072,-0.119828278,126.7030042,37.5153291,21305,5
169.1783542,-19.9253802,0.012829575,0.002740665,-287.2531136,-26.74691225,0.107563546,0.034173115,-0.018552891,2.21945448,-160.3849106,0.12147284,0.393616176,0.194612289,0.607998204,-0.002191152,-1.55E-06,2.76E-07,-2.47E-07,7.612052022,8.239410486,-13.28252375,-3.600528918,6.797544894,-22.70795342,0.007107039,-21.72602484,12.68841189,7.12E-06,-0.000314125,8.587698368,-0.142269866,126.6972055,37.51567899,21306,5
169.0881382,-19.86897054,0.013239458,0.002795901,-288.3690587,-26.81415391,0.096454716,0.034865294,-0.018136573,2.1492485,-161.0699299,0.121168376,0.38301438,0.223618615,0.650776868,-0.002339107,-1.46E-06,3.15E-07,-2.79E-07,7.125735156,8.831427444,-13.72899754,-4.409163969,6.675119605,-22.76977784,0.007172289,-21.7590445,12.67454977,6.86E-06,-0.000297497,8.156752937,-0.162895888,126.6930996,37.51252926,21307,5
169.0689123,-19.29755777,0.012710822,0.002763064,-288.6159125,-26.84306985,0.06931271,0.036093081,-0.01614903,2.168488753,-158.842182,0.121113392,0.383110722,0.242319407,0.65011808,-0.00229229,-1.24E-06,2.76E-07,-2.83E-07,6.81514381,8.76012845,-13.8311744,-5.191251287,6.391921904,-23.03283544,0.005322171,-21.75289097,12.69548668,9.04E-06,-0.000295944,7.973347609,-0.152940202,126.6946359,37.50972403,21308,5
169.1111925,-19.14838331,0.011881097,0.002670194,-287.8162212,-26.82268809,0.075606871,0.036030999,-0.014664564,2.251809245,-156.7038886,0.121366016,0.396000627,0.231840557,0.553322949,-0.002115019,-1.22E-06,2.07E-07,-2.45E-07,6.991850853,8.055810276,-13.37513444,-4.339224325,6.473132112,-23.10037992,0.003408292,-21.73175672,12.70698244,1.05E-05,-0.000314364,8.073688561,-0.13520841,126.7025716,37.51088024,21309,5
169.7379723,-19.37659426,0.011654649,0.00259339,-281.3937127,-26.27434802,0.122016453,0.035155376,-0.017936739,2.386949212,-154.1167236,0.122963567,0.427849036,-0.064418166,0.475951414,-0.001807937,-1.66E-06,2.27E-07,-1.73E-07,8.960047242,8.749301136,-11.13137297,-1.51871705,7.072545718,-22.48440309,0.005720493,-21.47652298,12.94023668,9.77E-06,-0.000307005,10.93706539,-0.106084898,126.7080274,37.52140435,21310,5
169.5544756,-19.30852478,0.011641207,0.00260686,-283.3486333,-26.43554048,0.108358053,0.035519938,-0.017325741,2.346317192,-154.364704,0.122474449,0.419947182,-0.010480426,0.47596296,-0.001878179,-1.44E-06,2.20E-07,-1.90E-07,8.272265984,8.44284453,-11.66945366,-2.280197018,6.900403816,-22.68039518,0.004913785,-21.54808912,12.87984783,1.02E-05,-0.000305216,9.9498478,-0.109400771,126.7064514,37.51875081,21311,5
169.4350443,-19.13778175,0.011523826,0.002607275,-284.5435977,-26.54375936,0.096065092,0.036031396,-0.015769184,2.380799609,-153.9117525,0.122219486,0.415546278,0.052121976,0.468060536,-0.001896891,-1.31E-06,2.10E-07,-2.02E-07,7.826974419,8.28653535,-12.08271713,-2.894536709,6.754870614,-22.86075041,0.003801772,-21.59281074,12.8420828,1.09E-05,-0.000309348,9.313108027,-0.11250777,126.7069195,37.51509834,21312,5
169.2379333,-18.70042102,0.011492828,0.002625441,-286.4086006,-26.7173549,0.077383878,0.036935265,-0.013063249,2.3831334,-153.367224,0.121774425,0.405116482,0.257320713,0.485654696,-0.001998423,-1.14E-06,2.03E-07,-2.26E-07,7.176896378,8.212788662,-12.90265519,-3.905548154,6.506834328,-23.13768888,0.002382224,-21.66662326,12.78415579,1.22E-05,-0.000315563,8.194109356,-0.123631364,126.7065206,37.51059783,21313,5
169.7356039,-18.97563175,0.010344817,0.002468603,-281.4485404,-26.27983569,0.107567139,0.036214162,-0.008852697,2.103015209,-148.2879165,0.123101371,0.433351274,-0.133973294,0.380502985,-0.001929859,-1.35E-06,2.22E-07,-1.45E-07,8.548981027,8.627847803,-10.402177,-1.472270832,6.940120072,-22.71607862,0.003797999,-21.45004411,13.01539735,1.19E-05,-0.000248358,12.28295199,-0.10565374,126.7131926,37.5203754,21314,6
169.654227,-18.91837252,0.008579776,0.002297455,-282.1433838,-26.35396295,0.098527172,0.036248682,-4.58E-06,1.344487986,-142.1472636,0.123010449,0.435614314,-0.197603548,0.296763734,-0.002174592,-1.20E-06,2.24E-07,-1.05E-07,8.132316742,8.113019254,-9.680849807,-1.350291765,6.801207409,-22.94308861,0.002603351,-21.46431529,13.04439617,1.29E-05,-0.000174053,13.89028923,-0.105546458,126.7189188,37.52020717,21315,6
169.4785215,-18.93708027,0.006293906,0.002084523,-283.6738641,-26.51709575,0.087416269,0.035618285,-0.000745079,-0.263118565,-136.6756893,0.122415664,0.433320486,-0.182458953,0.235657555,-0.002546975,-1.13E-06,2.25E-07,-5.09E-08,7.448486054,7.245056257,-9.043593743,-1.510461745,6.583425865,-23.22448893,0.000792398,-21.52524986,13.02528436,1.29E-05,-0.000104828,12.42801615,-0.105812256,126.7251233,37.52075628,21316,4
169.3800496,-18.258693,0.004638245,0.001936111,-284.3937585,-26.61322977,0.079623998,0.035596225,-0.004976434,-1.948144182,-132.6189315,0.121762288,0.429790295,-0.148410307,0.215830322,-0.002838827,-1.07E-06,2.27E-07,-3.53E-09,6.675927739,6.794567117,-8.486566353,-1.629533948,6.386116163,-23.44353108,0.000164638,-21.55609428,13.04551602,1.29E-05,-5.84E-05,11.35646382,-0.106189864,126.7305337,37.52055708,21317,4
169.4176785,-16.92270252,0.003587675,0.001844972,-283.71605,-26.59159672,0.078196778,0.035886477,-0.006563191,-3.446899728,-129.8807175,0.121387172,0.426609363,-0.061678257,0.221023563,-0.003124372,-1.06E-06,2.35E-07,3.79E-08,6.101231664,6.96461339,-7.748028409,-1.488107524,6.274716958,-23.54861774,0.000150572,-21.52831938,13.14552079,1.30E-05,-1.48E-05,10.83515025,-0.106415344,126.7361576,37.52074546,21318,4
169.5641291,-14.74269205,0.002959127,0.001789682,-281.6600234,-26.48268659,0.084166364,0.035885456,-0.006983704,-4.502061783,-128.4987422,0.121259954,0.420222277,0.277629489,0.2621825,-0.003561386,-1.07E-06,2.64E-07,5.30E-08,5.919889457,8.066056006,-6.823431603,-1.197140679,6.22071783,-23.57891733,0.000343779,-21.45147992,13.33100882,1.39E-05,5.10E-05,10.02769427,-0.106755448,126.7432151,37.52190672,21319,4
169.5087018,-13.14397791,0.002498459,0.001750097,-281.6510832,-26.53990404,0.081506899,0.036022945,-0.00724822,-4.886231734,-128.4339701,0.120435502,0.411437129,0.535290353,0.292200026,-0.003874733,-9.83E-07,2.77E-07,2.62E-08,5.324914885,8.564554328,-6.657147212,-1.54402042,6.051141534,-23.75061089,-6.24E-05,-21.46946135,13.3724108,1.33E-05,0.000129796,8.882791868,-0.10751828,126.7488156,37.52051244,21320,4
169.5002899,-14.63679464,0.003319014,0.001824949,-282.3974479,-26.51549855,0.079281968,0.03729439,-0.007450016,-4.245041046,-126.9316408,0.121068198,0.42035842,0.17873571,0.237402013,-0.003350257,-9.48E-07,2.45E-07,2.98E-08,5.331192856,7.869728303,-7.191969111,-1.385015594,6.201891434,-23.62617429,4.94E-05,-21.47330435,13.29170408,1.38E-05,7.36E-05,10.0537471,-0.10689741,126.7432418,37.51850596,21321,4
169.0728194,-11.99732098,0.00043325,0.001568924,-285.0290187,-27.00440327,0.058621759,0.033839643,-0.006386621,-5.587777291,-133.0699693,0.116817518,0.393055728,0.926779329,0.345754871,-0.004604021,-9.71E-07,3.06E-07,1.20E-08,3.883523651,7.231071122,-6.977887156,-3.480075754,5.291604986,-24.41455849,-0.001861147,-21.686024,13.20094167,3.92E-06,0.000188971,6.825047867,-0.109464407,126.7556659,37.52007689,21322,4
169.3188008,-17.42840362,0.004029318,0.00188585,-284.8081616,-26.65055839,0.071744285,0.037197519,-0.007688288,-2.983137097,-128.2662343,0.121215544,0.426956205,-0.087858767,0.195519822,-0.002856563,-9.26E-07,2.18E-07,1.72E-08,5.569109191,6.794159825,-8.334696565,-1.82456627,6.231623322,-23.60134683,-0.000338539,-21.56423948,13.08198361,1.38E-05,4.44E-06,10.67215448,-0.106724496,126.7338089,37.51608671,21323,4
169.3318175,-16.40839317,0.003773826,0.001866477,-284.4438947,-26.6398274,0.072024039,0.037829249,-0.008152549,-3.563635731,-127.0019747,0.120934946,0.423479195,-0.067461209,0.203330476,-0.002988251,-8.75E-07,2.24E-07,2.35E-08,5.157016208,6.978585632,-8.120653256,-1.79929753,6.178858227,-23.65770669,-0.000353435,-21.55068619,13.13334139,1.38E-05,4.26E-05,10.23852621,-0.106940941,126.7373531,37.51538694,21324,4
169.3540723,-15.07875275,0.003607085,0.001855024,-283.9299239,-26.62283944,0.073200953,0.038254354,-0.007684123,-3.943310842,-126.1240951,0.120654899,0.418955087,0.065491958,0.217199227,-0.003162501,-8.27E-07,2.35E-07,2.17E-08,4.852967413,7.241159947,-7.897825857,-1.83305355,6.140489435,-23.70581422,-0.000310969,-21.53549091,13.19072792,1.38E-05,8.00E-05,9.769488239,-0.10715908,126.742111,37.51527984,21325,4
169.4063891,-13.34771636,0.002981607,0.001801676,-282.8857313,-26.58508316,0.076760826,0.037924723,-0.007255036,-4.571285712,-126.3971885,0.120268725,0.412318707,0.314050824,0.253625699,-0.003548507,-8.37E-07,2.52E-07,-1.82E-11,4.581037605,8.153654517,-7.257088961,-1.641857141,6.081443904,-23.77113784,-0.000226581,-21.50752344,13.29235716,1.33E-05,0.000147171,9.013515591,-0.107575097,126.7485031,37.51560939,21326,4
169.2662286,-16.51027163,0.003943046,0.001885524,-285.0435352,-26.67716588,0.069787884,0.038790456,-0.00849591,-3.4830434,-125.7335929,0.120725838,0.421821909,-0.071905456,0.194290328,-0.002882436,-8.11E-07,2.25E-07,1.72E-08,4.830049432,6.846434498,-8.489259714,-1.970431526,6.148624614,-23.69677137,-0.000544551,-21.57259445,13.10291761,1.41E-05,7.02E-05,9.970144593,-0.107174747,126.737103,37.51270182,21327,4
169.2864949,-17.40196887,0.004172902,0.001901596,-285.0961812,-26.65598605,0.068955328,0.038538494,-0.00867755,-3.000601601,-126.1612647,0.121093323,0.426676053,-0.064941715,0.182563144,-0.002712752,-8.60E-07,2.14E-07,1.31E-08,5.180709824,6.853330978,-8.56162325,-1.943280452,6.208323932,-23.63020559,-0.000616155,-21.56720252,13.0823771,1.43E-05,3.61E-05,10.38866261,-0.106901667,126.7335752,37.51295517,21328,4
169.5070251,-18.27845926,0.006460386,0.002099007,-283.4642006,-26.48017133,0.080822701,0.037078173,-0.003687426,0.109342469,-132.0601678,0.122526513,0.435175236,-0.150165736,0.193169172,-0.00233616,-1.01E-06,2.14E-07,-5.74E-08,7.066298801,7.378224078,-9.033374615,-1.628196004,6.535406944,-23.28455614,-0.000150367,-21.50229453,13.07206612,1.45E-05,-8.50E-05,12.18212464,-0.106029614,126.7248955,37.51642895,21329,4
169.3667568,-18.24351466,0.004865157,0.001956833,-284.6698447,-26.60199894,0.073874249,0.036977859,-0.006788746,-1.647907685,-129.3508235,0.121807646,0.432104478,-0.109173614,0.18439525,-0.0025935,-9.89E-07,2.11E-07,-8.68E-09,6.245391804,6.83411802,-8.650342115,-1.772082813,6.358904644,-23.47421473,-0.000322034,-21.55167846,13.05502024,1.41E-05,-3.65E-05,11.39110282,-0.106365573,126.729141,37.51599953,21330,4
169.3764099,-17.61144754,0.005002878,0.001968838,-284.5493751,-26.57835664,0.070018889,0.038562751,-0.00921105,-1.545962187,-126.1672928,0.121773746,0.433458386,-0.061805483,0.168550393,-0.002399326,-9.22E-07,2.04E-07,-1.04E-08,5.859547358,6.956822774,-8.694506964,-1.821054483,6.3324803,-23.50338588,-0.000715611,-21.53521106,13.08869208,1.48E-05,-9.28E-06,11.03488293,-0.106478853,126.7289697,37.51302316,21331,4
169.5790918,-16.97831941,0.006677367,0.002116578,-282.8271303,-26.41358622,0.074876925,0.039038924,-0.011954878,0.688290734,-126.4360311,0.122709811,0.43860751,-0.059298009,0.158368441,-0.002061308,-9.40E-07,2.07E-07,-6.31E-08,6.77964554,7.532107697,-8.92940852,-1.736100847,6.504197314,-23.32204541,-0.000897103,-21.45761372,13.1489803,1.58E-05,-6.84E-05,11.66706985,-0.106019057,126.7245615,37.51284889,21332,4
169.6472494,-17.44615551,0.0074151,0.002185625,-282.2527092,-26.35805223,0.081351227,0.0383212,-0.007142711,1.222226832,-130.2172976,0.123027995,0.439089415,-0.130883139,0.182833842,-0.002049412,-9.96E-07,2.10E-07,-8.16E-08,7.327235683,7.828094753,-9.099824358,-1.642335833,6.609235178,-23.20414528,-0.000563005,-21.44034862,13.14179546,1.55E-05,-0.00010682,12.20291822,-0.10581605,126.7227241,37.51429492,21333,4
169.7990541,-17.28551465,0.010277163,0.002470303,-281.0403098,-26.24077242,0.088082158,0.038945148,-0.009226649,2.85950458,-139.1741546,0.123515138,0.436377745,-0.016690674,0.29190215,-0.001705514,-1.09E-06,2.08E-07,-1.60E-07,8.097344038,8.871103845,-10.38895308,-2.267488765,6.755315479,-22.99685338,0.000136935,-21.39905866,13.12270925,1.55E-05,-0.000238455,11.11654108,-0.10657478,126.7152209,37.51234927,21334,6
169.6595301,-15.43945082,0.007301576,0.00217227,-282.0843371,-26.35574177,0.071730211,0.041201511,-0.019357509,1.752420172,-122.3887894,0.122941023,0.441440215,0.13718077,0.138746311,-0.001761012,-8.90E-07,2.11E-07,-9.01E-08,6.642720303,7.727771671,-9.074990658,-2.008653353,6.485506585,-23.33732185,-0.00158505,-21.41105911,13.20910051,1.66E-05,-6.59E-05,10.7312301,-0.105977237,126.7231238,37.51022634,21335,1
169.4130717,-16.37917226,0.005421667,0.002005185,-284.0699479,-26.53681481,0.067791556,0.040606213,-0.01391233,-1.092710689,-122.95112,0.121820087,0.434584333,-0.017019603,0.148475409,-0.002140777,-8.57E-07,2.07E-07,-2.39E-08,5.611932727,7.188943319,-8.824523514,-1.884738985,6.32951044,-23.51390536,-0.001108911,-21.50561021,13.13322677,1.54E-05,2.42E-05,10.63066975,-0.106494688,126.7285193,37.51048242,21336,1
169.3906112,-15.13133586,0.005686984,0.002030952,-284.0160217,-26.5461881,0.066103456,0.042614111,-0.016875005,-0.905616991,-120.3165719,0.12162396,0.432768352,0.029768193,0.134542012,-0.001959876,-7.91E-07,2.20E-07,-3.31E-08,5.218366053,7.265352623,-9.126184998,-2.030197265,6.294074618,-23.56340383,-0.001501987,-21.50185647,13.14153387,1.57E-05,8.06E-05,10.01260427,-0.106658476,126.7288741,37.50824363,21337,1
169.5626651,-14.29240234,0.007069589,0.002149063,-282.713211,-26.44173113,0.065268704,0.043154643,-0.02358181,1.606376103,-119.4483453,0.12246817,0.439112027,0.375701216,0.1254315,-0.00166963,-8.19E-07,2.22E-07,-9.55E-08,5.922019255,7.42798386,-9.37087242,-2.327741811,6.360877679,-23.46208642,-0.002042985,-21.43591956,13.18682777,1.65E-05,-1.06E-05,9.913622224,-0.106394074,126.7236745,37.50808789,21338,1
169.2854913,-17.1509796,0.004509415,0.00193285,-285.0642454,-26.63917503,0.067874838,0.039821121,-0.009322703,-2.691295352,-124.2806787,0.121126412,0.427162245,-0.059872809,0.168636674,-0.002522194,-8.19E-07,2.15E-07,3.37E-09,5.047598883,6.954235819,-8.79359293,-1.963701944,6.219728155,-23.62740193,-0.000822649,-21.55910467,13.09012613,1.48E-05,6.25E-05,10.27667589,-0.106934149,126.7328161,37.51084224,21339,4
169.2458947,-16.89004226,0.004464276,0.001934084,-285.2977043,-26.66308128,0.067869465,0.040432732,-0.008716024,-2.898572902,-123.4783798,0.120877004,0.424039037,-0.059298324,0.171331573,-0.002543004,-7.80E-07,2.23E-07,3.08E-09,4.76367539,6.904577914,-8.935782787,-2.02221926,6.188701697,-23.66890717,-0.000925903,-21.57121451,13.08491977,1.48E-05,9.81E-05,9.85770211,-0.107137669,126.734332,37.50968151,21340,4
169.1934844,-16.16331563,0.004000305,0.001898597,-285.572098,-26.71913934,0.068819668,0.039721573,-0.007997827,-3.556474386,-124.4174893,0.120370441,0.417483805,-0.068178333,0.194818419,-0.002870183,-7.52E-07,2.36E-07,1.46E-08,4.42189623,6.680998157,-8.802333292,-2.156244094,6.113997668,-23.74960986,-0.00081133,-21.59781129,13.08078867,1.42E-05,0.000115538,9.304578364,-0.107514346,126.7388323,37.5103088,21341,4
169.2313684,-15.14137978,0.003694268,0.001871189,-285.034095,-26.70270235,0.070592964,0.039184129,-0.007672613,-3.912177564,-125.0242675,0.120216986,0.414966209,-0.013623898,0.211784231,-0.003100131,-7.56E-07,2.39E-07,1.86E-08,4.367995395,6.890444191,-8.417916842,-2.090092614,6.093146819,-23.77312718,-0.000568291,-21.58352378,13.12818612,1.39E-05,0.000120904,9.201050704,-0.107565326,126.7424846,37.511824,21342,4
169.0807567,-16.21774024,0.004266467,0.00193209,-286.4452602,-26.78493587,0.067422387,0.040646064,-0.006510549,-3.328386579,-122.8518752,0.12000044,0.412628341,-0.059390811,0.191813183,-0.002760614,-7.01E-07,2.55E-07,2.45E-08,4.030045393,6.189302101,-9.42257025,-2.385926234,6.095618936,-23.79209757,-0.000968219,-21.64477454,13.00908307,1.43E-05,0.000157802,8.674914334,-0.107941504,126.7393891,37.50756649,21343,1
169.2040593,-16.39618433,0.004873455,0.001974225,-285.5307683,-26.68331652,0.066756821,0.041586717,-0.008857544,-2.44525101,-121.7798508,0.120745502,0.422063649,-0.043392706,0.15653594,-0.002358144,-7.34E-07,2.39E-07,-2.37E-09,4.550365519,6.691304181,-9.377650529,-2.209274277,6.175911414,-23.69233294,-0.001296275,-21.58544483,13.05572255,1.50E-05,0.000127086,9.382638532,-0.107308235,126.7338759,37.50772955,21344,1
169.0107402,-16.61418756,0.004623178,0.001972463,-286.9666741,-26.81153777,0.066214124,0.041894243,-0.005647433,-2.851143991,-121.0361972,0.119862465,0.410643506,-0.030209111,0.182865097,-0.002526567,-6.77E-07,2.69E-07,2.14E-08,3.72694419,5.95873589,-9.974811985,-2.634899296,6.114365301,-23.79500276,-0.001258788,-21.6725811,12.95084463,1.45E-05,0.00017734,7.966951961,-0.108192051,126.7382994,37.50524248,21345,1
168.9275079,-16.57848814,0.00425403,0.001946362,-287.5728244,-26.87451606,0.066038978,0.041293208,-0.005092448,-3.261644307,-121.6232576,0.119369435,0.405178264,-0.034392029,0.208970427,-0.002753571,-6.62E-07,2.74E-07,4.39E-08,3.412780426,5.769664964,-10.05551639,-2.760518927,6.081244425,-23.84428988,-0.001197014,-21.71407913,12.91103724,1.40E-05,0.000182868,7.583867333,-0.108645361,126.7413602,37.50501277,21346,1
168.7406311,-16.89089376,0.004750347,0.002002853,-288.7758617,-26.98556179,0.064882534,0.042061615,-0.00408663,-2.745928048,-119.0004294,0.118802405,0.395793577,0.019975278,0.227453029,-0.002599905,-6.26E-07,3.09E-07,1.07E-07,2.958359629,4.682603429,-11.27711956,-3.089867523,6.114772946,-23.86540987,-0.001511089,-21.80485196,12.74921685,1.37E-05,0.000194192,6.212865364,-0.109890148,126.7416414,37.50199786,21347,1
168.8563633,-16.77368933,0.00510142,0.002028625,-287.9490945,-26.90013965,0.065491504,0.043164601,-0.004638795,-2.167614261,-118.5457992,0.119378336,0.403058366,0.038416539,0.190654564,-0.00231341,-6.41E-07,3.01E-07,5.09E-08,3.095198162,5.170650311,-11.01323009,-3.003861167,6.117703874,-23.83136749,-0.001920094,-21.74620131,12.81450825,1.44E-05,0.000194405,6.497298469,-0.10913294,126.7380193,37.50225175,21348,1
168.6649659,-16.26086799,0.005748684,0.00209647,-288.9926885,-27.02280839,0.06550146,0.043818844,-0.004957085,-1.56444463,-115.4184997,0.118817456,0.390148456,0.177897666,0.230375473,-0.002225081,-6.13E-07,3.47E-07,1.22E-07,2.630188752,3.623515154,-12.35967981,-3.391903698,6.149825018,-23.86123366,-0.002725246,-21.84411546,12.63583627,1.41E-05,0.000197857,5.087963223,-0.111495119,126.7377303,37.49913639,21349,1
168.5534601,-16.02185979,0.005358089,0.002065581,-289.8299127,-27.0990963,0.064105548,0.042880444,-0.00540705,-2.128771032,-115.6329909,0.118289749,0.384627637,0.108920547,0.274681409,-0.002441424,-6.03E-07,3.48E-07,1.62E-07,2.625779759,3.400318478,-12.63279196,-3.348219491,6.18098284,-23.87041416,-0.002372234,-21.89874833,12.57775118,1.34E-05,0.000197701,5.049742226,-0.112164916,126.7412584,37.49897506,21350,1
169.1357118,-15.6815581,0.00523836,0.002014664,-285.9210169,-26.72006798,0.065537545,0.043053118,-0.009147796,-1.977659378,-119.8168075,0.120491237,0.418713461,-0.002545883,0.140752105,-0.002162316,-6.97E-07,2.60E-07,-4.99E-09,4.149808901,6.381829455,-9.898627049,-2.519471728,6.161646538,-23.72878046,-0.001842809,-21.61158042,13.00969044,1.51E-05,0.000161738,8.473175204,-0.107613754,126.7338416,37.50545989,21351,1
168.9596958,-15.01529872,0.005651602,0.002063363,-287.061398,-26.84360981,0.063543559,0.04451349,-0.008791028,-1.328032904,-117.8984448,0.119871926,0.410832346,0.110795079,0.146894814,-0.001982268,-6.58E-07,2.95E-07,6.80E-09,3.304057287,5.513677207,-10.91515528,-3.020039272,6.101470507,-23.81797583,-0.00241006,-21.69434558,12.86542187,1.49E-05,0.000192673,6.744053867,-0.108594892,126.7335503,37.50247742,21352,1
168.753671,-15.07125233,0.00617544,0.002123763,-288.3574588,-26.98785857,0.064100681,0.044893362,-0.006638079,-0.864224128,-115.7359701,0.119258022,0.396672603,0.427200917,0.185004154,-0.002019445,-6.25E-07,3.43E-07,5.58E-08,2.532984803,3.762991132,-12.11477646,-3.564733984,6.057390717,-23.89451539,-0.003168338,-21.80113332,12.68012216,1.47E-05,0.000197107,5.142364106,-0.111246933,126.7332556,37.49941079,21353,1
169.4182523,-13.26943343,0.007002308,0.002140532,-283.7212255,-26.57666004,0.060437689,0.045067767,-0.025255771,1.614266129,-117.8936246,0.121887241,0.435238705,0.587357038,0.117365013,-0.001619631,-7.72E-07,2.35E-07,-1.06E-07,5.190731578,6.904113709,-10.0063412,-2.799188812,6.209915501,-23.60538971,-0.00266471,-21.48767875,13.11744617,1.63E-05,4.68E-05,8.862292039,-0.107263885,126.7233572,37.5061012,21354,1
169.2881755,-13.87723285,0.006073667,0.002068958,-284.592288,-26.62984075,0.063713504,0.04450071,-0.019270376,-0.387334969,-118.2728849,0.121184177,0.428449448,0.200490545,0.118543198,-0.001783179,-7.28E-07,2.46E-07,-4.43E-08,4.642946796,6.872651516,-9.840599283,-2.489417132,6.207834397,-23.65585662,-0.002150034,-21.53999949,13.07438428,1.57E-05,0.000128252,8.904529303,-0.107122794,126.7283918,37.50578151,21355,1
169.0112411,-13.45354889,0.006250413,0.002093889,-286.5530368,-26.85438736,0.058355345,0.045587691,-0.020050764,-0.227901671,-117.7606026,0.120178684,0.417614865,0.465893291,0.119935792,-0.001764093,-6.76E-07,2.83E-07,-3.39E-08,3.522055128,5.523645711,-11.06166423,-3.246501913,6.028338279,-23.83714459,-0.002966055,-21.66789226,12.87562488,1.53E-05,0.00018585,7.046698335,-0.10872892,126.7281668,37.50283688,21356,1
169.0814463,-12.92477999,0.006726114,0.002118349,-286.1030361,-26.85504036,0.055783383,0.046106445,-0.024228343,0.967767539,-118.0246395,0.120603983,0.423695722,0.717982958,0.119115448,-0.001698749,-7.06E-07,2.65E-07,-8.72E-08,3.924018148,5.718319546,-11.21280788,-3.39293432,5.976864951,-23.83247952,-0.003321382,-21.63416543,12.91092261,1.57E-05,0.000141448,7.224792184,-0.109577194,126.7240006,37.50352189,21357,1
168.954347,-13.02535653,0.006890482,0.00213487,-287.0797185,-26.97185756,0.051061863,0.045947276,-0.022136359,1.130782153,-118.6360951,0.120234918,0.418771583,0.797591798,0.124232049,-0.001743556,-6.94E-07,2.76E-07,-9.70E-08,3.591419196,5.105683422,-11.83163444,-3.799631559,5.87010506,-23.91814897,-0.003640994,-21.69443782,12.8193464,1.57E-05,0.000158071,6.700504042,-0.111739611,126.7229469,37.50268174,21358,1
168.5565433,-13.86587698,0.006808539,0.002140058,-289.9172587,-27.27855665,0.047281324,0.044683906,-0.014638473,0.444966756,-119.7510432,0.118945274,0.400591686,0.835395382,0.150515893,-0.001881248,-6.55E-07,3.14E-07,-5.54E-08,2.315481046,2.995018381,-13.10829218,-4.461718143,5.660826605,-24.13723536,-0.003956207,-21.88837191,12.5355282,1.51E-05,0.000185205,5.812683226,-0.119172755,126.7236401,37.50006989,21359,1
168.6858566,-14.09741707,0.006544044,0.002135264,-288.8885905,-27.10655057,0.055835785,0.045179877,-0.017641409,-0.196805163,-117.6309299,0.11919125,0.400267707,0.736317078,0.147933996,-0.001897331,-6.40E-07,3.28E-07,-7.55E-10,2.355996705,3.254563279,-12.37900237,-4.037354558,5.860053725,-24.01218972,-0.003610624,-21.83132192,12.62576277,1.49E-05,0.000194556,5.386360367,-0.113307994,126.7278921,37.49975563,21360,1
169.1245773,-17.92441734,0.011467963,0.00264342,-287.4365393,-26.81540652,0.05581193,0.038409297,-0.011438916,2.385003652,-151.1841387,0.121497268,0.397070841,0.364815097,0.519922947,-0.002073862,-9.98E-07,2.08E-07,-2.50E-07,6.627140392,8.407980161,-13.47461423,-4.812684379,6.246697199,-23.38334071,0.000624299,-21.70097837,12.77501961,1.39E-05,-0.000310638,7.233856908,-0.137261649,126.706259,37.50751514,21361,5
169.057981,-17.22637689,0.011387304,0.002651534,-288.0015382,-26.87332318,0.037954892,0.039739999,-0.009873173,2.386916712,-148.3219409,0.121304105,0.391851284,0.406378225,0.553555559,-0.002107766,-9.00E-07,2.31E-07,-2.70E-07,6.159141788,8.548802829,-13.84609581,-5.568810629,5.996670018,-23.58477459,-0.000969186,-21.71794652,12.77475683,1.52E-05,-0.000300679,6.589491412,-0.144438116,126.706039,37.5054288,21362,5
169.3680328,-15.35332035,0.010904276,0.002579337,-285.0160989,-26.62573513,0.052823071,0.04188149,-0.012465204,2.890247423,-135.9982984,0.122365518,0.412305974,0.6337891,0.339605692,-0.001911429,-8.85E-07,2.28E-07,-2.42E-07,6.508272618,8.692665675,-12.64666544,-4.395474614,6.163945645,-23.54137313,-0.002748409,-21.5554852,12.99094404,1.67E-05,-0.000306188,6.143042282,-0.126328954,126.7117259,37.50593509,21363,8
169.5240725,-13.61508997,0.009181972,0.002370508,-283.3074367,-26.51714341,0.057558174,0.044275976,-0.02388382,3.164185573,-121.2708105,0.122696375,0.430681118,0.779059052,0.160964518,-0.001696425,-8.19E-07,2.42E-07,-1.96E-07,6.096324329,7.672986745,-11.13990095,-3.546062704,6.194170546,-23.56441344,-0.003601599,-21.45784037,13.13294112,1.71E-05,-0.000204281,7.211484599,-0.111030484,126.7172763,37.5058967,21364,1
169.1675534,-12.94467006,0.008082258,0.002253014,-285.9344718,-26.84012471,0.046800868,0.045585885,-0.02176511,2.598033975,-119.4787084,0.121372922,0.424295114,0.848271456,0.138491191,-0.00173624,-7.63E-07,2.57E-07,-1.83E-07,4.747542718,6.381965512,-11.97582933,-4.029527555,5.91401285,-23.82981164,-0.003851817,-21.60448654,12.94330683,1.64E-05,-8.26E-05,6.574736318,-0.11536183,126.7185258,37.50397114,21365,1
169.2702883,-12.92628378,0.00753663,0.002192605,-284.9386087,-26.73215595,0.053517036,0.045796126,-0.024703084,2.236300189,-118.2710987,0.121517305,0.429337643,0.787677545,0.122972664,-0.001668298,-7.53E-07,2.51E-07,-1.45E-07,4.808131044,6.354028571,-11.10289248,-3.508329575,6.03394624,-23.74047281,-0.003542897,-21.55374167,13.01614383,1.63E-05,2.00E-05,7.367777711,-0.110020842,126.7207804,37.50460855,21366,1
169.0619262,-18.88859573,0.012553412,0.00276081,-288.7045575,-26.84942311,0.052440632,0.03718445,-0.014462595,2.191229175,-157.2906027,0.121096281,0.381475005,0.254661387,0.657733653,-0.002288212,-1.13E-06,2.50E-07,-2.94E-07,6.604364691,8.955281561,-13.94485788,-5.735219645,6.224662641,-23.18020597,0.003629705,-21.74702587,12.71687065,1.05E-05,-0.000287467,7.905261733,-0.151535504,126.6961085,37.50761086,21367,5
169.1135239,-18.52349393,0.012849395,0.002802962,-288.4873252,-26.79263019,0.038526445,0.038301655,-0.014035959,2.196429576,-156.1502286,0.12111996,0.377191092,0.259303348,0.703900352,-0.002340459,-1.04E-06,2.87E-07,-3.14E-07,6.534459388,9.468893336,-14.01305383,-6.542978201,6.059416578,-23.22780775,0.003470942,-21.7164653,12.76835635,1.11E-05,-0.000245693,7.862578225,-0.149290454,126.6927399,37.50583065,21368,5
169.0180578,-18.32740897,0.011750569,0.002684889,-288.707267,-26.90334107,0.044231708,0.038037143,-0.01227568,2.232618501,-153.942306,0.121064133,0.386313328,0.302267081,0.619413022,-0.002182768,-9.80E-07,2.42E-07,-2.76E-07,6.365071426,8.365088275,-13.94875861,-5.688857024,6.08284624,-23.41403146,0.001631237,-21.75396721,12.71292112,1.29E-05,-0.000294352,7.482452231,-0.145703164,126.7015275,37.506592,21369,5
168.9982358,-17.19778167,0.011579952,0.002695388,-288.7966069,-26.91238317,0.008628681,0.040490775,-0.006618232,2.287171253,-147.8042971,0.120978295,0.380130391,0.2934362,0.687002198,-0.002192761,-8.03E-07,2.90E-07,-3.07E-07,5.840986157,8.549032291,-14.3199851,-7.216663672,5.605603456,-23.75910486,-0.001223852,-21.74347311,12.74885832,1.59E-05,-0.00023975,7.215844622,-0.143597285,126.7016244,37.50289793,21370,5
169.0984687,-17.59067073,0.012384164,0.002782712,-288.5851409,-26.80430151,0.007425419,0.040190116,-0.008571087,2.249210601,-151.351622,0.121083166,0.375207671,0.228793178,0.737187025,-0.002301832,-8.38E-07,2.97E-07,-3.27E-07,6.220693454,9.187276974,-14.20963496,-7.775699982,5.641230383,-23.56339977,0.000637265,-21.70581473,12.80174763,1.43E-05,-0.000155941,7.818420004,-0.1431656,126.695205,37.5028672,21371,5
168.4736968,-9.618664519,0.010685041,0.002724422,-293.095335,-27.35028049,-0.076395219,0.042648872,0.027037907,2.834977264,-98.76835099,0.119363506,0.353190744,0.140502334,0.872153395,-0.002139407,-3.87E-07,5.77E-07,-2.95E-07,3.200845676,-1.511798781,-15.10050389,-13.29767833,3.205098923,-25.30174553,-0.007079246,-21.93192574,12.51080718,1.73E-05,-0.001492421,13.49321908,-0.14269713,126.7020675,37.49139965,21373,2
168.2886924,-8.678489264,0.010605683,0.002778745,-296.2564272,-27.51371047,-0.085675489,0.041962711,0.029330103,3.020429063,-94.21305932,0.118883899,0.347795364,0.158919977,0.807319802,-0.002151912,-2.39E-07,5.97E-07,-2.97E-07,3.272791142,-1.883350601,-15.82899578,-14.96521888,2.563625043,-25.64332959,-0.003827173,-22.01603268,12.43886974,1.58E-05,-0.001852824,13.28931126,-0.148028374,126.7002703,37.48836761,21374,0
168.9488503,-15.81095228,0.010910055,0.00262693,-288.6536622,-26.96960086,-0.000704867,0.041891978,-3.67E-05,2.387814682,-136.9277972,0.120879262,0.382910413,0.387055064,0.672625452,-0.002108698,-7.14E-07,3.46E-07,-2.98E-07,5.098295898,7.695160838,-14.37580816,-7.428796829,5.314493016,-24.05663119,-0.003351424,-21.74432204,12.73812834,1.74E-05,-0.000271775,7.133418093,-0.14038246,126.705516,37.50116515,21376,8
168.8131208,-14.1582854,0.009540411,0.002452844,-289.1259044,-27.13322859,0.014324283,0.042836388,-0.002228077,2.490111086,-124.276595,0.120475247,0.396353481,0.774843365,0.388649913,-0.001997791,-7.20E-07,3.36E-07,-2.60E-07,3.865746425,6.857950356,-14.18614929,-6.167245183,5.38172605,-24.17575513,-0.004001813,-21.7818652,12.67909666,1.70E-05,-0.000391025,5.848442959,-0.143346753,126.7121789,37.5012604,21377,1
168.6979866,-13.41064804,0.007812856,0.002233953,-289.2777401,-27.2293466,0.034327484,0.044389846,-0.012289973,1.900644885,-120.2335262,0.119713979,0.405498987,0.895443813,0.171634423,-0.001871076,-6.90E-07,3.09E-07,-1.64E-07,3.161125254,4.49909372,-13.50605626,-4.940415451,5.552320475,-24.14973288,-0.004127807,-21.81949663,12.62185105,1.59E-05,5.69E-06,5.826039272,-0.128574449,126.7181969,37.5011312,21378,1
168.6212768,-13.51349047,0.007117629,0.00215991,-289.5798629,-27.26822564,0.042866222,0.044731203,-0.013993892,1.152983933,-120.2189155,0.119274263,0.405323155,0.877728381,0.14681262,-0.001854263,-6.74E-07,3.03E-07,-1.05E-07,2.753832822,3.753016799,-13.2677179,-4.558865694,5.616523212,-24.13735018,-0.004068903,-21.85472691,12.57917267,1.54E-05,0.000160444,5.844763591,-0.122276584,126.7211141,37.50083427,21379,1
168.8630661,-13.95205433,0.010431923,0.00259424,-288.9866008,-27.03359553,-0.032888438,0.042688973,0.013571697,2.465767498,-117.1715608,0.120501347,0.372584565,0.201102131,0.834415413,-0.002093442,-5.80E-07,4.75E-07,-2.97E-07,4.212605602,4.790523073,-14.51304148,-9.528654891,4.547262541,-24.53334624,-0.004163635,-21.76585231,12.67058456,1.88E-05,-0.000894128,10.05054108,-0.132231608,126.7051606,37.49703809,21380,1
168.5867565,-12.05831216,0.009810511,0.002516526,-290.3408456,-27.27016466,-0.033641727,0.042547327,0.014607324,2.608336975,-102.5869939,0.119659602,0.361700104,0.266906311,0.857368062,-0.002025298,-5.51E-07,5.53E-07,-2.36E-07,2.844120187,0.554562744,-14.56461782,-9.832308652,4.130170508,-24.92073589,-0.004518443,-21.88086748,12.47865823,1.79E-05,-0.001190985,12.15978228,-0.13243509,126.708349,37.49416096,21381,2
168.6950061,-11.44592105,0.010317509,0.002608783,-290.1622864,-27.16323405,-0.049830519,0.042976414,0.020797089,2.68147238,-102.3846792,0.119997943,0.361092019,0.144850947,0.899920412,-0.002080216,-5.12E-07,5.58E-07,-2.73E-07,3.48082573,0.756744932,-14.56913986,-10.98228138,3.928707414,-24.93451808,-0.004863974,-21.83123275,12.57917423,1.85E-05,-0.00117976,12.40851494,-0.133644978,126.7053229,37.49391421,21382,2
168.4695317,-9.650001786,0.010567276,0.002697511,-292.7493575,-27.35336893,-0.071966427,0.04265303,0.024636168,2.864984932,-97.76984635,0.11936203,0.352851333,0.149470943,0.879215754,-0.002111437,-4.26E-07,5.85E-07,-2.80E-07,3.026598903,-1.784790949,-14.98056525,-12.86608173,3.306255456,-25.28234685,-0.006159615,-21.9331832,12.49316489,1.73E-05,-0.001433305,13.52194285,-0.141602093,126.7034371,37.49145536,21383,2
168.2187052,-9.843526681,0.010022006,0.002610735,-293.9712329,-27.56310627,-0.055076152,0.041662298,0.015951656,2.947164955,-96.13007842,0.118682974,0.34504059,0.227784555,0.874524955,-0.001984279,-4.87E-07,6.27E-07,-1.90E-07,2.01874571,-3.905648022,-14.99815234,-11.82643248,3.384686662,-25.40697154,-0.005067398,-22.04935342,12.29794505,1.59E-05,-0.001516003,14.21568941,-0.142351082,126.708049,37.48990519,21384,2
168.2186186,-8.947138711,0.010352579,0.002705426,-295.2545043,-27.56819882,-0.069744572,0.04188079,0.019683163,3.123034382,-93.97957845,0.118683271,0.344770676,0.186428419,0.835694297,-0.002033453,-3.98E-07,6.25E-07,-2.40E-07,2.400476284,-3.739353615,-15.33710946,-13.27636937,2.936747897,-25.57241022,-0.005831852,-22.04720593,12.3522465,1.56E-05,-0.001618514,14.37220268,-0.146160243,126.7052954,37.48856165,21385,0
168.3826771,-13.26440435,0.008959968,0.002383948,-291.2154268,-27.46174125,-0.006326656,0.041877212,0.007113759,2.144628157,-107.687077,0.118910358,0.365360739,0.633888656,0.696909087,-0.001969394,-5.95E-07,5.05E-07,-1.74E-07,1.749256859,0.599931622,-14.65661539,-7.993892916,4.549900882,-24.82095438,-0.004308192,-21.97526467,12.32498652,1.68E-05,-0.001121091,10.35430081,-0.13540742,126.7128873,37.49510928,21386,2
168.1710925,-13.96100556,0.008210977,0.002293602,-292.4061247,-27.60438587,0.024139046,0.041421048,0.004257629,1.23006112,-112.3694082,0.118170329,0.364451622,0.825171936,0.473612003,-0.001922865,-6.13E-07,4.47E-07,-7.11E-08,0.957406309,-0.72734925,-14.58097069,-6.483799585,5.018601603,-24.65096841,-0.004142374,-22.07724441,12.19921241,1.56E-05,-0.00080046,9.085348665,-0.147695123,126.7181535,37.495301,21387,3
168.2217621,-14.3335955,0.007662634,0.002242881,-292.2187637,-27.53144789,0.03850239,0.042110604,-0.001360995,0.75974718,-115.1804544,0.118275551,0.371384477,0.835186849,0.317778745,-0.001953366,-6.22E-07,3.97E-07,-3.44E-08,1.164012128,-0.586580622,-14.10706699,-5.690995139,5.347141449,-24.43656908,-0.004050125,-22.0567831,12.26107105,1.50E-05,9.11E-05,8.031797449,-0.145675527,126.7214119,37.49621834,21388,3
168.2366703,-13.14872906,0.008789186,0.00237276,-291.6246667,-27.45041732,0.041689876,0.041577501,0.004748306,1.351944837,-106.0970121,0.118620445,0.351077852,0.786460779,0.590816301,-0.001741856,-5.91E-07,5.13E-07,4.31E-08,1.05345983,-3.031868226,-13.87527284,-6.248518639,5.28913475,-24.50985571,-0.004066211,-22.05318169,12.23282971,1.51E-05,-0.000968989,9.750246739,-0.151272724,126.7211431,37.49242443,21389,3
168.3299792,-14.35976815,0.007239489,0.002197269,-291.4285235,-27.43495124,0.04669309,0.043155139,-0.007091256,0.342484475,-117.7190127,0.118419,0.381415324,0.835587994,0.230208101,-0.001962548,-6.29E-07,3.63E-07,-1.73E-08,1.547706364,0.653852118,-13.78220346,-5.044313235,5.547783832,-24.27596897,-0.004041561,-22.00501857,12.35460372,1.49E-05,0.000172041,6.604247823,-0.134650428,126.7235797,37.49748129,21390,3
168.4869605,-14.24659026,0.007230522,0.002214081,-290.2093794,-27.2464717,0.057113619,0.044013873,-0.008402832,0.145804579,-114.6752204,0.118849401,0.38088922,0.802377558,0.253039553,-0.00197858,-6.17E-07,3.82E-07,3.31E-08,1.79594371,0.614385977,-13.14487516,-4.626761291,5.784822099,-24.1153804,-0.003968504,-21.93591692,12.46028591,1.47E-05,0.000189313,5.470751148,-0.124835587,126.7269226,37.49684604,21391,3
168.5034926,-14.21254853,0.007400668,0.002241591,-289.904233,-27.19151138,0.062374205,0.044023817,-0.0065323,0.024573217,-111.8903609,0.118902307,0.373751142,0.773080043,0.318521596,-0.002026226,-6.05E-07,4.11E-07,8.28E-08,1.956965173,0.152517746,-13.24258671,-4.497151397,5.929853842,-24.03600748,-0.003958227,-21.93145427,12.46456261,1.46E-05,0.000188309,5.024765276,-0.128208688,126.7289838,37.49556769,21392,3
168.3231576,-14.10027242,0.007768793,0.002268472,-291.3748804,-27.38850053,0.050976197,0.042661607,0.000379902,0.613132216,-111.9643716,0.118632366,0.367778598,0.815670518,0.351012808,-0.001944697,-6.09E-07,4.20E-07,2.64E-08,1.351724982,-1.195420563,-13.604011,-5.310098433,5.585555871,-24.28899368,-0.004009929,-22.01491076,12.32838582,1.47E-05,0.000140053,6.93744638,-0.141672034,126.7242109,37.49512308,21393,3
168.3304345,-13.43602005,0.008382778,0.002336264,-291.0278855,-27.34872189,0.05439402,0.042304665,0.003322021,0.901045132,-107.576867,0.118818126,0.356811085,0.801344911,0.488020267,-0.001843344,-5.96E-07,4.76E-07,7.00E-08,1.422147373,-2.329930362,-13.59774835,-5.492897245,5.627102209,-24.28296962,-0.003993525,-22.0127077,12.31586621,1.48E-05,-6.17E-05,7.642913014,-0.15447297,126.7242464,37.49314166,21394,3
168.3394644,-13.37962347,0.00835734,0.002340035,-290.8727459,-27.30354999,0.061252757,0.042471012,0.000476399,0.602817035,-106.0112418,0.118795887,0.353213626,0.792960531,0.52621617,-0.001865514,-5.89E-07,4.91E-07,1.22E-07,1.729044437,-2.410394852,-13.68918171,-5.157424302,5.838041979,-24.16045414,-0.003972908,-22.01000881,12.32509854,1.44E-05,-1.66E-05,6.337045344,-0.159078609,126.7266217,37.49224769,21395,3
168.3277982,-13.79997521,0.007817225,0.002286623,-291.0540784,-27.30873055,0.064442842,0.042882063,-0.004845417,0.078985185,-107.9132993,0.118547913,0.359046729,0.782478613,0.466480667,-0.001984402,-5.92E-07,4.60E-07,1.34E-07,1.810101675,-1.523794213,-13.81973069,-4.758525936,5.928138181,-24.10306842,-0.003973987,-22.0162389,12.32922042,1.40E-05,0.000138042,5.291604634,-0.143505014,126.7287507,37.49315577,21396,3
168.5173859,-14.84507447,0.006837777,0.002195829,-289.7083618,-27.13982682,0.066185044,0.044282482,-0.010149533,-0.692589626,-111.8157395,0.118651411,0.375409239,0.691983524,0.323112594,-0.002132604,-5.99E-07,4.02E-07,1.42E-07,2.267622548,1.243933019,-13.39693714,-3.992872106,6.112273708,-23.92548183,-0.003685396,-21.92312032,12.48409704,1.41E-05,0.000195628,4.545309699,-0.119700954,126.7335286,37.49589433,21397,3
168.3482744,-14.35349284,0.006082099,0.002135593,-290.9362174,-27.23433442,0.064040857,0.043642554,-0.00995973,-1.53514792,-111.6238534,0.117823896,0.369129397,0.582390773,0.3688643,-0.002363531,-5.87E-07,3.95E-07,2.02E-07,2.356634282,1.675969841,-14.10873237,-3.700008423,6.242053458,-23.88720384,-0.003225733,-22.00349126,12.3904723,1.30E-05,0.00019534,3.793533254,-0.119191448,126.739388,37.49554453,21398,3
168.3052127,-13.78878748,0.007525892,0.002262002,-291.0816625,-27.29860398,0.064519281,0.043093655,-0.012506609,-0.456262326,-108.1857604,0.118277899,0.357520435,0.779629554,0.46030238,-0.002094471,-5.87E-07,4.58E-07,1.78E-07,2.106296908,-1.075931882,-14.16779142,-4.478085456,6.091608984,-24.00387249,-0.003876397,-22.02703045,12.3221911,1.37E-05,0.000159999,4.437811415,-0.14290215,126.7317265,37.49296596,21399,3
168.1265341,-13.01519204,0.007337503,0.002245711,-292.3676706,-27.42161889,0.062404672,0.042549838,-0.012692068,-0.881536321,-107.3165541,0.117651487,0.349789287,0.852508756,0.51023241,-0.002164546,-5.80E-07,4.71E-07,2.16E-07,2.10157543,-1.504108259,-14.88373586,-4.45349685,6.15889309,-24.01050814,-0.003819764,-22.11211223,12.20711694,1.28E-05,0.000133172,3.280509973,-0.150540013,126.7338554,37.49163851,21400,3
168.0158074,-12.34913295,0.006803906,0.002200814,-293.2578857,-27.48799821,0.05972838,0.042854876,-0.011472564,-1.266042226,-107.0693708,0.117094964,0.346965004,0.959345503,0.511273565,-0.002324003,-5.74E-07,4.63E-07,2.39E-07,2.215496198,-1.113773369,-15.45605632,-4.216675958,6.277713807,-23.96069252,-0.003590129,-22.16724475,12.15303561,1.18E-05,0.000142316,1.756549713,-0.14709507,126.7380532,37.49110218,21401,7
167.953069,-11.99103918,0.006410455,0.002170853,-293.8509353,-27.52438638,0.05802295,0.043265125,-0.010505426,-1.375425646,-106.3084525,0.116772301,0.344621423,1.040607879,0.531778422,-0.002454192,-5.68E-07,4.58E-07,2.51E-07,2.293917547,-0.798328106,-15.79394838,-4.048120598,6.363875092,-23.92276898,-0.003358845,-22.2004465,12.13105982,1.09E-05,0.000146045,0.967809895,-0.147211219,126.7413521,37.49064849,21402,7
167.9642205,-12.65529103,0.007669554,0.002279542,-293.6364116,-27.54713474,0.060105478,0.041445284,-0.008871256,-0.799022923,-105.4602965,0.117361572,0.3377822,0.888924169,0.595459785,-0.00210776,-5.73E-07,5.14E-07,2.33E-07,1.957815894,-2.841751734,-15.32560772,-4.789841776,6.129182542,-24.07596028,-0.003816219,-22.18877773,12.09846419,1.23E-05,-4.62E-05,2.64379583,-0.187072729,126.7327062,37.48953455,21403,7
168.2901447,-12.76241518,0.009123904,0.002418478,-291.1513153,-27.34287796,0.055252425,0.041749896,0.003919738,1.391608464,-102.5160782,0.118883394,0.343654305,0.785238987,0.686439912,-0.00160712,-5.79E-07,5.58E-07,1.18E-07,1.450154941,-3.739297141,-13.68682833,-5.856349342,5.572135671,-24.34416904,-0.004035898,-22.03093372,12.26301877,1.46E-05,-0.001179973,9.042956536,-0.157831383,126.7235028,37.49037966,21404,2
168.0124658,-10.8066495,0.009836552,0.002564509,-295.0261571,-27.70556141,-0.036311744,0.040623916,0.010532277,2.826193673,-97.79127837,0.118141733,0.336982852,0.340319684,0.858049326,-0.001786989,-5.14E-07,6.64E-07,-7.01E-08,1.32813194,-5.420853335,-14.99900518,-10.88947361,3.632527851,-25.40030989,-0.004654918,-22.14993433,12.13185036,1.47E-05,-0.001558232,14.18472159,-0.145349611,126.7119066,37.48827802,21405,2
168.0662941,-12.72465422,0.008742011,0.002385302,-292.8881313,-27.48054939,0.059431005,0.040842792,0.0002827,0.379489719,-102.415398,0.118092876,0.332891683,0.820038532,0.694532037,-0.001709263,-5.70E-07,5.76E-07,2.09E-07,1.665034472,-4.103170616,-14.59066436,-5.459960119,5.873484413,-24.22324774,-0.003929668,-22.1378116,12.13526996,1.32E-05,-0.001027073,5.858801682,-0.183768392,126.727371,37.48833962,21406,2
168.302194,-12.34014216,0.009717652,0.002483087,-290.9351937,-27.30055846,0.051013393,0.041675283,0.004503857,1.76942922,-100.0820753,0.119009274,0.336571266,0.777145472,0.752881409,-0.001356462,-5.69E-07,6.17E-07,1.52E-07,1.528860285,-4.553920392,-13.56584756,-6.168034287,5.602649624,-24.333499,-0.004065838,-22.02518323,12.25248273,1.44E-05,-0.001397925,9.483237955,-0.159246828,126.7234786,37.48862329,21407,2
168.1860507,-12.09721241,0.010123718,0.002530032,-292.0806568,-27.43299138,0.02882406,0.041115871,0.006286292,2.468903935,-99.28922192,0.118738495,0.333863156,0.715451279,0.821110794,-0.001299709,-5.58E-07,6.65E-07,1.05E-07,1.109241748,-5.363294159,-13.8438277,-7.508585504,4.978241146,-24.71451071,-0.004251747,-22.07800189,12.16386834,1.45E-05,-0.001500767,12.32276811,-0.150780396,126.7195295,37.48791378,21408,2
168.0265431,-11.77123013,0.010076032,0.002549912,-294.0136703,-27.61832839,0.000252205,0.040446269,0.007478173,2.719223082,-98.96350553,0.118274976,0.33238973,0.574892963,0.843729607,-0.001462176,-5.41E-07,6.84E-07,5.31E-08,1.021425422,-5.888150777,-14.4853287,-9.087122831,4.320627617,-25.09350574,-0.004411425,-22.15033246,12.08879796,1.42E-05,-0.001542401,13.3837302,-0.14898197,126.7162937,37.48732526,21409,2
167.9565011,-11.19567775,0.010437713,0.002639745,-295.6831811,-27.6868383,-0.015539526,0.040246708,0.00767899,3.21376729,-97.40471754,0.118160914,0.329915608,0.400429217,0.820459605,-0.001407483,-5.06E-07,7.11E-07,3.96E-08,1.212042487,-6.570241856,-14.79839493,-10.38326871,3.877178746,-25.32872447,-0.004479439,-22.18299163,12.08175673,1.33E-05,-0.001576386,13.17460831,-0.153846101,126.7150936,37.4849508,21410,2
167.9845991,-10.56350918,0.010457888,0.002679517,-296.2912448,-27.69316386,-0.029977331,0.04062608,0.008555517,3.372434048,-96.17413315,0.118197688,0.332241625,0.320335575,0.810835967,-0.001538748,-4.70E-07,7.02E-07,-2.25E-08,1.574766204,-6.261709264,-15.06660433,-11.35050161,3.490138349,-25.48080669,-0.004432183,-22.16531243,12.13758977,1.33E-05,-0.001587229,13.20296239,-0.152946865,126.7130751,37.48456806,21411,2
168.0885166,-9.874712302,0.010663589,0.00274624,-296.6339753,-27.61978109,-0.043769133,0.041330404,0.009264198,3.628749009,-94.12411704,0.11847361,0.334945169,0.263152016,0.78731126,-0.001621039,-4.10E-07,6.94E-07,-9.54E-08,2.254930905,-5.411812202,-15.33044863,-12.55831717,3.155510286,-25.57256996,-0.003096037,-22.11264578,12.24232297,1.33E-05,-0.001609177,12.47841735,-0.153473276,126.7110714,37.48336661,21412,0
168.1518123,-9.558313004,0.010722854,0.002771803,-296.701813,-27.57345588,-0.052494796,0.041647736,0.010157328,3.696461441,-93.11592174,0.118642097,0.336879731,0.241444545,0.780163606,-0.001687114,-3.78E-07,6.87E-07,-1.36E-07,2.632516421,-4.730341151,-15.48844407,-13.2847328,3.011158364,-25.59999739,-0.001875729,-22.08136578,12.29858574,1.34E-05,-0.001627451,12.25008563,-0.153001922,126.7097129,37.48297866,21413,0
167.8604639,-12.51701312,0.007948903,0.002310074,-294.501511,-27.62418073,0.05686951,0.04048666,-0.006183107,-0.715184746,-104.3180163,0.117211981,0.32884084,0.905421725,0.630198611,-0.002024272,-5.67E-07,5.54E-07,2.47E-07,1.884957762,-3.832957006,-15.55123365,-5.078768668,6.120398625,-24.11195492,-0.003816605,-22.23764396,12.03150062,1.19E-05,-0.00035395,2.259523613,-0.211854007,126.7318156,37.48800429,21414,7
167.7577057,-12.03069922,0.007125555,0.002234988,-295.4493196,-27.69333701,0.055395872,0.041603047,-0.00841321,-1.153647111,-104.9501678,0.116587516,0.330627794,1.026589462,0.610601484,-0.002304431,-5.65E-07,5.18E-07,2.59E-07,1.999998879,-2.9920182,-16.17295011,-4.664665647,6.259964106,-24.04327422,-0.003644934,-22.29181025,11.99320016,1.07E-05,-6.03E-05,0.464553762,-0.203693606,126.7369099,37.48783077,21415,7
167.6556955,-11.52093145,0.006283454,0.002171984,-296.6537697,-27.75281634,0.051362139,0.043250399,-0.008289865,-1.19436278,-102.892701,0.11604241,0.326773522,1.118878782,0.614805587,-0.002593591,-5.51E-07,5.15E-07,2.77E-07,2.343988422,-2.207140924,-16.87934347,-4.220234361,6.523310585,-23.91575831,-0.003046111,-22.35146212,11.98136742,8.22E-06,6.86E-06,-1.200183079,-0.208210163,126.7450722,37.48596487,21416,7
166.7096634,-11.11010104,0.004521881,0.0020127,-306.113698,-28.61140551,0.005948783,0.043882449,-0.003761492,-1.504163447,-98.50177675,0.113281532,0.282956873,1.11248839,0.638450294,-0.003516432,-3.49E-07,6.73E-07,3.00E-07,3.166121634,-2.063213189,-20.02462927,-3.698333207,7.214027367,-23.81065111,-0.001048593,-22.82623508,11.650978,-6.12E-06,-0.001220989,-9.934894333,-0.430955952,126.7547169,37.47834826,21417,10
167.3866983,-11.36830661,0.005791192,0.002136668,-299.3084748,-27.97297807,0.042008531,0.04323959,-0.006459916,-1.25327613,-101.2628327,0.115300202,0.313632778,1.132530643,0.649970594,-0.002811306,-5.26E-07,5.65E-07,2.92E-07,2.6013459,-2.593353103,-17.88706557,-4.155404277,6.725411672,-23.87690415,-0.002051015,-22.48826433,11.87207214,4.84E-06,-0.000199868,-3.734637959,-0.286471436,126.7489856,37.48287242,21418,7
167.6271539,-11.57344274,0.006659861,0.002203617,-296.9192831,-27.78436891,0.050678352,0.042653628,-0.007702334,-1.07041102,-102.8754334,0.11611543,0.32412683,1.110165627,0.634599935,-0.002486663,-5.54E-07,5.34E-07,2.76E-07,2.132689338,-3.000812886,-16.78202027,-4.461730919,6.446482916,-23.97333709,-0.00323903,-22.36282592,11.95240716,8.55E-06,-0.00013782,-1.138155116,-0.219027436,126.7428487,37.4848723,21419,7
167.556053,-11.6957136,0.006991162,0.002232749,-297.5121704,-27.84971924,0.050174233,0.041516532,-0.006879499,-1.038559706,-103.1960942,0.116087753,0.319390464,1.077297558,0.651122861,-0.002398429,-5.55E-07,5.58E-07,2.76E-07,1.920307135,-3.916366454,-16.79444725,-4.798402418,6.351898042,-24.04802682,-0.003441046,-22.39412969,11.8984562,8.79E-06,-0.000348882,-0.951810636,-0.244789678,126.7394529,37.48440167,21420,7
167.501426,-11.80273278,0.007253109,0.002256087,-297.9531817,-27.89982652,0.048979941,0.04051175,-0.005845488,-1.024818714,-103.3681731,0.116062272,0.315684731,1.045881655,0.660674167,-0.002315125,-5.55E-07,5.80E-07,2.77E-07,1.747552562,-4.563602149,-16.79146191,-5.067525926,6.27343044,-24.11108571,-0.00353566,-22.41786964,11.85690971,8.94E-06,-0.000551663,-0.864790459,-0.253654979,126.7370579,37.48408023,21421,7
167.4842612,-11.53568593,0.006679936,0.002211473,-298.3666821,-27.90029161,0.04814533,0.042086585,-0.006628268,-1.030610385,-102.2373842,0.11583792,0.315502091,1.101547105,0.656246622,-0.002530305,-5.47E-07,5.74E-07,2.85E-07,2.131617471,-3.840786903,-17.19079381,-4.638595401,6.504494895,-23.98124769,-0.003158928,-22.4342945,11.88274752,7.26E-06,-0.000348822,-1.689839644,-0.264685718,126.7428462,37.48274526,21422,7
167.4332382,-11.5577577,0.006879538,0.002230019,-298.8826587,-27.94690622,0.046515717,0.041580482,-0.005844183,-0.962197726,-102.0985928,0.115796937,0.312070064,1.088616012,0.666807777,-0.002480896,-5.46E-07,5.95E-07,2.86E-07,1.975460865,-4.401151872,-17.21815326,-4.812301052,6.463672134,-24.02377967,-0.003136001,-22.45811704,11.8510025,7.09E-06,-0.00064675,-2.007092358,-0.272081376,126.7416545,37.48161074,21423,7
168.1182367,-12.25764301,0.010020846,0.002525945,-292.752791,-27.44381702,0.039209898,0.040647317,0.005651614,2.039600533,-99.11897533,0.118567535,0.327537071,0.729617869,0.809246893,-0.001220108,-5.57E-07,6.77E-07,1.73E-07,1.301213748,-5.58306003,-14.04935372,-6.977035984,5.342456363,-24.53475229,-0.004132878,-22.11414774,12.12883775,1.35E-05,-0.001511913,10.4332681,-0.165604492,126.7223711,37.48611429,21424,2
167.948188,-12.46287876,0.009018576,0.002417367,-293.9215932,-27.5644495,0.054634345,0.040047983,0.002616088,0.483076869,-101.3669449,0.11783433,0.324488702,0.815701821,0.735407009,-0.001572512,-5.63E-07,6.23E-07,2.30E-07,1.520005521,-4.953584524,-14.85794655,-5.804149375,5.814095615,-24.29495192,-0.003943447,-22.19425896,12.05550847,1.26E-05,-0.001415135,5.883170787,-0.190503058,126.7269118,37.4864446,21425,2
167.6736633,-12.21834288,0.007908523,0.00230913,-296.1798175,-27.77389778,0.051347141,0.03973346,-0.004311865,-0.795117361,-103.6641822,0.116717264,0.320696332,0.934316289,0.676559341,-0.002031799,-5.61E-07,5.82E-07,2.61E-07,1.63244019,-4.565036545,-16.0447666,-5.337021537,6.082496694,-24.18688041,-0.003768204,-22.32763264,11.92315111,1.10E-05,-0.000666573,1.143150932,-0.225931378,126.7321772,37.48605427,21426,7
167.6350853,-11.93770857,0.007225355,0.002247774,-296.5923128,-27.79243026,0.052452933,0.04095203,-0.007110377,-1.102922294,-104.2204028,0.116346805,0.323340468,1.043596521,0.635849071,-0.002294302,-5.61E-07,5.47E-07,2.67E-07,1.870677598,-3.799211736,-16.46026844,-4.882827457,6.251877749,-24.08325828,-0.003623126,-22.35126158,11.92384352,1.00E-05,-0.000258546,-0.154139697,-0.231414789,126.7365899,37.48621822,21427,7
167.9954108,-11.44019546,0.010433739,0.002636788,-295.3058647,-27.61763471,-0.000587816,0.040316932,0.007066494,3.055438032,-97.53809092,0.118287845,0.328516632,0.479593477,0.818161047,-0.001312843,-5.13E-07,7.11E-07,9.37E-08,1.42745533,-6.254638566,-14.74196909,-9.69828812,4.242749305,-25.13479822,-0.004424868,-22.16843707,12.10072774,1.30E-05,-0.001568583,12.77768362,-0.160244124,126.7171778,37.48376835,21428,2
167.9163984,-11.89069575,0.010360568,0.002603249,-295.4485106,-27.63617622,0.017720266,0.039710014,0.006555257,2.558910472,-98.30531293,0.118084655,0.322203543,0.581502675,0.804192461,-0.001167136,-5.31E-07,7.24E-07,1.67E-07,1.198751232,-6.526200149,-14.70507851,-8.611225354,4.737968617,-24.91973677,-0.004280565,-22.2111279,12.0322445,1.22E-05,-0.00155874,11.94172732,-0.172356934,126.7202476,37.48294007,21429,2
167.8532999,-12.10447498,0.009877177,0.002531981,-295.4703772,-27.66361778,0.03246879,0.039357528,0.005974196,1.7178533,-99.34443401,0.117807484,0.319010895,0.651706472,0.800651404,-0.00125346,-5.45E-07,7.05E-07,2.13E-07,1.17510459,-6.246245943,-14.90906181,-7.533170387,5.168859853,-24.70149921,-0.004125768,-22.24180443,11.99220324,1.20E-05,-0.00154336,9.909383151,-0.182353557,126.7227884,37.48324345,21430,2
167.6529751,-12.12991034,0.009136706,0.002444396,-296.8488046,-27.80717115,0.038909014,0.038520402,0.004502754,0.476775407,-100.8658827,0.117074124,0.312581788,0.713460741,0.756546966,-0.001498984,-5.51E-07,6.84E-07,2.54E-07,1.136725436,-6.156222813,-15.62246672,-6.712984875,5.56997815,-24.52072903,-0.003902211,-22.33768173,11.8889176,1.08E-05,-0.001522581,5.1263973,-0.206213919,126.726384,37.48279104,21431,2
168.0699259,-10.6569674,0.010944332,0.002758459,-296.5168228,-27.57940045,-0.018052038,0.041047253,0.007156816,3.620901915,-94.89582902,0.118522157,0.329927034,0.38151824,0.773949693,-0.001346314,-4.33E-07,7.21E-07,1.06E-08,2.286599406,-5.69473667,-15.21590527,-11.39168203,3.63917361,-25.37283846,-0.002866464,-22.12882444,12.20422841,1.23E-05,-0.001586997,11.23798269,-0.164247083,126.7148431,37.4808092,21432,0
168.2251068,-9.184055668,0.010873766,0.002818325,-297.2310542,-27.51701702,-0.053268654,0.041947295,0.011100261,3.864583482,-91.40452394,0.118878717,0.338490343,0.218544473,0.76857191,-0.001745034,-3.06E-07,6.84E-07,-1.87E-07,3.232969917,-3.673981902,-15.81346704,-13.96019635,2.742874899,-25.67566858,0.001317677,-22.04590602,12.36557782,1.34E-05,-0.001669339,11.51736257,-0.153560259,126.7075805,37.48169872,21433,0
168.3084479,-9.039634774,0.011141023,0.002879673,-298.1700076,-27.43840767,-0.049874877,0.04204749,0.011462915,4.144611539,-89.6066105,0.119215615,0.339431695,0.193528599,0.75726247,-0.001771239,-2.03E-07,6.88E-07,-2.24E-07,4.087665631,-2.117213194,-16.31155829,-14.75500353,2.499540392,-25.73508318,0.005020142,-22.00891296,12.43000492,1.28E-05,-0.001730592,10.31572785,-0.157127415,126.7050187,37.47836259,21434,0
168.279626,-9.51712529,0.011271782,0.002869383,-297.5265482,-27.4430387,-0.040850574,0.042040117,0.008458487,4.145923042,-90.83111602,0.119137731,0.337070434,0.244368592,0.756315308,-0.001610511,-2.72E-07,7.06E-07,-1.73E-07,3.741820641,-3.154120128,-16.00538981,-13.92913328,2.814147304,-25.62437613,0.003714875,-22.02380571,12.39348617,1.25E-05,-0.001670833,10.20223674,-0.159884444,126.708508,37.47817386,21435,0
168.2837609,-9.469894095,0.011646245,0.002934354,-299.1553046,-27.43599488,-0.040954886,0.041956415,0.009627392,4.558851895,-89.47745729,0.119268601,0.33589569,0.233592452,0.745424734,-0.001599699,-1.51E-07,7.11E-07,-2.25E-07,4.250910914,-2.247061594,-16.49544277,-14.73441373,2.489311072,-25.76456538,0.006281544,-22.02329213,12.41347549,1.12E-05,-0.001703374,9.238155309,-0.168638755,126.7072142,37.47468659,21436,0
168.313049,-8.781041165,0.011789931,0.002981289,-300.7802974,-27.42551925,-0.048929282,0.04213574,0.012836279,4.974333373,-87.38638798,0.119399692,0.337137743,0.172927794,0.736696068,-0.001782592,2.84E-08,6.68E-07,-2.92E-07,4.817714502,-0.514435566,-17.0350722,-16.08084151,2.027830971,-25.9472701,0.008224201,-22.00923507,12.46148922,1.05E-05,-0.001764038,8.505464799,-0.174473589,126.7039717,37.47318102,21437,0
168.2665081,-9.393146322,0.011987294,0.002990562,-301.0416426,-27.45094239,-0.042652821,0.041881298,0.012072635,4.967452283,-88.47103369,0.119318106,0.334734592,0.212189962,0.731881187,-0.001682975,-1.92E-09,6.89E-07,-2.83E-07,4.608436722,-1.158612628,-16.99558999,-15.67145387,2.180877376,-25.91306623,0.008272332,-22.03223113,12.4258562,9.63E-06,-0.001723238,8.089473966,-0.181809329,126.7064376,37.47198264,21438,0
168.2892347,-9.070461367,0.012229931,0.003035908,-302.6889904,-27.43657762,-0.04153129,0.04198834,0.018422513,5.271904426,-87.21623136,0.119413006,0.335547691,0.174547622,0.717891342,-0.001924517,1.43E-07,6.31E-07,-3.28E-07,5.08413915,0.830272272,-17.56449589,-16.43999271,1.922160567,-26.01562459,0.00910729,-22.02209794,12.46665641,8.73E-06,-0.001757144,7.02219236,-0.195527636,126.7048396,37.46976562,21439,0
168.1793156,-8.795530888,0.010592256,0.00279047,-297.4743708,-27.58222632,-0.064611018,0.041811577,0.015568104,3.638905223,-91.22777524,0.118677717,0.33966408,0.200919697,0.777938414,-0.001889127,-2.93E-07,6.63E-07,-2.20E-07,2.996731837,-3.668703682,-15.86137635,-14.2634201,2.551105015,-25.76498875,-2.28E-07,-22.06477855,12.35323611,1.39E-05,-0.001694919,12.37297821,-0.151012456,126.705788,37.48380876,21440,0
168.2822222,-8.579554202,0.010807657,0.002855162,-298.4921577,-27.48574345,-0.062858291,0.041951657,0.016999204,3.884319561,-89.11240557,0.119069838,0.341094948,0.168411168,0.761529048,-0.001933816,-1.66E-07,6.60E-07,-2.52E-07,4.03370828,-1.667237811,-16.41755785,-15.32996932,2.282143981,-25.82383435,0.004749458,-22.01906271,12.43302252,1.34E-05,-0.001788491,10.93740932,-0.153584504,126.7025051,37.48083151,21441,0
168.3311291,-7.863281082,0.010765063,0.002886713,-299.5844843,-27.45198909,-0.068433952,0.042015629,0.021634407,3.984729529,-86.88728267,0.119230293,0.34258382,0.135325857,0.75648606,-0.002071679,-8.24E-09,6.30E-07,-2.81E-07,4.751991999,0.22862548,-16.8865667,-16.41809049,1.923956005,-25.93765833,0.006590105,-21.99733376,12.48728168,1.33E-05,-0.00191479,10.44788148,-0.154742873,126.6982353,37.47976833,21442,0
168.3794653,-7.482163429,0.011098306,0.002935731,-300.204989,-27.40011274,-0.063397317,0.042411854,0.01858402,4.566345724,-85.23795012,0.119437112,0.341652864,0.135895891,0.747972776,-0.002028234,8.27E-08,6.20E-07,-2.93E-07,5.163705432,0.93199357,-17.09853924,-16.80645623,1.776630756,-25.99425169,0.007845801,-21.97600318,12.52198866,1.25E-05,-0.001901343,9.628425227,-0.160157427,126.6985407,37.47697522,21443,0
168.3323578,-8.415183795,0.011284426,0.002930704,-299.8007312,-27.4259194,-0.056032123,0.042184013,0.013975448,4.560809277,-87.28016045,0.119350035,0.339422338,0.158666561,0.748330281,-0.001865268,-3.17E-08,6.65E-07,-2.74E-07,4.709617085,-0.625504607,-16.83527537,-15.99161131,2.041501253,-25.91742519,0.007299502,-21.99813753,12.4715268,1.20E-05,-0.00179763,9.610857295,-0.162073403,126.7020262,37.47620632,21444,0
168.3641103,-8.084688588,0.011796528,0.002998093,-301.1726519,-27.39070155,-0.051918178,0.042431969,0.015443396,5.147626957,-85.78606772,0.119522112,0.339043019,0.145109059,0.73375535,-0.001915741,1.21E-07,6.27E-07,-3.13E-07,5.221012614,0.863449708,-17.28348198,-16.68483773,1.826283431,-26.0032575,0.00862836,-21.98555585,12.50890247,1.08E-05,-0.001818863,8.262576948,-0.17522588,126.7015309,37.47301139,21445,0
168.3837127,-8.055956024,0.012367091,0.003060981,-302.8504096,-27.36576228,-0.042101133,0.042481705,0.019639952,5.509894804,-85.09945622,0.119624892,0.339200208,0.133875654,0.713362048,-0.002098058,2.16E-07,5.53E-07,-3.43E-07,5.652006159,2.960570365,-17.86381443,-16.97825104,1.746933884,-26.03660018,0.009292683,-21.97893871,12.54149193,9.79E-06,-0.001830489,6.640625916,-0.196955429,126.7017422,37.46945465,21446,0
168.3455876,-7.282794192,0.010598722,0.002878899,-299.6751752,-27.45448365,-0.079313891,0.041885431,0.03032405,3.638671641,-86.74305731,0.119200905,0.345476754,0.119835569,0.761415436,-0.002217319,8.47E-08,5.92E-07,-2.97E-07,4.986684414,1.362206648,-16.9987996,-17.06808465,1.776390697,-25.95652501,0.006231797,-21.99082148,12.51331222,1.40E-05,-0.002123315,10.84600742,-0.15188268,126.694834,37.48204594,21447,0
168.7268138,-2.766164502,0.01201568,0.003051036,-299.1285663,-27.10713601,-0.058437564,0.043918651,0.018106264,5.371240678,-77.07736581,0.120302711,0.352562294,0.092024314,0.735505393,-0.002181684,3.03E-07,4.33E-07,-3.26E-07,7.08881645,6.982108988,-17.66842557,-18.04036159,1.430243072,-25.94615498,0.008897388,-21.82060624,12.76241992,1.69E-05,-0.002472419,8.41966666,-0.159565266,126.6906293,37.47635873,21448,9
168.9827339,-0.053262721,0.013670801,0.003163942,-297.7804994,-26.87651528,-0.038227735,0.044980063,0.016164463,6.215654363,-72.91820147,0.121008012,0.360955457,0.077075398,0.716691419,-0.002002418,2.97E-07,3.13E-07,-3.49E-07,8.20051376,10.76037209,-18.02063664,-17.77443777,1.56375148,-25.76816974,0.009486177,-21.70967449,12.9102456,2.24E-05,-0.002786188,6.566523368,-0.170718391,126.6881673,37.47328904,21449,9
168.6453324,-4.520279163,0.012119978,0.003053093,-299.9315489,-27.16477537,-0.052399638,0.043811467,0.019467462,5.577205832,-79.39062618,0.120160292,0.348245912,0.106902262,0.730008757,-0.002121072,2.71E-07,4.61E-07,-3.31E-07,6.658287583,5.626561869,-17.65991084,-17.66216375,1.539331753,-25.96888602,0.009111273,-21.85832735,12.70843392,1.50E-05,-0.002148841,7.878492776,-0.169767766,126.6940311,37.47406258,21450,9
168.4991774,-6.263894895,0.011618077,0.003002173,-300.4941251,-27.29117128,-0.057670986,0.043112701,0.018765996,5.187833006,-82.40694878,0.11979292,0.343941809,0.121918785,0.73713076,-0.00208327,2.15E-07,5.50E-07,-3.18E-07,5.924788676,3.190738675,-17.43990347,-17.37724287,1.60662258,-26.014726,0.008747576,-21.92316782,12.60994993,1.29E-05,-0.001985387,8.560089524,-0.167248258,126.6966414,37.47478752,21451,0
168.4602591,-7.047974358,0.012105644,0.003040284,-301.4980442,-27.31093275,-0.049151553,0.04294919,0.018241931,5.490566457,-83.50523608,0.119767209,0.341925588,0.123702832,0.724953353,-0.002055472,2.19E-07,5.47E-07,-3.34E-07,5.848225875,3.126560435,-17.62955752,-17.20161487,1.672270223,-26.01979901,0.009079814,-21.94278279,12.58565137,1.15E-05,-0.001899567,7.495445695,-0.181286058,126.699041,37.47188576,21452,0
168.554491,-6.123217022,0.012576027,0.003084845,-301.6564898,-27.22894296,-0.042424367,0.043373473,0.020075797,5.777783676,-81.70133485,0.120005173,0.344918581,0.110557463,0.714357411,-0.00214544,2.54E-07,4.54E-07,-3.46E-07,6.392722219,5.30410514,-17.94095696,-17.36471803,1.639527135,-25.98777424,0.009385652,-21.90178399,12.65445775,1.28E-05,-0.001978243,6.616880361,-0.190102665,126.6975061,37.47039124,21453,9
168.6533029,-5.061880897,0.013006976,0.003119372,-301.4388255,-27.1447995,-0.036298975,0.04376589,0.021634039,5.963876299,-79.92333898,0.120243179,0.348399603,0.101022459,0.706939501,-0.002179681,2.62E-07,3.60E-07,-3.50E-07,6.887389669,7.263565141,-18.16383709,-17.38748583,1.650029308,-25.93337138,0.009572535,-21.85868094,12.72055111,1.48E-05,-0.002083574,6.00973908,-0.195778718,126.6959389,37.4694429,21454,9
168.8145443,-2.724027702,0.013256044,0.003137143,-299.5826235,-27.01268671,-0.037061851,0.044504492,0.021146801,6.130948713,-76.57308664,0.120612837,0.353784101,0.091841489,0.712165368,-0.002096707,2.75E-07,3.17E-07,-3.49E-07,7.489159285,8.813447289,-18.05645138,-17.54740635,1.615827718,-25.85716815,0.009575487,-21.785745,12.81600772,1.84E-05,-0.002337736,6.307817152,-0.183952206,126.6923716,37.47120765,21455,9
167.5838619,-11.63052122,0.009831073,0.00260178,-299.8580445,-27.90465347,0.011761671,0.038536621,0.00566219,1.30905522,-98.35770097,0.11705068,0.309659114,0.556414221,0.731884895,-0.001411868,-4.81E-07,7.40E-07,2.47E-07,1.754280952,-6.425928243,-16.33266432,-9.105979889,4.717087458,-24.97827578,-0.002964703,-22.37025174,11.91434077,8.41E-06,-0.001550965,6.719619747,-0.21488525,126.7236867,37.47607396,21456,2
167.047065,-11.28618814,0.005615631,0.002121682,-302.7653544,-28.2758727,0.02983872,0.042495167,-0.003961069,-1.280126929,-100.2153052,0.114496941,0.29560503,1.124457116,0.656786916,-0.002993917,-4.89E-07,6.64E-07,3.00E-07,2.846729613,-3.72398958,-18.91328737,-4.166018688,6.983252195,-23.84306167,-0.001022345,-22.65786387,11.73896394,2.57E-07,-0.001093495,-6.731223138,-0.357685146,126.7493773,37.47854565,21457,10
167.4875418,-12.03652194,0.008191396,0.002344015,-298.044876,-27.9252173,0.045134252,0.038530254,-0.000759231,-0.613791213,-102.5671087,0.116357161,0.309767233,0.851873009,0.707634521,-0.001925803,-5.54E-07,6.43E-07,2.73E-07,1.297058488,-5.77875547,-16.38503937,-5.830035107,5.97859083,-24.30912364,-0.00370444,-22.41868204,11.81728915,9.69E-06,-0.001374083,0.654245291,-0.236904885,126.7311539,37.48310476,21458,7
166.9603663,-11.39068451,0.006715383,0.002217246,-303.7647437,-28.35682489,0.029773029,0.040672958,-0.002444832,-1.048015264,-100.564234,0.114612685,0.288056785,1.041702413,0.670486721,-0.00259467,-5.10E-07,7.52E-07,2.99E-07,2.290353624,-6.033122552,-18.71790979,-4.759351768,6.924624279,-23.94649501,-0.00097809,-22.69846407,11.66908029,3.33E-08,-0.001500936,-6.517527632,-0.339484286,126.7429142,37.474121,21459,10
