intercept,단독주택 비율,주거인구/직장인구,소매업매출월평균변화량,개별공시지가 변화 차분평균,평균최근접정류장거리,평균최근접역거리,외식업매출월평균변화량,서비스업매출월평균변화량,서비스업매출비율,BAS_AR,아파트 가구수,공동주택 비율,x,y,BAS_ID
105.5737064169951,0.8576525331192022,0.7383917042876053,-8.57573077499059e-08,-0.00012871893048230055,-95.48497417489588,9.408780756482813,-2.8083771679538e-06,-2.039234741322257e-06,31.030038721114565,53.21574267708259,-0.004796705030029675,0.17426978531581144,126.68913490770505,37.51870773736182,21300
105.07691062346203,0.6529642991639935,0.5364570034644177,-1.0982727691358249e-07,-0.00012288308118793537,-99.31622617925497,9.283224378929386,-3.1066521707456077e-06,-1.4807593756948552e-06,33.05513460691968,46.96988050585654,-0.003645226539170831,0.15735337839580357,126.69545880461988,37.52241686372307,21301
104.61246030218891,0.6273609024701257,0.18817618575250214,-7.743027989790183e-08,-0.00010220185297568579,-102.5317621425792,8.951726373317397,-2.706663175917787e-06,-1.3130131583949438e-06,29.508872035109043,40.4853918240331,-0.0028409252652014058,0.13599888972235152,126.70134171772969,37.52233877708572,21302
104.41710979435196,0.8156384470045828,0.29883242431585877,8.103592177527392e-12,-9.459515709490615e-05,-101.60131730293982,8.861663637140136,-2.0845821999617884e-06,-1.4259469307936076e-06,28.256258258788957,40.813674200881145,-0.004121213868552695,0.13743082426126305,126.69872979436714,37.51898140944887,21303
104.25808676761801,0.7477872293152604,0.1100328789730402,-4.656334268909435e-09,-7.64107564311034e-05,-104.0501645476489,8.573189048457682,-1.7956650531430609e-06,-1.2055385739857928e-06,24.91341543848759,37.28685171874546,-0.003164226762655256,0.12240153935219952,126.70341884326405,37.519318995056054,21304
103.81048373814076,0.9653184128071374,0.1484799127374934,8.374350889095526e-08,-6.357530541619766e-05,-105.30077639675247,8.282224966674951,-1.1727333616185202e-06,-1.175593146148699e-06,23.440361518074678,35.61211655970568,-0.004064854266074442,0.11823822824784669,126.70300423971963,37.515329100586754,21305
104.04940447580623,1.0025236258289205,0.3710736856428014,7.124717640418266e-08,-8.553875563059556e-05,-101.41670662023162,8.532115230132913,-1.5251069689310102e-06,-1.4945515111768916e-06,26.432421818357394,40.23570607874877,-0.0048304491714160035,0.1322632708998986,126.69720548857926,37.51567898613793,21306
104.03577721797033,1.1461057412686804,0.6076068052250769,1.287033284689857e-07,-9.176870097659455e-05,-98.41123520508106,8.362189296240338,-1.3643970779046362e-06,-1.9477018293969736e-06,25.575321530421498,43.25684231098191,-0.005639843544294039,0.13933508603698155,126.69309964043227,37.512529261238306,21307
103.66678711093367,1.2376256837908919,0.5801084914208071,2.1690995173085887e-07,-7.514100028399272e-05,-98.52533683393614,7.945496634212756,-9.95994189149067e-07,-1.9088938696046644e-06,22.92342080681403,40.766845104849125,-0.005882268827124296,0.13396961453352768,126.69463592515947,37.50972402615308,21308
103.18510562143295,1.1510349036849217,0.2918997769860219,2.0718579189154005e-07,-5.2376966524724426e-05,-107.50279564945191,7.861289441606955,-7.635609247058886e-07,-1.225030105467114e-06,22.579185593515803,32.57545934974087,-0.004964686577579035,0.11364835607148716,126.70257157044347,37.51088024429188,21309
104.26791438827274,0.608300736847631,0.039064923359157816,-6.782508776838259e-08,-7.135661884743387e-05,-106.01277905454563,8.130634128333769,-1.979096796355245e-06,-1.1700340594871526e-06,22.11736273540398,34.60331098128766,-0.0015545581365049414,0.10379257865392204,126.70802741158735,37.5214043470635,21310
104.11960315562926,0.7219918557181627,0.0554208795995086,2.5244022753704433e-09,-6.158440959859465e-05,-105.72777960807547,8.186791742508376,-1.4060299638916088e-06,-1.1275214084936831e-06,21.515355703545303,34.950822057094854,-0.002664281629371876,0.10787388094125554,126.70645139187884,37.51875080500249,21311
103.73146397719403,0.8199299966918219,0.08037410758818864,8.243700691486259e-08,-5.17985728454829e-05,-108.11420717710872,8.114078916224383,-1.0591483912222e-06,-1.0675943745519113e-06,21.577084043094217,32.35389802685789,-0.0034252508435024635,0.10828543069375544,126.70691946411556,37.51509833713639,21312
102.99708002732382,1.1777488903948585,0.18270586251499898,2.3148208825403496e-07,-3.7101044333535076e-05,-112.29665119095485,7.774342910553678,-6.314043616331808e-07,-1.0056113807335106e-06,21.545796696699178,27.426743202997542,-0.004492980724985821,0.10402372737195059,126.70652058482338,37.51059783447811,21313
104.05110861883794,0.5919682987769478,0.005672608414071457,-6.300759434633402e-08,-4.828741740136863e-05,-108.80713426935351,6.833794895203806,-1.345714592063467e-06,-1.1289591014111617e-06,15.006887109931704,30.090491794559565,-0.0009009232230593046,0.07320806995179147,126.71319259164342,37.52037539808062,21314
103.93771586788483,0.2079963566708554,-0.009718451446970585,-8.94364413119978e-08,-3.200978061019688e-05,-111.37826343650309,4.5051342911029035,-1.1380480930976877e-06,-1.1389484100677174e-06,7.963937286207286,24.693844278271357,1.6964317636458323e-05,0.04289065880512692,126.71891876142693,37.52020716759903,21315
103.91641535464282,-0.05057189105088006,-0.016037657897408145,-1.3241222127872942e-07,-1.89179806850045e-05,-112.9176191380262,0.5391084611722863,-1.0556188941559668e-06,-1.171240792259254e-06,-0.37638385804643804,20.21003528453316,0.0006681002038794154,0.017420220331429828,126.72512332161521,37.52075627781089,21316
104.00961622415616,-0.11089842933557847,-0.017224912450241395,-1.4018291449992217e-07,-9.550890909963072e-06,-112.6950062166462,-3.439780270775699,-1.0276961343107413e-06,-1.211532585448026e-06,-7.889100405138895,18.24447118690637,0.0006354241678502618,0.003589082013574038,126.73053373535897,37.52055707999099,21317
104.14546941836268,-0.06124829145315966,-0.017335313547133937,-1.525058992307478e-07,-5.29072361812951e-06,-111.78493710013548,-7.292040710963725,-1.175846922513858e-06,-1.2923441021236084e-06,-16.53910335308434,17.748780271520857,0.0006414561701116963,-0.007288265977028169,126.7361576234256,37.52074545539758,21318
104.17555553856833,-0.03279503076374926,-0.018575713308245208,-1.5902370710908527e-07,-4.805241792405536e-06,-112.71105764559988,-10.826997562712284,-1.745590830094859e-06,-1.4119890443567718e-06,-29.249145133573457,17.02397436083886,0.0003335035298237417,-0.022461427431808727,126.74321514378205,37.5219067233361,21319
103.71886306999828,-0.01694697295201583,-0.020259406955362488,-9.210079839511627e-08,-9.978557346773342e-06,-117.33840214290414,-12.559815513621317,-1.8642316943148795e-06,-1.4053850601864099e-06,-37.32326597524799,12.666038458249439,-0.0003096852760883029,-0.04053553798511637,126.7488155826459,37.520512435412016,21320
103.97859256677017,-0.03195623911414536,-0.018082878131261474,-9.704813462172093e-08,-5.766299089045722e-06,-112.43712503721223,-10.372474830322602,-1.1834107103770417e-06,-1.329312210230669e-06,-26.77046555530638,16.29565149321622,0.0001104176734195233,-0.02443730443409367,126.74324183744143,37.51850596365194,21321
103.9894366097934,-0.16384223430943395,-0.01685049874617489,-8.60715794001374e-08,-3.7801969797803723e-06,-112.29236765676463,-6.418435215738466,-7.683396225847874e-07,-1.1925536406582363e-06,-13.954457810990526,16.991080943511452,0.0003920754705468818,-0.004880963401652075,126.73380894864344,37.51608671250486,21323
103.95425201982354,-0.1043784395032562,-0.017039980071602574,-6.175710911332868e-08,-4.1048274591035335e-06,-112.03693225423714,-8.304957259035188,-7.632259858580957e-07,-1.2211261650617229e-06,-18.77000987528274,16.58239342567924,9.589046379251476e-05,-0.014033380441082072,126.73735307054208,37.51538694098997,21324
103.84903343627035,-0.05075947714466722,-0.01788933795660571,-3.885279230891037e-08,-4.725635363281904e-06,-112.56172142180972,-9.60345420356612,-7.369015946518609e-07,-1.2322517766293997e-06,-22.1359942811613,15.586466462894572,-0.00013946842107878752,-0.025066657726136782,126.74211095416764,37.515279842530006,21325
103.5714279148686,-0.0141350793497363,-0.019905875814348103,-6.044282878765675e-09,-8.91646606933689e-06,-115.06478692833659,-11.906101145057772,-1.1469835948195342e-06,-1.3294390859143248e-06,-32.43265884145893,12.302149437541745,-0.0006339938549418055,-0.043195894927141175,126.7485031464966,37.51560938874926,21326
104.00702790895039,-0.18754847556287094,-0.016357521282247742,-4.265862782529507e-08,-2.571001177758695e-06,-110.97141406920652,-6.525508721742827,-6.012368838361485e-07,-1.1481513795764294e-06,-14.23198191845979,16.811691113797778,0.00018809438388700853,-0.00547617238436849,126.73357519465186,37.5129551650066,21328
103.9817044007028,-0.23867174226418325,-0.015950840077276148,-8.825123264153853e-08,-8.154197510790343e-06,-112.27908979067391,0.8091077636924626,-8.030614662320952e-07,-1.1165487020125472e-06,-0.16973056067850845,19.403726205763803,0.0005509345759981973,0.021837442366762924,126.7248954590203,37.516428945139154,21329
104.01205290268646,-0.21499131149923104,-0.01698396791885938,-7.917556138244407e-08,-4.215733223058024e-06,-112.17907485231316,-3.0297938843682175,-7.72421568517961e-07,-1.1512678974221038e-06,-7.146571352496118,17.85266956635156,0.0004986305632854295,0.00803515125389907,126.72914095377996,37.51599952583299,21330
104.10980570979356,-0.23856908619554226,-0.016355587169589063,-3.2279408888106175e-08,-1.6796186760618236e-06,-110.70475186116863,-3.0246697680352668,-6.266081405547777e-07,-1.1157194337084963e-06,-7.684190029865253,17.79066091061483,0.00036562069459631697,0.011176918374049525,126.72896966340448,37.513023161354845,21331
104.07408424704553,-0.2742385396890909,-0.015081031131997689,-5.516555095512e-09,-2.077989694886971e-06,-111.882918365462,1.4300317552063704,-6.246955430791716e-07,-1.0656457918647448e-06,0.37265335882172224,18.90408154207191,0.00029702706808408226,0.029331166872722223,126.72456153357894,37.51284888767801,21332
104.0047009704882,-0.29419089808443494,-0.014157365953286895,-2.361714028983969e-08,-5.95732222784271e-06,-112.20278411653112,2.9046080428290093,-7.1321658268186e-07,-1.0714253645375167e-06,3.5594275915796274,20.013913129581784,0.00020472718640455263,0.03458212093966548,126.72272411487454,37.514294919956676,21333
103.51422384234684,-0.2880728890153635,0.007542447553032568,1.3284229044878528e-07,-1.4841034843989638e-05,-115.38104207843854,6.957120964446607,-6.432594350507476e-07,-9.649966241505748e-07,14.882385633489957,22.40773135808143,-0.0022007735440655665,0.0741457148160681,126.71522085131534,37.512349271270885,21334
103.9509156906434,-0.2787936395586204,-0.012813925826506634,1.0091458165283634e-07,-1.8367296110582162e-07,-114.88905102273276,2.9201539885599077,-4.788772852362774e-07,-1.0077841108979103e-06,2.9388226517623552,17.791048019142455,-0.0004214023508503119,0.04087482962350779,126.72312378787706,37.51022634485727,21335
104.2454621532531,-0.23885726943206767,-0.014854247838504545,1.9864584038663798e-08,-1.7050213188065475e-07,-108.89121606992488,-2.1797280297030444,-4.901774146981209e-07,-1.0718946415605529e-06,-6.994969575985463,17.915580526902048,1.0873580989736683e-05,0.016644082601522527,126.72851926211857,37.51048241928701,21336
104.3685191114147,-0.21870109576869293,-0.013358711602287677,8.651138034146455e-08,5.424978361624936e-07,-106.8995750225804,-1.768843608927329,-3.820219352783415e-07,-1.0397925613861702e-06,-6.957463924565886,18.080086997093083,-0.00011448300210853467,0.017701505417321056,126.72887410436182,37.50824363218556,21337
103.87429141056413,-0.23682472388347287,-0.011849253894810473,1.9819996782578015e-07,8.826602757237185e-07,-117.41214213209932,2.4310102369717126,-3.680059483156726e-07,-9.785604894981612e-07,1.9968548437311098,15.814418831913105,-0.0009923285664612056,0.04349117666186575,126.72367451730786,37.508087894345195,21338
104.12121084548244,-0.15331668041599017,-0.015622308797737398,2.1471135434915056e-08,-1.7221693532863203e-06,-107.40353285421001,-6.546223018940033,-4.561711967997006e-07,-1.1093292290283063e-06,-14.601741635157278,17.11301614029629,-6.89298701716059e-05,-0.008853320261438952,126.73433203369085,37.50968150840593,21340
103.91757996588504,-0.08036177297465055,-0.01756353373277773,2.705397309888994e-08,-3.204929304526463e-06,-109.47218689657069,-8.613006359413692,-4.95206366719457e-07,-1.156845952059733e-06,-18.422241116446077,15.613132949964747,-0.0003577881839608658,-0.023704795027202546,126.73883225082633,37.51030879926104,21341
103.78756919190738,-0.036577002123965724,-0.018802414724552925,2.0401390622710893e-08,-4.7117715915014235e-06,-111.32507531594374,-9.868970695511077,-6.026169831168903e-07,-1.213493481479431e-06,-22.383721409194465,14.692874254212015,-0.0005309805655710621,-0.03175526379971279,126.74248463225899,37.51182400323176,21342
104.05652626191336,0.002570511501804762,-0.017620365420180202,1.020409214881569e-07,-2.5780794062771568e-06,-105.12014375707646,-8.251409974248952,-4.0711222613942096e-07,-1.1412925943811113e-06,-17.13196783099631,15.625402745176473,-0.0007206652824261091,-0.028098411628484008,126.73938905241498,37.50756648853063,21343
104.22560413357019,-0.1239286113487661,-0.014708745877648154,7.247600861018882e-08,-7.136197863580627e-07,-105.34502359882124,-5.661801837739411,-3.688874563146003e-07,-1.0650837119120246e-06,-12.169303391288276,16.990940894850773,-9.621836648341731e-05,-0.008145623924093747,126.7338759401278,37.50772954620715,21344
104.31467046368707,0.1315151682725056,-0.016238209944629836,1.8342815494389005e-07,-1.2820837795441989e-06,-100.20566783807686,-6.944324352367142,-3.269850491557956e-07,-1.1068956133859847e-06,-13.219491140270243,16.125045723298285,-0.0010058649813824397,-0.025631505907614698,126.73829942679801,37.50524247607829,21345
104.28135401279113,0.28065592077951196,-0.017407246361621772,1.6898055712226574e-07,-1.947941375519046e-06,-99.41016559198417,-8.08461728598951,-3.44784887145107e-07,-1.1516205183224682e-06,-14.932103141442598,14.47526846318214,-0.0013153675543578192,-0.034992900580345876,126.74136015694967,37.50501277134439,21346
104.73459998423121,0.8521599310511687,-0.014625272997400275,2.0622795668340663e-07,-6.05195616997349e-07,-90.59500736138939,-7.021208838495203,-2.813683360710798e-07,-1.1625139187642465e-06,-10.154408973873851,13.852762589073713,-0.0020653543021301626,-0.036014461271426906,126.74164138803316,37.50199786241285,21347
104.64352588332999,0.4396344886906534,-0.014507146622859922,2.851263704413187e-07,-4.31802702313329e-07,-93.00393539315561,-5.492370486014233,-2.67018761977326e-07,-1.103792407597062e-06,-9.342065409946553,16.475850408362934,-0.00187272391805735,-0.027731407687038273,126.73801933246972,37.502251746191796,21348
105.06765631263494,0.9258306047073361,-0.009867558356293804,3.253546353754551e-07,7.809099211691761e-07,-85.42802828826692,-4.545032730030707,-2.2705151546280422e-07,-1.1324261307162156e-06,-4.170917976397575,14.902708538354556,-0.003502020990854433,-0.03173811227787183,126.73773032874193,37.49913638917341,21349
105.21139192372593,0.953084395872303,-0.008927689285335017,1.8957160106393747e-07,7.273500411505783e-07,-81.70572692536717,-5.985839476790001,-2.393685059679884e-07,-1.1894166062955979e-06,-5.285605356384959,12.384308286494354,-0.003183667840417906,-0.03743945871212634,126.74125844589769,37.49897505789148,21350
104.38622812093148,-0.04335495951873089,-0.014100562022833715,1.8397140574482967e-07,-2.317772015625864e-07,-101.51924696226811,-4.616723753374991,-3.080376352026172e-07,-1.0453027498985267e-06,-10.454141824108993,17.917115896935517,-0.0005074294487177992,-0.009196081037309622,126.73384158447207,37.50545989278808,21351
104.50180191660701,0.17145590827419838,-0.013674145601548181,3.687841301873166e-07,2.0238222951594955e-07,-98.55778048855595,-3.343137917237212,-2.500582035107212e-07,-1.0255887346804914e-06,-6.857186822032228,17.739926626944012,-0.00179333139585863,-0.013822332600255359,126.73355031757578,37.50247742264862,21352
104.68078700116615,0.7409899968315106,-0.013065795192833633,5.1756370149198e-07,7.861230777206668e-07,-94.97748526438264,-3.0819245645981908,-2.2013274102858666e-07,-1.0399926764642396e-06,-2.5857488178907335,15.21868993131769,-0.0036552020111394906,-0.023994357263313247,126.7332555918207,37.49941078769118,21353
103.60120453801873,-0.21178100418045268,-0.010963486195721538,3.25574837804231e-07,1.231598669053648e-06,-121.62691043066955,1.8361334413385788,-2.692001495976858e-07,-9.399873963590559e-07,2.638381101853046,13.211021801271547,-0.0018513847034439688,0.04163254278852972,126.72335723816101,37.506101199065874,21354
104.33263123766298,-0.18619836489787636,-0.011892268852666575,2.1533582134828063e-07,1.2646208953768126e-06,-107.66420595730395,-0.9448728473336332,-2.871001803349782e-07,-9.908725238394068e-07,-4.5491938931403215,16.791034615599333,-0.0005952338313395195,0.01688922233565737,126.72839182561799,37.505781506408944,21355
104.21733125594719,-0.08601714868880937,-0.013311079800360077,4.3685462281763496e-07,1.308598901300394e-06,-109.38559302893711,-0.5280770431655921,-2.309376423990642e-07,-9.52795162970818e-07,-1.856637827237269,16.09421587238794,-0.0020975585037546563,0.010546406918482661,126.72816675135655,37.50283688323916,21356
103.55803566139049,-0.16167349802691322,-0.012283323693958185,4.911830860407769e-07,1.6241549338336443e-06,-121.43251110651124,0.5242098979037775,-2.113508767248626e-07,-9.136734489836477e-07,2.665241251487542,11.226001135835997,-0.0028745257243787316,0.030218209530594353,126.72400061951048,37.5035218880192,21357
103.18582998263247,-0.13918234695479922,-0.014476306883647688,5.875462207772053e-07,1.3949594865048248e-06,-125.64906023501248,-0.09999856503001503,-1.935235905022725e-07,-8.888909689586663e-07,4.012534596111771,8.923021427664313,-0.0036137615076483956,0.027287118019837527,126.72294689379429,37.50268173515215,21358
103.55028780802951,0.0669744556046674,-0.021209159541591888,7.413827236058643e-07,1.8121515579106956e-06,-118.65693075660168,-1.12101012518882,-1.954789993216258e-07,-8.761406453671002e-07,4.774751404653087,8.859323835857904,-0.004529022071421143,0.013229015988318549,126.72364014682157,37.50006989086598,21359
104.2481433764323,0.21418061999962257,-0.016619850550415583,6.387978190922141e-07,1.6169579292479317e-06,-107.26047770900385,-1.386995389103611,-2.1568684363944516e-07,-9.405559564229046e-07,1.2760974153868703,13.269930982249226,-0.0038846741152671104,-0.004552923624099137,126.72789212345697,37.49975562666252,21360
102.35476412834058,1.4735058840075217,0.2778678723614936,4.0433600106224986e-07,-2.2721169291129006e-05,-114.73641789930835,7.129726448270986,-3.605233251740519e-07,-1.0614428736170564e-06,19.277384925490402,22.992553765559997,-0.005218492819825051,0.09319988227210857,126.70625897179377,37.50751514282017,21361
101.93898492592956,1.5079548750706258,0.3606108135014233,5.676279855797371e-07,-1.4149293713207076e-05,-114.66550782657578,6.513740796109154,-2.528159338294954e-07,-1.160023193106822e-06,16.949586590499166,19.823997861555377,-0.005719772679041954,0.08566085242590823,126.70603903400313,37.505428800513634,21362
101.24875703890154,0.6358884243088267,0.09713955046496647,5.944719840839778e-07,-6.3650603233960764e-06,-133.82907277033576,5.285757116728456,-2.0590314970242356e-07,-8.359452926906348e-07,14.432069107105917,11.70326328228447,-0.005086000500776094,0.05166938560207843,126.71172592855608,37.505935087045756,21363
101.53504621533155,-0.2608470511879995,-0.001957683689940072,5.4425878169881e-07,-2.465083763841584e-06,-143.9451940286163,2.6392392893626515,-2.175615596641175e-07,-8.055395012795337e-07,9.284243970615265,7.959395412187254,-0.0040623532318008375,0.03940467884119228,126.7172762651082,37.505896698687394,21364
101.28260494460966,-0.19948161367552214,-0.01602677287378137,6.583078892731811e-07,-1.2806709250023697e-06,-149.0649988119029,-0.20406204933822636,-1.6451866348400433e-07,-7.803796947682558e-07,7.366320390364536,4.275075031761364,-0.004537204831814695,0.027611919907844465,126.71852583137303,37.50397113772221,21365
102.45156023962102,-0.20768605014529565,-0.011458462088233382,5.256502505322847e-07,2.3851860078623806e-07,-136.06159893808228,0.7680470895717033,-2.0053639914170428e-07,-8.558478544354771e-07,5.814267246518097,7.929837437551921,-0.0034968475852517073,0.0387452304548195,126.72078037435098,37.50460855291769,21366
103.44711580019874,1.293686955728499,0.5892452895928378,3.0305641665713275e-07,-6.137545960849302e-05,-98.3128070489891,7.661752551149844,-7.770487748438064e-07,-1.9226807868008097e-06,20.996265227673025,38.556888798081225,-0.006090341218296887,0.1319513488679061,126.69610854079217,37.50761086235353,21367
104.20572524041933,1.4558636563728116,0.6734468862461241,3.594372972693836e-07,-6.135801914494917e-05,-88.77348524536154,7.835887879277431,-8.883249538725556e-07,-2.3731113392078716e-06,19.00089271834153,43.922898847886906,-0.006599087734881236,0.15204381291450006,126.6927399380419,37.505830653325894,21368
102.69089218331055,1.3730022957698262,0.49125503638393697,4.1246048039532507e-07,-3.502672699475325e-05,-105.92655369167122,7.214101111963479,-4.5670857371758935e-07,-1.4718149948200776e-06,19.496026553485695,29.425292428626978,-0.00584228701088528,0.11166978858713557,126.70152751391542,37.50659199812723,21369
102.673723630354,1.2250051689379584,0.5882152559596181,6.850183432639644e-07,-1.2739600021911268e-05,-96.28782829388264,6.498582191807804,-2.9155055359859785e-07,-1.7082023974672076e-06,14.749755614932809,26.11192023566389,-0.006581146574216722,0.11302937829238631,126.70162443649025,37.502897928765144,21370
104.22831945182118,1.3922734991447214,0.7051218260876104,5.559789090945729e-07,-3.1943081337094424e-05,-81.67127271898457,7.458662964661077,-6.278046003326889e-07,-2.4718276299344306e-06,15.162155317011731,41.13715872315212,-0.00700334275720953,0.1536036524510082,126.69520502609744,37.50286720183397,21371
107.07319453005297,0.2096562286602306,0.4291366751989833,7.729331739373247e-07,2.7936452237270877e-05,-0.1199196471822841,2.430840009416756,-9.003682679325087e-07,-2.1302123675067836e-06,-6.265399928381147,45.75854271309176,-0.011921759800736011,0.13246538549737413,126.70027029496818,37.488367611917496,21374
101.86657316375693,0.6470934644406573,0.48161661564401337,8.896097569914987e-07,-2.3659111811087432e-06,-99.2583413148524,4.911281395781928,-1.6449567545271423e-07,-1.4296482616582288e-06,10.939979692188068,16.40074188286741,-0.0067947605393060976,0.08109688149149766,126.7055160291966,37.50116515207217,21376
99.63182014224031,0.16548637787577572,0.02833019348529109,9.337177792969257e-07,-3.261254529315791e-06,-149.25703693186267,0.272298585548298,-1.1239078356351596e-07,-9.621482214950772e-07,8.565186143417764,1.4093095600111845,-0.006473217898012494,0.007760879669339235,126.71217894136385,37.50126040269885,21377
101.0777262443335,0.08278851727467508,-0.06215987925730415,8.750761109143618e-07,-9.819213773262413e-07,-146.13836187506143,-2.696725147069522,-1.3875232204462974e-07,-8.281117820548107e-07,6.294487466997338,0.5405537458473137,-0.00567424017664323,0.0038509098492702926,126.71819686460479,37.50113120429761,21378
102.53595078638787,-0.017940497047664095,-0.02860914764382759,7.87893491597191e-07,7.997090131501626e-07,-130.46973392670995,-1.8996721541840427,-1.7123027321935333e-07,-8.613514181220683e-07,5.5092189279121335,4.635984301116425,-0.004965427108031311,0.014570250610848157,126.72111409037743,37.50083427122422,21379
103.32254616303501,-0.7120937795158505,0.5168894513150142,1.0858439619972207e-06,5.7062937206241125e-06,-56.37598990617443,2.953067177844628,-1.7050388324487604e-07,-1.6540890231951709e-06,5.257626956774107,21.679909030989233,-0.007875354573043444,0.09262698648244341,126.70516062378178,37.49703809190434,21380
105.28584682059792,-1.0466222509703422,0.47247724389507784,1.1702163725224414e-06,1.320898879011739e-05,-24.559154871619135,1.3481585222197126,-2.1348972380532128e-07,-1.6928652448548975e-06,1.4927481439811316,30.654934711718138,-0.008877323489226856,0.1030196565606467,126.70532290652942,37.49391420914386,21382
106.93570235818915,-0.6748023542995019,0.45435935496951985,1.026745963207311e-06,2.171484366741614e-05,-0.7456691463506999,2.0476556420608563,-4.1080278189854057e-07,-1.8657818808267547e-06,-1.3697115451273092,44.36992781476022,-0.010094953301002425,0.12116256653021273,126.70343711948699,37.491455364876344,21383
107.49160750308062,-0.7014520573618326,0.4515074482006255,1.2814216439065565e-06,2.0736054362880225e-05,-15.989424868342201,-0.8966210821262419,-2.382165476813943e-07,-1.5737638273086434e-06,3.9038323516235227,24.627589616182853,-0.010549078841004197,0.10875079454421327,126.70804895244628,37.48990519005655,21384
107.63100386512338,-0.35132482385704805,0.43044923645559285,1.0021500379907406e-06,2.4966204539134895e-05,-7.4859183434639505,0.6855754223045509,-4.633976354760091e-07,-1.756893270835238e-06,0.6815360611172459,31.90490615999099,-0.01156445612560236,0.12006490462354409,126.70529541862562,37.48856165373939,21385
104.35745280579368,-0.03289226205583656,0.19832599843154386,1.2207205542165489e-06,5.265101457907246e-06,-94.27151828736865,-4.4132776243431415,-1.547729191456856e-07,-9.874080377087621e-07,9.24522255069007,2.9694402161182296,-0.007013025137098252,0.02977048427867697,126.71815353389549,37.495301000194544,21387
104.72762580788273,0.6072903671519234,0.10372606152797673,1.049703483426703e-06,4.745317989564444e-06,-96.59580470578712,-2.6509157496383127,-1.8278529434484671e-07,-9.827118906722512e-07,9.074367366580372,7.320307953199197,-0.0061843392412612485,0.021634425087759784,126.72141188147769,37.49621834155759,21388
107.314920461745,-0.5637960207509634,0.5124740060875252,1.139778680364529e-06,1.0687727461148333e-05,-63.66573900687003,-1.7123342552483445,-1.529723554782572e-07,-1.1068754937500425e-06,13.785727063174319,4.014979110791239,-0.0073493383531367555,0.051263550121139104,126.72114311621687,37.492424428814545,21389
104.44881136822023,0.6104148571703805,0.013321075526508255,8.652675697201122e-07,3.4662537195245104e-06,-103.75621306991559,-1.798900814947772,-1.9926772305074377e-07,-9.409003005568072e-07,7.054571690764015,9.1908161177207,-0.005405411817440187,0.01047964339022446,126.72357971401394,37.49748128892882,21390
105.20437814255529,0.7823410164064479,0.01627427191799441,7.580972667063563e-07,4.2714445729040135e-06,-93.00442210956894,-1.432906442736884,-2.0812397462897565e-07,-1.0085096191047397e-06,6.270272406929159,12.467382812132428,-0.0051520645586188496,-0.0012415878591937879,126.72692259680042,37.496846043488155,21391
105.81243145468099,0.9008337675303221,0.04014896380696727,6.975457601974319e-07,5.143982369506814e-06,-83.14395526158873,-1.6130073415556252,-2.016328510437692e-07,-1.0716965547862412e-06,6.955903658146209,12.62361480698303,-0.005428259019489492,-0.009352404380048335,126.72898380458236,37.49556769359233,21392
105.93729512002014,0.26550467503193415,0.13754907914608017,9.181378638281118e-07,6.780065725379067e-06,-82.52097850048912,-1.4581024582499666,-1.9381453875999863e-07,-1.0553420866711104e-06,10.087093096100507,9.829516870161083,-0.005917790618565585,0.019425114771746792,126.72421092572307,37.49512308307309,21393
107.16876205486858,-0.2614510093363873,0.39606466335024804,9.228819253951186e-07,9.443987903502315e-06,-68.17020655644828,-0.6586106109468108,-1.7591676863438888e-07,-1.097810153646279e-06,12.949424771105729,7.377512774494877,-0.006431768655474601,0.032679158730210406,126.72424638400412,37.4931416557936,21394
107.54245479334703,-0.2574833643879532,0.38235685065390174,7.844445943344619e-07,1.0099650521708398e-05,-62.98627012463664,-0.6752581159456952,-1.7348386425757476e-07,-1.1624244868381372e-06,12.9330899488592,3.2871602805881306,-0.00628140461147764,0.02081730247724592,126.72662171464519,37.49224769081569,21395
106.89629424777743,0.05787772370939803,0.15685350881937543,6.760114520593798e-07,8.41083336447451e-06,-68.8069167524737,-1.6288160325572862,-1.8537607003368623e-07,-1.1711720527867576e-06,10.422653471875929,4.417905058882111,-0.005926684388975233,0.0016092658686691491,126.72875070019806,37.49315576902194,21396
105.59777818244994,1.0241333696364814,0.009232337609481788,4.800491442142148e-07,3.346501260802581e-06,-80.92516129937275,-3.1564393779065543,-2.0044370155474537e-07,-1.1341314559346104e-06,3.276126501066554,12.165946828046298,-0.005333128278362421,-0.029585632337562045,126.7335285600955,37.4958943330368,21397
105.71752404626274,0.6672890406216037,0.0075659823445535426,1.7765690014276798e-07,2.3662745929170693e-06,-73.79923637760328,-5.188089029396977,-2.079601269642614e-07,-1.2253645829827285e-06,0.3863890982851341,8.463401034195119,-0.004823507363974855,-0.04179005987575647,126.73938802007658,37.495544531644576,21398
106.75423687332692,0.24126342260460576,0.11935952615704766,4.398337113619033e-07,7.218615054319985e-06,-68.23082223983977,-2.48005172087968,-1.8310061477790275e-07,-1.2003223923258103e-06,9.017244686876467,4.399921993871233,-0.005909454351553203,-0.016244261872425197,126.73172652454332,37.492965960231075,21399
106.98035673706136,0.060080630734209536,0.1456478247887672,2.596992001528365e-07,7.650671290143086e-06,-63.929768431878145,-3.585206711625138,-1.7685629626710937e-07,-1.2584989879121077e-06,9.315946893354784,-1.6394006033275481,-0.006007371639857588,-0.022670645777840243,126.73385536785966,37.4916385116362,21400
106.73986258350061,0.006552053744763753,0.1134421476084236,1.2229791765256892e-07,6.25193585067367e-06,-63.1247531180108,-5.489027321174605,-1.8204019958059478e-07,-1.307285829407304e-06,7.489346084505957,-4.6632950452185185,-0.005779132236654354,-0.03817910318139779,126.73805315071594,37.491102177440354,21401
106.57244001323784,-0.07361671597428188,0.09284740868924485,6.990646155199463e-08,5.477042708220417e-06,-63.000001791590996,-6.869382239973037,-1.900955551559402e-07,-1.338329269460372e-06,6.079975663558842,-7.7613817329700705,-0.005646905880136156,-0.04533542177029172,126.74135212742111,37.490648494906665,21402
107.76898374096709,-0.10216041170336705,0.37567543520234925,2.3689744183577177e-07,1.0056681235004918e-05,-56.94335021879944,-3.2237912662333827,-1.6213592134004338e-07,-1.2984201638527141e-06,12.33548998843915,-7.649112912783475,-0.006160567017871849,-0.010815141007839035,126.73270623097748,37.48953454642509,21403
108.49188763857086,-0.5902923891210032,0.6383199159663494,9.904792654293124e-07,1.3151901549286507e-05,-52.36803286185455,-0.4911714321476959,-1.4256751119260988e-07,-1.2045939932888372e-06,15.409222401681557,-3.9683978792665124,-0.0075665377919596054,0.05087099444753747,126.72350279514926,37.49037966390614,21404
108.28473799927389,-0.5774522926947612,0.514029290784314,1.513080490439807e-06,2.0749349368312506e-05,-24.088391145575574,-2.4411670517030024,-1.686382506296067e-07,-1.5210369523941165e-06,8.64758571542202,4.503682599294136,-0.011669653381803993,0.1028651101747736,126.71190655939117,37.48827801913773,21405
108.84978796862416,-0.2798896146415217,0.6685011135490599,5.661839393451692e-07,1.3608894867646698e-05,-49.501101282196075,-1.0222002715732414,-1.3770445651576489e-07,-1.2918365000848754e-06,15.565852746803161,-10.56232234923477,-0.007095220348787841,0.030252058657021838,126.72737099803639,37.48833961691259,21406
109.18281341397004,-0.5854567849964667,0.7256158148448366,9.552587195353137e-07,1.5090424063283356e-05,-46.30760629478436,-0.32449423613935346,-1.1951007208875152e-07,-1.2713831422685533e-06,16.394948446268618,-9.971921358152184,-0.008401967490726941,0.0571842934866688,126.72347860560502,37.48862329371838,21407
109.09836653844795,-0.7077943238998093,0.6789241615096977,1.2808711130507525e-06,1.690060737021647e-05,-41.13669780478289,-1.8721082847551773,-1.0486216884526179e-07,-1.3461210930700292e-06,15.263588314020948,-12.610773721676672,-0.010298777580896243,0.07454065676137218,126.71952945056313,37.48791378424038,21408
108.83885141241487,-0.5458181467660801,0.5993907499080781,1.4715132020487273e-06,1.872002555258589e-05,-34.561060589562274,-2.563404709203734,-1.2017600526006148e-07,-1.4455755137811816e-06,13.137440447713201,-10.454531302736825,-0.011710829398764942,0.08886110672035749,126.71629369822541,37.48732526129932,21409
109.0447673436862,-0.3898421087742756,0.5619033858620615,1.385146206579827e-06,2.211930935299054e-05,-29.43094574068518,-1.6671296014374013,-1.8472986979259535e-07,-1.605235809133681e-06,11.808363595247197,-10.267633485285423,-0.014012297312609823,0.10000778602638682,126.7150936484797,37.48495080379566,21410
108.78767539549997,-0.3249490030554954,0.5230577999562651,1.342039814405852e-06,2.3720750547922227e-05,-25.5402117625451,-1.0745816559344261,-2.8167521499202754e-07,-1.6604968155027573e-06,9.631720425645272,-4.486591930343728,-0.01434445034147387,0.10860598956531166,126.71307511862561,37.48456806462932,21411
108.48049116666596,-0.11474130681444361,0.4951053917267928,1.0765112698836194e-06,2.6257280040889223e-05,-23.398044921253497,-0.44586176406404743,-4.5588315561058046e-07,-1.7674546735915346e-06,6.549824512867574,0.1555479641228601,-0.014893746468827077,0.11652792122997019,126.71107141143118,37.48336660569243,21412
108.20418628934718,0.0669552228102187,0.4827447427200646,9.510885759358278e-07,2.6935510003132295e-05,-23.175050189359723,-0.22460321423171847,-5.57401099653523e-07,-1.8070316549535804e-06,4.617682201674,3.15708879223218,-0.015664282898930723,0.1199667986293825,126.70971286325026,37.48297866441356,21413
108.4621761670366,-0.14544840312927876,0.6031491803029261,2.2295422210997414e-07,1.1943734958279109e-05,-51.542556088166336,-2.651090511604903,-1.463616743827611e-07,-1.334364066478575e-06,14.659341925800804,-10.858309527165531,-0.006394839472407302,0.0011765597400267558,126.73181557540234,37.48800429388356,21414
107.62767294349888,-0.1918334197689007,0.3662407785708628,9.226575515777897e-08,9.481434336662239e-06,-56.38076458199694,-5.58142409156917,-1.6432354739313224e-07,-1.3656094752280232e-06,11.751400859821683,-12.85280182521336,-0.005950283166540624,-0.0257514231096206,126.73690993644202,37.48783076844946,21415
107.03693684914163,-0.29945888498937384,0.27572439901970947,1.1502149852533881e-08,7.413694793097115e-06,-57.95538915841928,-8.63776451365138,-1.8608765217625562e-07,-1.45673621911852e-06,9.290964393847839,-17.494090730602863,-0.005577380040892714,-0.04818519962092372,126.74507215985545,37.485964873332115,21416
106.05067193017254,-0.6627170303499061,0.20641915848577846,-7.817876213824709e-08,-1.4496122311046484e-06,-60.90178405231872,-13.427074233796791,-9.872680230381853e-08,-1.875119856048762e-06,10.311022613247543,-27.720458540748453,-0.004667378429116707,-0.08761634329394744,126.75471685962937,37.47834825661552,21417
106.99674640489624,-0.40745706694244466,0.3971682770586322,-3.412041107251718e-08,7.212084366826647e-06,-56.30638189936067,-10.137083332355088,-1.920384915250593e-07,-1.5877106680615962e-06,10.55962202573719,-21.311559106499132,-0.005170207589268484,-0.058077885014207874,126.74898561442397,37.48287241987407,21418
107.48153363610673,-0.30386274028103544,0.39678050230993,1.4016518623661109e-08,9.247590762470614e-06,-55.995054175012754,-8.0750443261038,-1.7220333021923757e-07,-1.4623227745974684e-06,11.562503511887192,-18.49167917476855,-0.005557685720036719,-0.03756788212933954,126.74284871939717,37.4848722982534,21419
108.02685891677274,-0.2883541341110625,0.5516769821639582,2.9236311754808914e-08,1.1144689621043417e-05,-53.23027322982081,-7.0409485842829085,-1.5768981734498323e-07,-1.459499833355041e-06,13.799832138961289,-18.531148054186488,-0.005550032017289933,-0.023741982765213332,126.7394528724412,37.4844016726677,21420
108.42452294181257,-0.28512377652462984,0.636054835069644,4.767739187731524e-08,1.2483747520424164e-05,-51.30672991608568,-6.187392731853991,-1.4735940350592184e-07,-1.4542093153584895e-06,15.056023292206827,-18.572404270448004,-0.005745340385055923,-0.01208343235916319,126.73705790909489,37.484080234448285,21421
107.87511653158897,-0.32093547889564944,0.5467058503883877,-8.423087968320581e-10,1.0912419984808822e-05,-53.561667821599855,-8.253734353986385,-1.627245858381009e-07,-1.5210199812760204e-06,13.743080225926048,-20.532061444665427,-0.00524604995446232,-0.031069187651739785,126.74284618265462,37.48274526216631,21422
108.21615455123947,-0.32272614377196657,0.6226860276392561,-6.628536170718948e-10,1.2359862147238632e-05,-52.14439082879565,-7.9943466566433266,-1.5280985547130783e-07,-1.5371471651193499e-06,15.093260891917724,-21.300258816005414,-0.005053161873348133,-0.02188379312205417,126.74165449694242,37.48161073619528,21423
109.50589700237477,-0.5712868435665845,0.7162893934238144,1.0039311334530402e-06,1.7150409081540442e-05,-41.98165347564351,-1.095645574145426,-1.048486740630507e-07,-1.3833643629239616e-06,16.088224439093533,-16.42435264256908,-0.010332931368937596,0.06537541602994193,126.72237107261779,37.486114291215785,21424
109.41672715818949,-0.25780245013128467,0.7491599178440695,4.995180750638409e-07,1.53807991358912e-05,-45.54153961464727,-1.024308292203429,-1.1763320011721965e-07,-1.351371090570955e-06,16.64833972480733,-14.877190226005979,-0.007784694998833493,0.03960452346094736,126.7269117548157,37.48644460274113,21425
108.75200554037424,-0.19660822510210083,0.665795228408079,1.610537487477645e-07,1.3164917077287665e-05,-49.708576771501185,-3.5152345893018233,-1.3878989857662931e-07,-1.3805400776038214e-06,15.441777643029992,-15.291731144504435,-0.006285996440370109,0.005511127607441449,126.73217724483142,37.48605426770212,21426
108.0913430746765,-0.24136378066160544,0.5426692685135069,7.45634749800991e-08,1.0995090763074581e-05,-53.00203061429036,-5.60057586841334,-1.5496855246920657e-07,-1.4070093424084957e-06,13.72162278459659,-15.482238410314142,-0.005939694363930402,-0.01880867817653155,126.7365898540276,37.48621821910901,21427
109.17711126129979,-0.41614212592054506,0.5864453207043978,1.3345046285831436e-06,2.131470899540726e-05,-34.03982270654768,-1.5526712050198648,-1.7271315930718305e-07,-1.5907020164942962e-06,12.994229028805526,-14.621671847722553,-0.014474140505210148,0.09185917253426036,126.717177750415,37.48376835344411,21428
109.54246669620272,-0.44894618274888165,0.6464447606045451,1.0708723879651187e-06,2.055151512990506e-05,-38.43854982522523,-1.5879533027324964,-1.270449216761457e-07,-1.5646645984154279e-06,14.743461171120163,-18.93878557916055,-0.013380534317003557,0.07838136421611532,126.72024756764228,37.48294006904674,21429
109.781498432991,-0.4086303411129025,0.7096162719059408,8.448931496382016e-07,1.9270167661643287e-05,-40.78772384830078,-1.442606082892298,-1.0244545214505542e-07,-1.5051665893013741e-06,16.019738827429535,-19.835216181194063,-0.011606620864156952,0.06642536571493013,126.72278842554158,37.48324345251364,21430
109.73673198016078,-0.21073596967129285,0.7419189318146695,3.855087277845118e-07,1.7837366797820282e-05,-43.286657402561666,-2.119051411231179,-1.0623870105168352e-07,-1.4756138285719604e-06,16.743842812986642,-19.74037916051584,-0.009117652171652703,0.047912908894833656,126.72638403027585,37.48279103909148,21431
108.78583179444851,-0.09288268287277968,0.5333872994594883,1.05994716053379e-06,2.5743514062830546e-05,-31.193958572501355,-0.6984221328147162,-4.023471911560938e-07,-1.7759508685028431e-06,9.239440597549583,-10.12597452587664,-0.016949724807069834,0.10495123125188098,126.7148430739005,37.48080919841136,21432
107.78692147772374,0.36747776683424455,0.47202628228009963,7.71410107254632e-07,2.8836388893009527e-05,-23.89925626971521,-0.012337763253773115,-7.649767291200426e-07,-1.926228312645103e-06,1.068834962575564,6.039001757869915,-0.016680377946564733,0.12591634143856997,126.70758047376522,37.48169871570618,21433
107.32628832005443,0.4082321427096024,0.4688571564094648,6.340224320713816e-07,3.331617680619286e-05,-26.631882075867416,0.1810497533224642,-1.162777311632494e-06,-2.1767920655381247e-06,-4.188793484603035,6.710159695491525,-0.018485475700640235,0.13596459091528212,126.70501865787928,37.478362591715,21434
107.8245366833486,0.3421367076880167,0.49004459155330904,6.678380247372937e-07,3.271627344784575e-05,-27.860556091811343,0.20210381526313137,-9.663948933708382e-07,-2.0787877872469022e-06,-0.04816980790758718,0.6839775766668375,-0.018233385889396988,0.1297362589399953,126.7085079976983,37.47817386366074,21435
107.44798787215697,0.31516234888395256,0.4876429894892439,5.43864853814061e-07,3.519959740278708e-05,-32.18273810819611,0.3461483018739573,-1.224144967758439e-06,-2.1899237231044415e-06,-2.9027355150148226,0.0020760664776169335,-0.020185310883621795,0.13476628270143987,126.70721419994298,37.47468659381059,21436
106.9586898186471,0.34029009193241627,0.45112670131261384,3.9576789219081035e-07,4.187478998289411e-05,-32.37018709793071,0.7203261544768997,-1.7581732499548444e-06,-2.455712405869593e-06,-9.314848241315637,4.600906141664058,-0.023342511706111214,0.14539020906185254,126.70397172235378,37.47318102192242,21437
107.10840141906074,0.28779343414320363,0.46285589098852903,4.0196348428287705e-07,4.2112123698051726e-05,-36.01018414752306,0.6169164784638532,-1.671998936278029e-06,-2.3779046634979874e-06,-6.859861335127819,-0.64544440512595,-0.02346924790192622,0.14004038353450235,126.70643758842904,37.47198263683672,21438
106.4144734774942,0.26341677814738956,0.4152637355422737,3.021564654486795e-07,4.618571640279141e-05,-42.4230384937276,0.5830554190816883,-2.1182996309137836e-06,-2.488478718625637e-06,-12.358657301086204,0.4051303262042225,-0.02558618841748695,0.14101503729678724,126.70483955450528,37.469765617336265,21439
107.68288688130642,0.35111592559611293,0.442012844327104,7.714718324089172e-07,2.9577199861642408e-05,-17.183455111768467,0.05968802534304607,-7.812053307195339e-07,-1.950397302791298e-06,-0.8844672282147332,15.114253825746516,-0.014878170227030795,0.12694798673339722,126.70578803824107,37.48380875851737,21440
106.98215984268492,0.4753976240196235,0.440691109600498,6.189812799513968e-07,3.164905199305584e-05,-22.979686625641968,0.17131401854775907,-1.181420900288291e-06,-2.1908950229772e-06,-6.5136734093133635,14.892233270067704,-0.016680670717769044,0.1349009724264993,126.70250507865805,37.48083151256389,21441
106.3923096130305,0.49351557789387934,0.418525634314747,5.501194766477241e-07,3.267406549287255e-05,-23.272253451834715,0.4548020796246841,-1.5545867065294741e-06,-2.449014875067009e-06,-12.443393387506873,21.71573800061571,-0.01744506769560105,0.14100445097020997,126.6982352937803,37.479768325338654,21442
106.43134376200078,0.4505219890511089,0.41223065504252243,4.3090821922791024e-07,3.802479085578578e-05,-25.029481664647996,0.43224681596724057,-1.8738342411976862e-06,-2.6328016862651188e-06,-14.79430649907465,19.409048603086628,-0.021002756680300334,0.14797591028711587,126.69854068956828,37.47697521518513,21443
106.88871650238829,0.4078396367793707,0.4482704710100288,4.833785618803826e-07,3.697915265275051e-05,-27.78634193385409,0.3763171513872199,-1.554769203372496e-06,-2.398605376259383e-06,-9.291731096609418,10.011848287790036,-0.020425120768722792,0.14396636163478746,126.70202619501492,37.47620631922906,21444
106.60531443136057,0.36174873247966755,0.42318830493544185,3.3891637255415435e-07,4.39625279941258e-05,-31.72780768529983,0.88759789858298,-2.0442533213885544e-06,-2.612101110252004e-06,-13.629361624164554,9.922026166197314,-0.024481140613430326,0.15013358574553456,126.70153094779319,37.47301138641921,21445
105.85279067990959,0.29387775334823024,0.3722058962977153,2.6522817166613644e-07,4.5467940947432774e-05,-43.5226216291768,0.7808051212288234,-2.351720347667596e-06,-2.598906216610466e-06,-18.03407199923509,7.288970754164385,-0.026464202557156175,0.1448131626908935,126.70174218856947,37.469454654473004,21446
106.06591063289497,0.5836661119587085,0.4056533429844318,5.437897248547277e-07,3.1172235030841623e-05,-16.896990660389005,1.3490576360651159,-1.7381763613607766e-06,-2.6696742999944303e-06,-16.376348477406278,36.006453611400886,-0.016326743049141643,0.1442038312525915,126.69483404621613,37.48204593719541,21447
105.5611144622456,0.530133773212326,0.33985587440618964,2.365026068953233e-07,3.9528445494299685e-05,-20.0122768858678,1.821486415522195,-2.571253189241399e-06,-3.5892246960667027e-06,-28.814156218012997,53.56292746301375,-0.024832557793781122,0.17010846192314985,126.69062932404566,37.47635873189149,21448
104.98567503125315,0.4876501748162982,0.3026470853773491,1.792587712501246e-07,3.659038408247868e-05,-30.064812341262787,2.8781308531979777,-2.6094550111761313e-06,-3.7289144003422434e-06,-33.26327194097452,65.14638227251271,-0.026235100293379422,0.18030471046753865,126.68816734269693,37.47328903992396,21449
105.68340068736137,0.4391411219908057,0.3468550766482872,2.447083152932415e-07,4.24995874339286e-05,-27.16380848050677,1.525455527490574,-2.5210216383441482e-06,-3.199211821798951e-06,-25.60989104389845,36.89178402232401,-0.025733941611141002,0.16209608509988532,126.6940311275361,37.474062581305255,21450
106.09058652739944,0.430290940713968,0.3802395366170286,3.052951087819587e-07,4.2722405126319714e-05,-26.51478089744257,1.0019492748023024,-2.3246793052334094e-06,-2.934960313901455e-06,-20.49097995450074,25.65433992902695,-0.02448790104305927,0.15613189891026913,126.69664142405678,37.4747875190257,21451
106.05783476935758,0.36303766729377374,0.3802104469897527,2.6932381470311887e-07,4.545110253117921e-05,-34.087571994665346,1.1830721866710436,-2.3679812173192768e-06,-2.788143928015603e-06,-19.34661784925811,16.603989207184014,-0.02601524993567391,0.15371528698705517,126.69904100534173,37.471885756985365,21452
105.47012444125636,0.3485220367246179,0.33701786294042335,2.378783905859821e-07,4.295225603070734e-05,-39.771611053273105,1.3075526632872236,-2.4908196613721643e-06,-2.8356838325412456e-06,-23.759195849963998,21.46664229362078,-0.02670382800915562,0.15286450311803373,126.69750605651875,37.47039123769449,21453
104.9349361894547,0.3412814864743261,0.2985341859163817,2.3288056847077588e-07,3.748376956870039e-05,-44.97359851493283,1.3192218587818125,-2.5172048422876933e-06,-2.8652819102459997e-06,-27.297553544713963,27.41808429944446,-0.026854395196967064,0.15113757401813133,126.69593885139915,37.46944290368492,21454
104.9347048037055,0.39635519846635303,0.29383393467701785,2.0692416052782835e-07,3.6672914894576755e-05,-37.88026101867958,1.9938494424906597,-2.566046796621205e-06,-3.2287159056027974e-06,-30.339122864884757,44.730151733560845,-0.026618850171425984,0.162558323402586,126.69237158317031,37.471207649397485,21455
109.145190260341,0.08285449477627133,0.61135279498833,2.903183419547817e-07,2.349226815543614e-05,-42.98741794416166,-3.227075439857047,-2.712456965633033e-07,-1.7185743653250155e-06,13.851662054848147,-19.819253741623687,-0.012782655140827265,0.06490970032105685,126.72368665566553,37.47607395902775,21456
107.37773796508623,-0.5239426605088624,0.4809354164874944,-6.102474216852973e-08,8.94718842665439e-06,-54.100868682325824,-11.059205027805751,-1.5267395555821483e-07,-1.7786673972467384e-06,15.11315833375582,-24.6984334703031,-0.003974783927095904,-0.05286661978561072,126.74937733841922,37.47854565188116,21457
109.37865224754236,-0.25240970918431577,0.7516427920922475,1.3222081684967526e-07,1.578749849441445e-05,-46.26492046182742,-3.785048575323431,-1.2089783513701307e-07,-1.4582935178803783e-06,17.024142568121807,-19.117211975577376,-0.006591815077986499,0.021578899040142777,126.73115394555708,37.483104761541625,21458
