intercept,단독주택 비율,주거인구/직장인구,소매업매출월평균변화량,개별공시지가 변화 차분평균,평균최근접정류장거리,평균최근접역거리,외식업매출월평균변화량,서비스업매출월평균변화량,서비스업매출비율,BAS_AR,x,y,BAS_ID
103.76309056222756,0.8540870544880854,0.6047709534974005,-1.1069294537200889e-07,-9.955998676916273e-05,-95.52159651115952,10.99968774426633,-3.4064832596579378e-06,-2.5453683995840826e-06,26.128369359566346,66.30911479834236,126.68913490770505,37.51870773736182,21300
103.22271923907292,0.6378742429153408,0.42984841897545356,-1.2702378317097846e-07,-9.449128807429212e-05,-98.43259899931198,10.757950408148272,-3.5736844840380362e-06,-1.8582729067837526e-06,27.955647728275444,56.99184215968863,126.69545880461988,37.52241686372307,21301
102.6941055503686,0.6141212016429198,0.15124757486383966,-6.205258873195258e-08,-7.507042041302277e-05,-100.28581185404121,10.323101270428916,-3.1253608066217523e-06,-1.6212557941567701e-06,24.265528232096145,45.38596996474999,126.70134171772969,37.52233877708572,21302
102.42951472537902,0.8139186061869124,0.2291197841568206,3.287135080030746e-08,-6.79981625868911e-05,-100.15609912441357,10.268363457443265,-2.596806778086084e-06,-1.8275568282713167e-06,22.563943233747402,46.24793728896689,126.69872979436714,37.51898140944887,21303
102.19815803785627,0.7438559548402447,0.08441691802720822,3.9332402090755504e-08,-5.1176824368949066e-05,-101.60342426796456,9.869889731708486,-2.1642497235294113e-06,-1.4796495222160604e-06,19.371453415665805,39.40380301141258,126.70341884326405,37.519318995056054,21304
101.62828249247745,0.975762436747909,0.10466911617658195,1.5191821704003254e-07,-3.956971135648099e-05,-103.6310302120213,9.551481499288311,-1.5230236792557952e-06,-1.4769153666300295e-06,17.422322353996375,36.32587407132235,126.70300423971963,37.515329100586754,21305
101.96162756625571,1.0149234404378973,0.2680717528984773,1.2218077924641765e-07,-5.987420455962345e-05,-100.61501927614661,9.92242198909676,-2.0512284862157996e-06,-1.9335978635287954e-06,20.252444914647963,45.319358895884044,126.69720548857926,37.51567898613793,21306
101.92326860433559,1.1717257639944303,0.4259213081964739,1.901940850270893e-07,-6.579784345373881e-05,-98.55515836602859,9.789181832565959,-2.0077089393409814e-06,-2.4827292972044893e-06,18.900971062497337,50.48929181100477,126.69309964043227,37.512529261238306,21307
101.436182825201,1.2739129744091233,0.3781110441733933,3.1109549897028143e-07,-5.06377091891833e-05,-98.96918668334635,9.300592375791231,-1.545405957885191e-06,-2.3952013875407988e-06,15.81780501806189,43.94403569801391,126.69463592515947,37.50972402615308,21308
100.86084640356057,1.177781434523407,0.18192959608339276,3.0733622681089346e-07,-2.956207432834168e-05,-107.07420500918958,9.094153622555103,-1.1248799832650548e-06,-1.5823366310616994e-06,15.80828067446457,31.349341114143154,126.70257157044347,37.51088024429188,21309
102.21946078193182,0.5973145465912109,0.03138828766823617,-4.0828210791972994e-08,-4.6429746331263316e-05,-102.00971300566803,9.310163257699804,-2.2473122827101096e-06,-1.3304558131855994e-06,17.046123536975315,34.98311393205858,126.70802741158735,37.5214043470635,21310
101.98160264638405,0.718332525254649,0.04127739797636104,4.979883157018931e-08,-3.751318507281266e-05,-102.66634758219979,9.383078478239039,-1.674991217845618e-06,-1.3204778591678207e-06,16.10163760037137,35.21221835568952,126.70645139187884,37.51875080500249,21311
101.50018186426358,0.8235315167950464,0.05573522039526259,1.5459223669475095e-07,-2.8651176224397522e-05,-105.64683870113635,9.284772014629084,-1.3330011335471174e-06,-1.295570856397265e-06,15.709276741973849,30.768674829086404,126.70691946411556,37.51509833713639,21312
100.59522037834556,1.2022670229664465,0.10934315179665235,3.4629348777273064e-07,-1.5377644493461758e-05,-111.27005994527873,8.897326646340959,-9.166966913985929e-07,-1.3018006803696806e-06,14.825450463301927,23.330198822233942,126.70652058482338,37.51059783447811,21313
101.88148570972656,0.5870705774514153,0.003600263945225241,-5.292286695345384e-08,-2.5049987507146374e-05,-103.30618297056469,7.780922088606621,-1.5033451118961587e-06,-1.2052570435944687e-06,10.303965984091596,28.554060039644842,126.71319259164342,37.52037539808062,21314
101.71961275840565,0.22653385936154158,-0.008542944595860105,-1.1939079113571109e-07,-9.648139752142892e-06,-103.24784609805786,5.128053783627135,-1.2330215489462587e-06,-1.1621381748677048e-06,3.922955333171724,23.8450588968735,126.71891876142693,37.52020716759903,21315
101.68657229081768,-0.03259784329321569,-0.012964105825876454,-1.8811315028289614e-07,3.0934717143210617e-06,-101.77283441959983,0.7388142495396346,-1.112946655608361e-06,-1.1604152088345513e-06,-3.6209023516311785,21.972173188343515,126.72512332161521,37.52075627781089,21316
101.7598584104204,-0.0939185518762255,-0.01328407496608483,-1.9088903837667843e-07,1.2325209220102362e-05,-99.82942960469327,-3.633099397471914,-1.0658604922137942e-06,-1.1830409644305992e-06,-10.567583311815794,20.818557331944515,126.73053373535897,37.52055707999099,21317
101.86433851700947,-0.041297322388259554,-0.012891825254389658,-1.9618486533568442e-07,1.6793248678187492e-05,-98.3813030166725,-7.816440637000164,-1.2012966697130797e-06,-1.2486116533410799e-06,-18.765455839462554,20.72343605090994,126.7361576234256,37.52074545539758,21318
101.78542172867688,-0.010226303624008745,-0.014279809118261343,-1.9515474806659269e-07,1.7412536929357074e-05,-100.45709585558865,-11.592186420660308,-1.753342168531079e-06,-1.3486142816027689e-06,-31.185256355250765,18.168989379466957,126.74321514378205,37.5219067233361,21319
101.16164726482987,0.006207019009056109,-0.016684882116471296,-9.891717940325252e-08,1.09692602476419e-05,-106.87250190039258,-13.458080238204023,-1.852727995138806e-06,-1.3395911112956747e-06,-39.418164991472246,8.929909324215405,126.7488155826459,37.520512435412016,21320
101.51698626831413,-0.009985711297679714,-0.014015236574954012,-1.213647908295417e-07,1.5448458977302154e-05,-100.61525881934375,-11.220828234889424,-1.198980771708126e-06,-1.283145161529526e-06,-28.98696125621796,17.74035536888524,126.74324183744143,37.51850596365194,21321
101.61238026792563,-0.14737864468086992,-0.01301765610986301,-1.231144881267018e-07,1.719294954399822e-05,-99.73076698115122,-7.048363346210873,-8.000352324077375e-07,-1.1641177538081502e-06,-16.501634384898622,19.43535251349568,126.73380894864344,37.51608671250486,21323
101.51065999970628,-0.08603424777106108,-0.013124379442324672,-9.316442673669135e-08,1.6662861248501228e-05,-99.95821366556325,-9.119246069030519,-7.925946163744139e-07,-1.1894502963011858e-06,-21.217334890153012,18.856914939049148,126.73735307054208,37.51538694098997,21324
101.31272534203848,-0.030465780256960416,-0.014189067947386759,-5.394745243389408e-08,1.5667815665390798e-05,-101.4442841691816,-10.54736779275083,-7.669551934343103e-07,-1.2001224684376712e-06,-24.613514139639886,16.93998031229226,126.74211095416764,37.515279842530006,21325
100.92772514518407,0.008422115744854792,-0.016529830163479815,3.886759981624034e-09,1.1237437339544829e-05,-105.10351485031998,-12.929619676048082,-1.1551018388215174e-06,-1.286540427771313e-06,-34.87034977214036,8.898412080731454,126.7485031464966,37.51560938874926,21326
101.53974674739331,-0.1722757641658906,-0.012884296880697498,-7.842317213052341e-08,1.7813583972522703e-05,-99.21838381955044,-7.3519241327646405,-6.364204149012436e-07,-1.1253951187782117e-06,-16.888679540388306,19.464715089969893,126.73357519465186,37.5129551650066,21328
101.66071031656371,-0.222095378341947,-0.013439997927545053,-1.4367037453999038e-07,1.2877188723839137e-05,-101.11721347785371,0.8447156698570832,-8.536598062381212e-07,-1.1119673262571672e-06,-3.5490224954863248,21.068059792965542,126.7248954590203,37.516428945139154,21329
101.68081825485987,-0.1990834690830289,-0.013566912918746753,-1.4391521476349987e-07,1.6799357271920025e-05,-99.68113374909584,-3.3715284324303143,-8.093185873241324e-07,-1.1314647832996965e-06,-9.999321999834233,20.16428623481842,126.72914095377996,37.51599952583299,21330
101.70687604718275,-0.22263872432078408,-0.013197129059818,-9.560495970014248e-08,1.8821324783239438e-05,-98.58214159979872,-3.5874733782620654,-6.628093522779773e-07,-1.0992896075069912e-06,-10.579711500326589,19.867171209387507,126.72896966340448,37.513023161354845,21331
101.6623276358513,-0.25734763896296436,-0.013087913576056515,-6.147635522998369e-08,1.8246142312472185e-05,-100.93960230912914,1.2326330810932284,-6.715197102708586e-07,-1.0659919916984743e-06,-3.1207977465376064,19.455068229149163,126.72456153357894,37.51284888767801,21332
101.62965263050397,-0.2771088034259463,-0.012622867936116663,-6.706333961929888e-08,1.4634366900921624e-05,-102.01350907913971,3.009705726210722,-7.696254464917695e-07,-1.080139221715939e-06,-0.20567181496355147,20.09547151869954,126.72272411487454,37.514294919956676,21333
101.07030387515498,-0.26680577674242034,0.0009238181392929607,2.1332609786681233e-07,5.6604445090834095e-06,-110.07022254873375,7.630019607306363,-7.590686625124203e-07,-1.0554150787719189e-06,9.54305561416861,15.604270436237147,126.71522085131534,37.512349271270885,21334
101.43164996667244,-0.26056838516041037,-0.012094555776998049,9.838240607992455e-08,1.9591020354076385e-05,-105.26088932222758,2.54531684037699,-5.302233489544046e-07,-1.0194593736440043e-06,-0.9063453514301605,15.715510947307498,126.72312378787706,37.51022634485727,21335
101.75409680218887,-0.22249349990253842,-0.012125303532790264,-2.416450058883477e-08,1.9851286963726094e-05,-97.67042564964302,-2.9872080715617755,-5.295792456195453e-07,-1.0603372269922258e-06,-10.002318429037256,19.730317571177785,126.72851926211857,37.51048241928701,21336
101.77858338922732,-0.20181484846774667,-0.01097859816377214,6.214118702335711e-08,2.0200660427214608e-05,-96.82674954452446,-2.905397999262116,-4.2494960622588146e-07,-1.0305874189481897e-06,-9.992781318282073,20.67473479205013,126.72887410436182,37.50824363218556,21337
101.2684945934115,-0.2177691942521815,-0.011532831911220955,2.1183918500780994e-07,2.0346052183005297e-05,-108.47950257999784,1.5895088275345945,-4.167842928993081e-07,-9.890348071442513e-07,-1.7885882831783908,12.88046053539696,126.72367451730786,37.508087894345195,21338
101.52875826883853,-0.13813490156930733,-0.012533170837235989,-1.1903709538454876e-09,1.8110882049431895e-05,-97.00274792881547,-7.650585833513672,-4.966704419245603e-07,-1.0906772672735156e-06,-17.340957384704915,20.84926363087727,126.73433203369085,37.50968150840593,21340
101.28250100003835,-0.06463669751791486,-0.014367764006938899,2.546215792841572e-08,1.6577897096857897e-05,-99.4915958415042,-9.743966830279783,-5.348061683232935e-07,-1.1344309578230988e-06,-21.085552176270955,17.56920128867653,126.73883225082633,37.51030879926104,21341
101.14851645990029,-0.017434667508710786,-0.015433879702822756,2.4253492288330846e-08,1.5167842783201692e-05,-101.28543661348051,-10.966936792712168,-6.366011315442317e-07,-1.1860247211341742e-06,-24.973029479603333,14.91908454179379,126.74248463225899,37.51182400323176,21342
101.31852874714153,0.014370778199417088,-0.014920391629201179,1.2901580848142506e-07,1.685303664023987e-05,-96.45544863782592,-9.567072912981335,-4.5134353140079223e-07,-1.121467553852588e-06,-19.855915283031116,16.65860270216897,126.73938905241498,37.50756648853063,21343
101.5480831167288,-0.10855376399566392,-0.012263432124096134,8.170336823437893e-08,1.8794945070725864e-05,-96.20177733964286,-6.946595319116923,-4.155672407951555e-07,-1.0507725037719774e-06,-15.020602871907574,22.080838095852492,126.7338759401278,37.50772954620715,21344
101.50476382437076,0.14077797640798034,-0.0143160184659037,2.378829111876433e-07,1.792656517517776e-05,-92.77067479354301,-8.454789733727381,-3.7707176647198754e-07,-1.0903747217676404e-06,-15.979358460361674,17.255287797750128,126.73829942679801,37.50524247607829,21345
101.42955710249217,0.28472419890237843,-0.015671327044864396,2.4396046986324455e-07,1.715741995230949e-05,-92.37696244355065,-9.606407642914537,-3.9395744920941537e-07,-1.1335230901415053e-06,-17.663660264296222,12.726963162809996,126.74136015694967,37.50501277134439,21346
101.79327070363385,0.8298488759308168,-0.01468662210231415,3.1786715658300937e-07,1.828100240175872e-05,-85.2040296032418,-8.812076459725095,-3.36643170683336e-07,-1.1468657495632084e-06,-12.822526032282724,10.104674671446656,126.74164138803316,37.50199786241285,21347
101.73280407754038,0.44268309488517404,-0.014076979283320155,3.9539764207592547e-07,1.856451913171508e-05,-87.33937650206512,-7.32900111212603,-3.2244362165845697e-07,-1.088934462387802e-06,-12.064752125581762,13.93097499527987,126.73801933246972,37.502251746191796,21348
102.08816524715405,0.8936882181632312,-0.013039612590015872,4.681528844201238e-07,1.9659117999652204e-05,-81.42627426905221,-6.7126901763986115,-2.880675406230087e-07,-1.1199088117863883e-06,-6.767895689236362,6.530394359965966,126.73773032874193,37.49913638917341,21349
102.21384517966214,0.8837093658970749,-0.012188680068940238,3.049454739989914e-07,1.9508731856965527e-05,-77.65277270270559,-8.048705288933194,-3.0001849894570187e-07,-1.1757832650203724e-06,-7.824793470859182,5.733524713217244,126.74125844589769,37.49897505789148,21350
101.62136639580679,-0.02837327128128027,-0.012162432788060201,2.2931855276546185e-07,1.90532313746397e-05,-93.66499397156504,-6.1499884562331415,-3.5809455951117456e-07,-1.0322234393709691e-06,-13.315204567703553,21.965384614203007,126.73384158447207,37.50545989278808,21351
101.62134273263447,0.18537287219086052,-0.013307838586867824,4.5172276591689564e-07,1.925698806838003e-05,-92.79171431956432,-5.259923920876103,-3.05485383293148e-07,-1.014666914056931e-06,-9.697497983004027,17.13423768898467,126.73355031757578,37.50247742264862,21352
101.71782292170043,0.7512529139557824,-0.016942190559854454,6.31704894592801e-07,1.9725972034373645e-05,-91.14005951037862,-5.34733573926426,-2.808553529489498e-07,-1.0315791016320489e-06,-5.307255300970994,6.366325737842671,126.7332555918207,37.49941078769118,21353
100.84878286926323,-0.19204999271158116,-0.012933027582608019,3.920593058029717e-07,2.0340380043731794e-05,-114.87740583428476,0.5564163087274037,-3.2390645660590967e-07,-9.561945789465488e-07,-1.3288217158855096,8.51971210121409,126.72335723816101,37.506101199065874,21354
101.59729706960988,-0.16874143582954582,-0.010914708644360022,2.533689659596112e-07,2.051231134665629e-05,-99.91119972185595,-2.473654148075943,-3.384979545979269e-07,-9.87820974614991e-07,-7.75243327559572,19.061817764226422,126.72839182561799,37.505781506408944,21355
101.33696589695938,-0.06761462310031181,-0.014606233665524802,5.134891678751712e-07,2.029672939954612e-05,-104.14679473360388,-2.58721163555587,-2.859752796787056e-07,-9.530529903092089e-07,-5.046235634772232,15.287082204499997,126.72816675135655,37.50283688323916,21356
100.63450639426159,-0.14088325611759925,-0.018088013669766652,5.967437354354165e-07,2.0462997764961637e-05,-117.3798371113567,-1.431239384332672,-2.7059723181392456e-07,-9.304081909749372e-07,-1.1996075611873454,6.121313907908551,126.72400061951048,37.5035218880192,21357
100.16850511023966,-0.11703909162342198,-0.02661333742754039,7.38293878541687e-07,2.0091899436121117e-05,-123.30929218710793,-2.2070806400938747,-2.564262640231245e-07,-9.130697466222971e-07,-0.07458989496350377,2.069440486970189,126.72294689379429,37.50268173515215,21358
100.43200560136094,0.09678452712462586,-0.05061979545803669,9.591740981157495e-07,2.0424071349896135e-05,-118.3728542456941,-3.7480220311351653,-2.605701945858824e-07,-8.99926120404847e-07,1.0509875726017968,-1.1001311839192418,126.72364014682157,37.50006989086598,21359
101.25245431042396,0.2409077525434216,-0.02623538585541593,7.817084784577977e-07,2.0458161750413993e-05,-104.63990245562078,-3.8490396709481285,-2.767607266358716e-07,-9.455762226119915e-07,-1.8049896265057535,5.585151502337549,126.72789212345697,37.49975562666252,21360
99.80989892985512,1.5288547360279547,0.1413566822677098,5.683657159698785e-07,-2.232978357592567e-06,-114.66263043483767,8.192723765659398,-6.022270862433738e-07,-1.3506056672240577e-06,12.187757172583106,15.98458816377502,126.70625897179377,37.50751514282017,21361
99.3093877931258,1.599556671252708,0.1633247940869655,7.607161109832409e-07,5.639045908629808e-06,-115.10583795568553,7.536524895676083,-4.690237854008078e-07,-1.4346362921939063e-06,9.752330689616763,11.098060099163362,126.70603903400313,37.505428800513634,21362
98.37407711715294,0.676908407704513,0.00333597356350597,8.071295472639416e-07,1.2421680670308224e-05,-133.82387001581455,5.7875175032695045,-3.437802938403777e-07,-1.0172601814948935e-06,7.436792083191474,-1.1236258313107097,126.71172592855608,37.505935087045756,21363
98.57926834727084,-0.24160163389571435,-0.02653738671540453,7.455889031602492e-07,1.6156583740531772e-05,-141.72614693540714,2.1200102809899293,-2.9969888726104555e-07,-8.866241307648919e-07,3.441954329670571,-4.018989088350295,126.7172762651082,37.505896698687394,21364
98.14084801349873,-0.17910896411388574,-0.053779429413138666,8.598230170978255e-07,1.7121770293956134e-05,-149.12339303529768,-1.5484441680435863,-2.375111330357568e-07,-8.454845154882603e-07,1.8092294879375164,-7.108861615381404,126.71852583137303,37.50397113772221,21365
99.4912743680676,-0.1870060289682557,-0.02408952489226518,6.744440409727991e-07,1.8950039880753647e-05,-132.9329063908777,-0.7020816606729752,-2.63925904229884e-07,-8.941915781981631e-07,1.0720277896474961,-0.780551949874221,126.72078037435098,37.50460855291769,21366
101.1342089174688,1.3417600724144025,0.3650626321255307,4.294646712588685e-07,-3.792684838337063e-05,-99.0472586551615,8.971312685402761,-1.281030073613062e-06,-2.3856880516864286e-06,13.570096618288591,39.72564014662218,126.69610854079217,37.50761086235353,21367
101.94354917767465,1.5202847962719954,0.4384119076880103,4.91052334335854e-07,-3.732701216502895e-05,-89.51507876223678,9.190883609169976,-1.4579265695579308e-06,-2.8741801623705335e-06,11.540453575118747,45.904659924152284,126.6927399380419,37.505830653325894,21368
100.2360709749878,1.4372250066737995,0.2739264991553459,5.698980870603183e-07,-1.3592270222137802e-05,-106.56181526445255,8.414701750484575,-7.991683013040738e-07,-1.8403143585837988e-06,12.106342904342188,25.71648941724337,126.70152751391542,37.50659199812723,21369
100.14392528748871,1.3649509489106078,0.3211725835253365,9.121675080765869e-07,7.395882508075724e-06,-96.93960595749276,7.6623590593089155,-5.872880921139841e-07,-2.04117869363627e-06,7.344773194818599,18.017937462202088,126.70162443649025,37.502897928765144,21370
101.89237807928905,1.5049738258194816,0.4473228913339183,7.46459647150214e-07,-9.455338008615756e-06,-82.32371758102309,8.773245260367494,-1.1588669720539944e-06,-2.9402738759913536e-06,7.475406117394286,39.35468618731479,126.69520502609744,37.50286720183397,21371
104.87939710590891,0.3608967933092462,0.06131022440627665,1.0024806276003478e-06,4.96927152951105e-05,4.385563117158101,2.131518656218172,-9.859549797691055e-07,-2.3432287011337326e-06,-7.573945178188151,63.09645706442574,126.70027029496818,37.488367611917496,21374
99.1450834247864,0.8400581244840105,0.19526131575409744,1.1091426309990349e-06,1.661643178572423e-05,-99.7506006509399,5.825678619430024,-3.444151086719267e-07,-1.666668491997823e-06,4.13681113464861,2.4540634560872405,126.7055160291966,37.50116515207217,21376
96.25800459670842,0.3110531126506879,-0.28656566078019907,1.1775615465600597e-06,1.4567473190870044e-05,-155.32966649771387,-0.04543804241489635,-2.240221041641033e-07,-1.113336749364515e-06,1.5919324718514147,-18.80391643170515,126.71217894136385,37.50126040269885,21377
97.72699010608713,0.11384545528469255,-0.17169439319321594,1.1600347092667776e-06,1.7237712724471748e-05,-149.74662767095128,-4.546552337542277,-2.1734611346284e-07,-8.943576226069999e-07,0.9870753539120845,-15.451105146845023,126.71819686460479,37.50113120429761,21378
99.33554048218372,0.010739363375995237,-0.07404153817644908,1.0341266627569327e-06,1.9262217531831957e-05,-131.49809321684376,-4.218344696407037,-2.4173786671120744e-07,-9.00608052193645e-07,1.1221442816566354,-7.9492755430638145,126.72111409037743,37.50083427122422,21379
100.55243534451516,-0.4164890499318626,0.18557287904502567,1.3423382566996123e-06,2.4316273342566672e-05,-56.1347026577209,3.510556721840691,-3.3769561699035197e-07,-1.879952014401442e-06,-0.7859328249587172,0.17104783336104035,126.70516062378178,37.49703809190434,21380
102.56369831865767,-0.7141580835848298,0.12056062668742779,1.5048843038067704e-06,3.208663855938627e-05,-23.173719520985472,1.3303161461735882,-3.545631689792763e-07,-1.9010480954230074e-06,-3.24281832083733,8.475806924454005,126.70532290652942,37.49391420914386,21382
104.38568731148519,-0.3553866241199174,0.08940980358388867,1.468997345649757e-06,4.149898699569424e-05,1.6280401612052415,1.8185309721027179,-5.370255534173444e-07,-2.0770842069584738e-06,-4.790676771353695,36.349858384624625,126.70343711948699,37.491455364876344,21383
105.054195386297,-0.386735943137302,0.11349647297365911,1.875060295864784e-06,4.083578802313081e-05,-11.50436668590397,-1.9803163369927441,-3.327625690882609e-07,-1.7109918155273107e-06,1.6219474275308379,17.033859458212554,126.70804895244628,37.48990519005655,21384
105.31823551047461,-0.07622573197199771,0.07677459869740991,1.459893009962047e-06,4.5737563887584486e-05,-2.806743146560427,-0.1911483655456402,-5.507114022124728e-07,-1.9116471233153038e-06,-1.0330367206801014,41.07966685617886,126.70529541862562,37.48856165373939,21385
101.34031213339011,0.15142635703800222,-0.06282715751144136,1.725538935199144e-06,2.391336144656252e-05,-94.8579463814819,-6.622291169227189,-2.3526747634819718e-07,-1.0470589871711361e-06,5.862595177416887,-25.63266852316014,126.71815353389549,37.495301000194544,21387
101.71774250724161,0.7057192369758252,-0.04226582484167074,1.4048369576699037e-06,2.3475615675021386e-05,-96.59717859397617,-5.063260310756762,-2.5800975354085417e-07,-1.019269320772128e-06,5.919249610840385,-12.490829942423066,126.72141188147769,37.49621834155759,21388
104.75714311947542,-0.4014573084611929,0.338439288889659,1.546956238961927e-06,3.011798032387348e-05,-58.93958128241918,-3.652765747823329,-2.295288925186647e-07,-1.134096649401742e-06,11.823819977741442,-5.5935218078298625,126.72114311621687,37.492424428814545,21389
101.38482393395341,0.6644293980959339,-0.05374790869795884,1.168959315424463e-06,2.2164415771166502e-05,-103.71517730711585,-4.420566365557508,-2.691363071287567e-07,-9.660848899725798e-07,3.822171336825871,-4.693949116002544,126.72357971401394,37.49748128892882,21390
102.23399447651809,0.8393680460839522,-0.017322642429927218,1.0144594231130553e-06,2.3167544027764275e-05,-91.28860095535389,-3.980889655133944,-2.748620379139234e-07,-1.0183485549858627e-06,3.496304733676914,2.37191760755708,126.72692259680042,37.496846043488155,21391
102.89088439391139,0.9409975139763684,0.003554565968735407,9.292793524033346e-07,2.4174370652280785e-05,-80.67348333560963,-4.101038419310557,-2.6831386224748707e-07,-1.0744530471437145e-06,4.4820364947434435,3.559033759802489,126.72898380458236,37.49556769359233,21392
103.06769991745608,0.34847344985336015,0.04731965484516573,1.2781852511299087e-06,2.5786150560147683e-05,-80.50266219269524,-3.8437985281501046,-2.6564040690150863e-07,-1.075115056504301e-06,7.504394782897087,-2.5025811095724695,126.72421092572307,37.49512308307309,21393
104.4743678301922,-0.15890187504568573,0.2570470339054449,1.2580242590957e-06,2.8756587748364776e-05,-64.38109120073331,-2.8556829889122155,-2.482955690769219e-07,-1.112943325785436e-06,10.862491493347262,2.7492974069734686,126.72424638400412,37.4931416557936,21394
104.88026617523263,-0.18115961312747825,0.27034651753776473,1.0427528248579003e-06,2.957321568562053e-05,-58.2086040258289,-2.83539662016751,-2.4441700847299586e-07,-1.1687807244973499e-06,11.04437888627302,5.484374125271534,126.72662171464519,37.49224769081569,21395
104.11898124681473,0.10238293089762374,0.09501673468434957,9.221506717166142e-07,2.772087418793495e-05,-64.77208780737286,-3.9341136152647573,-2.5433504188849415e-07,-1.1744977373557558e-06,8.334373178577177,7.145303328444239,126.72875070019806,37.49315576902194,21396
102.63442891331096,0.9765171656349958,-0.008128817748575469,6.568811482417552e-07,2.232492008372315e-05,-78.00413224485538,-5.595613255367701,-2.6630234739903853e-07,-1.1277136971982396e-06,0.8480126007294544,1.495217642497769,126.7335285600955,37.4958943330368,21397
102.70501236591511,0.5755216609196847,-0.00513728207133592,2.383748623097176e-07,2.117532107647781e-05,-70.71746761431265,-7.502291354751668,-2.7423749067352137e-07,-1.2142694637214034e-06,-1.9643939682792242,0.7603758666850755,126.73938802007658,37.495544531644576,21398
103.91288899049363,0.22465895305454134,0.0676183032891121,6.734853582020302e-07,2.6462694901059172e-05,-64.4542510702594,-4.848210265222367,-2.518467980158137e-07,-1.1974195326751815e-06,6.927068808148952,5.017285153458447,126.73172652454332,37.492965960231075,21399
104.15575545484106,0.0299118177808384,0.09016830432104499,3.766267960860454e-07,2.6954702607248477e-05,-59.55664752215414,-5.871196966933089,-2.468029368918151e-07,-1.253555335439016e-06,7.363157036412353,0.9149759002794848,126.73385536785966,37.4916385116362,21400
103.84847551715126,-0.02231565406290628,0.06443662129292178,1.384362106901687e-07,2.53758438946651e-05,-58.948924165809785,-7.663011384888403,-2.5356975457279695e-07,-1.2997618160335137e-06,5.55835005963397,-4.369144528979994,126.73805315071594,37.491102177440354,21401
103.65769786097326,-0.09929417801178136,0.049906139904194624,6.313263090728577e-08,2.4471338322648742e-05,-58.61687069780453,-8.8714574126039,-2.624118924840881e-07,-1.3305889587761867e-06,4.214221047308895,-9.694145040825854,126.74135212742111,37.490648494906665,21402
105.08192679742899,-0.10965024081638308,0.2770579570791613,3.3913216274739006e-07,2.9671161307861258e-05,-51.08609936691041,-5.341137936644433,-2.3414151965237398e-07,-1.2942625664170333e-06,10.683638453689355,-5.579468925690504,126.73270623097748,37.48953454642509,21403
106.12059157976536,-0.4566232623366926,0.49822004571131373,1.279015331448881e-06,3.306855558299862e-05,-44.995616091473316,-2.207184091215116,-2.1784306491088263e-07,-1.2155924698775631e-06,14.01197073997606,-3.7825829540552744,126.72350279514926,37.49037966390614,21404
106.12650258902644,-0.28277087856601946,0.2220950227388633,2.049800685472068e-06,4.1553876050318964e-05,-16.258482977183178,-3.817222202557934,-2.525981635248328e-07,-1.6057082521988626e-06,7.447703620922939,-0.915717587855374,126.71190655939117,37.48827801913773,21405
106.48076201415735,-0.22951160815096192,0.5454114106706694,8.183944327463868e-07,3.377533621560986e-05,-41.11069872378839,-2.7610003130332195,-2.120242098329148e-07,-1.2914843250224794e-06,14.382635219873002,-10.718546550538097,126.72737099803639,37.48833961691259,21406
107.00886343560471,-0.4532152449809244,0.5952800730433082,1.2585002296941939e-06,3.54527591897842e-05,-36.88378273319981,-1.7422970847578556,-1.9668848496436258e-07,-1.2761885571248237e-06,15.430817042560417,-10.896181507747507,126.72347860560502,37.48862329371838,21407
107.1220124705651,-0.4950763916038563,0.5064567018631152,1.6670261213402858e-06,3.7660500135542466e-05,-30.533752413157476,-2.992876741725184,-1.8525826542536786e-07,-1.3648000981187172e-06,14.58222073271125,-15.793720225652965,126.71952945056313,37.48791378424038,21408
106.86822798478211,-0.2826989349757922,0.3665522326320213,1.9570362078961395e-06,3.974932858983052e-05,-24.38154150354176,-3.7726973240639134,-2.0160636516242795e-07,-1.4856569823583663e-06,12.480337984553548,-15.778414509578448,126.71629369822541,37.48732526129932,21409
107.18752533600387,-0.10615030197682518,0.2967277431332416,1.951746768825762e-06,4.396872391392911e-05,-18.71492791285296,-2.923785836660139,-2.629243652505231e-07,-1.6470068084735338e-06,11.60579057989273,-16.55939072018313,126.7150936484797,37.48495080379566,21410
106.89071245628992,-0.03714816192063697,0.23262300972679306,1.9479456606974796e-06,4.568732666895962e-05,-15.635160804554836,-2.455830078494949,-3.5589120385043205e-07,-1.71741554355559e-06,9.427754444335697,-9.585689378745661,126.71307511862561,37.48456806462932,21411
106.6447030153625,0.12415922794187378,0.18898874245637742,1.6378459914649557e-06,4.876200813401448e-05,-13.55451044938428,-1.8098327093249045,-5.216394613402395e-07,-1.8361153290385594e-06,6.674746355946898,-0.6121899730516187,126.71107141143118,37.48336660569243,21412
106.38408872055372,0.2513831045601473,0.16959239416241073,1.4023936589324617e-06,4.9611180622483506e-05,-13.522200774243904,-1.5433982960334642,-6.186468350476746e-07,-1.8848187040707914e-06,4.878201203513406,5.644222100193012,126.70971286325026,37.48297866441356,21413
105.89750806143428,-0.14555952697619057,0.48166578917914105,3.172022850939003e-07,3.183215195654724e-05,-44.473129508206256,-4.62187938780043,-2.2063383350260721e-07,-1.3289967370680636e-06,13.267212667052172,-11.635276105837429,126.73181557540234,37.48800429388356,21414
104.90658023255163,-0.20256706650873868,0.26516241829488013,9.673264000942866e-08,2.9028814654259708e-05,-50.186571263781495,-7.500580510427911,-2.38687937918284e-07,-1.3602016357528025e-06,10.216525319898205,-13.613243507221327,126.73690993644202,37.48783076844946,21415
104.22362199960591,-0.31030261254012914,0.17514948508680744,-6.129526010592247e-09,2.6568241343695944e-05,-51.677779705719004,-10.229912849830495,-2.6313437786868893e-07,-1.4528290367434836e-06,7.894681177406779,-21.5341014740561,126.74507215985545,37.485964873332115,21416
103.16038679470802,-0.6415459769425331,-0.06479069565071671,-9.830393204293885e-08,1.5771892831286004e-05,-53.24799980692748,-14.418407280281816,-1.6980215319720155e-07,-1.8930113646224841e-06,9.930702283399564,-35.33375852538484,126.75471685962937,37.47834825661552,21417
104.17008014889393,-0.4073160899198798,0.22525221698620485,-5.8683643832137807e-08,2.6120707478245368e-05,-49.49624264613011,-11.52257801193295,-2.7116521963972484e-07,-1.5880190306544813e-06,9.43034654054188,-26.260860846706386,126.74898561442397,37.48287241987407,21418
104.76145132226456,-0.3127940410241786,0.2787739662192623,-2.2817898104656804e-09,2.872180666683542e-05,-48.870072245849016,-9.625510837767647,-2.5001658189661566e-07,-1.4587736572869173e-06,10.299438296387425,-22.021061949820744,126.74284871939717,37.4848722982534,21419
105.40465591533358,-0.2960373388495128,0.4196326238887056,1.9309956060805297e-08,3.093149285065795e-05,-45.43530378914002,-8.610101535269965,-2.3575387287823726e-07,-1.4555241910209866e-06,12.63945966912369,-21.68199070211023,126.7394528724412,37.4844016726677,21420
105.8901493132676,-0.28969264771578007,0.5046214698550329,3.6580609638872575e-08,3.2519403538482535e-05,-42.89557263747574,-7.761610302124962,-2.2526163179405718e-07,-1.4498155301386132e-06,13.993990679585208,-21.327413115668712,126.73705790909489,37.484080234448285,21421
105.23337603224516,-0.3263389454413312,0.4019692882095403,-1.4015579057461937e-08,3.0619392633091044e-05,-45.4823357505208,-9.669546290250938,-2.424625287196876e-07,-1.518556991512322e-06,12.703651241022495,-24.375901722100124,126.74284618265462,37.48274526216631,21422
105.65893707174732,-0.32632343269790587,0.4773276153329057,-1.8690902190499795e-08,3.2341688338856814e-05,-43.28568461130372,-9.342579448396682,-2.331224347209746e-07,-1.534964217776802e-06,14.200963061894658,-25.08658670741368,126.74165449694242,37.48161073619528,21423
107.54585699431371,-0.4153244129316249,0.5587151603578874,1.3170761854282818e-06,3.817633735115375e-05,-30.670730021814947,-2.245631779757009,-1.8461047688571884e-07,-1.3880063470441081e-06,15.609311856381623,-19.31025757839264,126.72237107261779,37.486114291215785,21424
107.22207901663648,-0.21022362984260767,0.627587403229767,7.722445400650291e-07,3.5974926723948765e-05,-35.50615359121416,-2.5168920070795435,-1.9476933650239516e-07,-1.3477750098943032e-06,15.834179348683822,-16.82303998135164,126.7269117548157,37.48644460274113,21425
106.2940726494314,-0.1932755123285268,0.5431686114867738,2.1203288543924668e-07,3.333301111089625e-05,-41.306435345845784,-5.285731308369709,-2.1439058158305539e-07,-1.3754707521073049e-06,14.309548960849064,-16.97707600534459,126.73217724483142,37.48605426770212,21426
105.45257439747823,-0.24883861701418145,0.4166722175748667,7.569408133681436e-08,3.0752057201127135e-05,-45.8781045243467,-7.392469387466308,-2.3121421010811247e-07,-1.4016205204803555e-06,12.39178087110661,-17.596128796318517,126.7365898540276,37.48621821910901,21427
107.36976466336225,-0.14416886910472282,0.3364575153322954,1.7867344437045543e-06,4.329917526216475e-05,-22.655464770591912,-2.7642874712987897,-2.5132126709571323e-07,-1.616530201540747e-06,12.954535766950421,-21.57335851612659,126.717177750415,37.48376835344411,21428
107.7850978348599,-0.22626636178420545,0.43322743105632056,1.4399533775467944e-06,4.2596735186817996e-05,-26.146476999838175,-2.656154974215039,-2.0831652169931123e-07,-1.572934269484673e-06,14.806180709376784,-23.813494127066495,126.72024756764228,37.48294006904674,21429
107.96569990737171,-0.2609555071131273,0.5348354849187507,1.1578966534471483e-06,4.1003591995891165e-05,-28.405862815027866,-2.4944044030036716,-1.844932212443529e-07,-1.5046978093222365e-06,15.948695137408976,-23.393550845794334,126.72278842554158,37.48324345251364,21430
107.75298582311069,-0.16198716896081067,0.5931306455457005,5.984300058798874e-07,3.919943759153328e-05,-31.588520552171666,-3.3942189714145545,-1.866575490869921e-07,-1.4706609555810088e-06,16.451370318004884,-23.04802561085471,126.72638403027585,37.48279103909148,21431
107.09709921454605,0.1579851105292901,0.24969269564959623,1.5958015015493477e-06,4.8817415954128526e-05,-19.723350944031786,-1.9915205353344583,-4.695675142101539e-07,-1.8117329378181757e-06,9.754840151019692,-16.588063646270285,126.7148430739005,37.48080919841136,21432
106.06626923709112,0.45347620020033697,0.15399665506381982,1.061079471726225e-06,5.227622223732273e-05,-13.875720880779074,-1.2004054373864852,-8.151215821759774e-07,-2.015498521398798e-06,1.8223697206707934,12.954385016925256,126.70758047376522,37.48169871570618,21433
105.81293286256718,0.44514324681057743,0.15005087235610426,7.805714306869993e-07,5.8919775779505715e-05,-15.359820741545029,-0.8749231940181099,-1.186323111084064e-06,-2.2744794996800513e-06,-2.381472164608776,15.715965900098697,126.70501865787928,37.478362591715,21434
106.3120897178189,0.39808617397440194,0.18158403890714842,9.051062405376812e-07,5.785388816900324e-05,-16.172805213883258,-0.9371186654559551,-1.0005156078222263e-06,-2.1513126969651355e-06,1.5126228037876248,3.1779800154983633,126.7085079976983,37.47817386366074,21435
106.03134006435032,0.35614068444841546,0.174108258548269,7.462383672866278e-07,6.177898966068876e-05,-20.082003806359506,-0.7651259156655654,-1.2401279354803179e-06,-2.264596711962654e-06,-0.7534119922539149,2.7478232172854753,126.70721419994298,37.47468659381059,21436
105.61356132004298,0.3751366974917304,0.12005501125221718,5.945127409736422e-07,7.137808208861248e-05,-20.307623526097395,-0.425819876186301,-1.7350712596347696e-06,-2.5578567755138874e-06,-6.369369881968253,11.800027614685948,126.70397172235378,37.47318102192242,21437
105.79331173935768,0.3279310751417448,0.13706159734574375,5.974560670492853e-07,7.157902972692077e-05,-23.55943629306761,-0.5480125357526591,-1.6549359663227478e-06,-2.464737891760695e-06,-3.98696488350481,1.8849792520009352,126.70643758842904,37.47198263683672,21438
105.13097077426403,0.30459737763592026,0.0675851377371593,5.396176525047275e-07,7.875350727871248e-05,-30.37755123501595,-0.7206711433741217,-2.067910216961101e-06,-2.603508273917066e-06,-8.818949448105581,3.895297688123854,126.70483955450528,37.469765617336265,21439
105.84032307046697,0.4504028917150285,0.10977254870428943,1.0708122095660318e-06,5.2615849709558246e-05,-8.463720142836655,-1.0838200931626694,-8.34756447504759e-07,-2.0665678509716064e-06,-0.5270259188971504,28.91647343099793,126.70578803824107,37.48380875851737,21440
105.35748978714858,0.5102119341673614,0.1085006045261188,7.94754346246929e-07,5.6619016294086205e-05,-12.951855724601792,-0.765534841148789,-1.2099934815845241e-06,-2.31871520288539e-06,-5.020626375056178,31.898744382093405,126.70250507865805,37.48083151256389,21441
104.81606004413962,0.5203170823703692,0.07200453956662244,7.395078411315421e-07,5.9237501137868374e-05,-13.436541040876264,-0.3267546470908149,-1.562068772554251e-06,-2.60925736341835e-06,-10.339346970125042,42.84414855060602,126.6982352937803,37.479768325338654,21442
104.96931673561451,0.4779190316042674,0.06485659702899904,6.325637117405825e-07,6.690886576567187e-05,-14.345436871627154,-0.5808009316293723,-1.850631059112219e-06,-2.782777319383059e-06,-11.943043592630573,40.28848111173305,126.69854068956828,37.47697521518513,21443
105.45370491084901,0.44054810835972175,0.1179011251672875,6.777551360673205e-07,6.461469092404587e-05,-16.35772714076398,-0.6648411079642651,-1.5506985368941987e-06,-2.5142407743565923e-06,-6.773739240771805,22.15225480384802,126.70202619501492,37.47620631922906,21444
105.25199610828345,0.39382862248645917,0.07842248107011578,5.54152273721889e-07,7.495282590972403e-05,-20.158393809162202,-0.3124277780814144,-2.0000083077891434e-06,-2.736008416792312e-06,-10.314458973326747,22.120450894866536,126.70153094779319,37.47301138641921,21445
104.52575315416212,0.3326400473222232,0.002805603820915256,5.320719220867975e-07,7.969946219276575e-05,-32.5262831617333,-0.6467819163439179,-2.283252107895651e-06,-2.7452150535698353e-06,-14.086126511490951,16.878132478065215,126.70174218856947,37.469454654473004,21446
104.38822864904617,0.598759853823153,0.04186231211893196,7.216046699044263e-07,5.784310876823457e-05,-8.537488472856646,0.8687146191583177,-1.7466499052138528e-06,-2.8820913402648814e-06,-14.495188515894903,63.6454406325217,126.69483404621613,37.48204593719541,21447
103.97795558853147,0.5443567257556329,-0.06802558568635256,4.822118833737595e-07,7.245239412744321e-05,-12.532482456552632,0.502699891134438,-2.4945835273329228e-06,-3.823523110344051e-06,-24.969061523730733,87.06597042701323,126.69062932404566,37.47635873189149,21448
103.35232734965274,0.5115918319780073,-0.14621923057546057,4.462509028871789e-07,7.011603613633715e-05,-24.74541651323584,1.1446815258544283,-2.524977626016122e-06,-3.9744389448193666e-06,-28.931713857039774,92.07391247939594,126.68816734269693,37.47328903992396,21449
104.1933436325227,0.46239934212544753,-0.04582124950596568,4.966669996505125e-07,7.602912879762246e-05,-18.356259573677885,0.11824161014926604,-2.4442076131779475e-06,-3.3948841344013705e-06,-21.654256362368486,68.00123021094232,126.6940311275361,37.474062581305255,21450
104.65238185257829,0.4557550291997475,0.012445898314724618,5.373684342893166e-07,7.470390208988041e-05,-16.36640886337349,-0.2286477923435708,-2.263654363245985e-06,-3.103024139282341e-06,-16.90415031196835,51.361162040442636,126.69664142405678,37.4747875190257,21451
104.67875073664905,0.39435769896943024,0.011810514751238649,5.16176642759528e-07,7.87333121128929e-05,-23.509792901395024,-0.17696509596114351,-2.298786391968273e-06,-2.940847978630855e-06,-15.525162615053745,34.610131009668365,126.69904100534173,37.471885756985365,21452
104.05505569933118,0.3821174097954178,-0.055554128369316086,5.123412570872815e-07,7.7819230928733e-05,-30.34329813639267,-0.23819235224464652,-2.4124097876678774e-06,-3.0141877979421035e-06,-19.573324500854824,42.84856261012029,126.69750605651875,37.47039123769449,21453
103.47722798031751,0.3772212821294896,-0.11600312219248599,5.239269616379535e-07,7.303521655884769e-05,-36.719925639562035,-0.37070058298210995,-2.438042438421007e-06,-3.0672475262755537e-06,-22.88484434359856,51.88377462800692,126.69593885139915,37.46944290368492,21454
103.39524360336085,0.42585120212337796,-0.1355272082887065,4.854665326521338e-07,7.147862659285579e-05,-30.93626366320765,0.2659791619472962,-2.4843215534060123e-06,-3.4486236381225715e-06,-25.953003814603495,74.66406213619264,126.69237158317031,37.471207649397485,21455
107.42122037087181,0.2100297130992112,0.3800030023067849,4.881527383794598e-07,4.6473393382049e-05,-30.624480496730513,-4.5294370174384495,-3.46391719167055e-07,-1.720262559374695e-06,14.393041019655325,-25.914581723110533,126.72368665566553,37.47607395902775,21456
104.63188140853288,-0.5097712708863531,0.26153377286544943,-8.477912598682218e-08,2.7991546380511036e-05,-45.88704653544985,-12.20824604786541,-2.3556244059850303e-07,-1.7834163641004166e-06,14.450275071173278,-30.009636531532504,126.74937733841922,37.47854565188116,21457
107.13661278654003,-0.2391699707582372,0.6248677229071447,1.6578690928715146e-07,3.655199615340413e-05,-35.92336384810994,-5.267874792493516,-1.994648126268146e-07,-1.4523154340815152e-06,16.35979991020385,-22.036458035359793,126.73115394555708,37.483104761541625,21458
